date,return,sentiment
1986-01-31,0.16743565062246693,0.0
1986-02-07,0.21539147051452487,0.0
1986-02-14,0.23795905341399815,0.0
1986-02-21,0.23673272394621667,0.0
1986-02-28,0.24067719931597606,1.0
1986-03-07,0.2397079540178489,1.0
1986-03-14,0.2466614658686032,0.0
1986-03-21,0.259522136614448,0.0
1986-03-28,0.2915558652903281,0.0
1986-04-04,0.30304103517326414,2.0
1986-04-11,0.32540346213931215,0.0
1986-04-18,0.3166544068782543,1.0
1986-04-25,0.2860516806929062,0.0
1986-05-02,0.25571768304661385,1.0
1986-05-09,0.19411814818528714,1.0
1986-05-16,0.16384763122937943,0.0
1986-05-23,0.0,0.0
1986-05-30,0.19198031511619001,2.0
1986-06-06,0.0,0.0
1986-06-13,0.0,0.0
1986-06-20,0.0,0.0
1986-06-27,0.14461099290129584,1.0
1986-07-04,0.0,2.0
1986-07-11,0.13701583868497375,2.0
1986-07-18,0.1401255440296537,2.0
1986-07-25,0.21423253738102166,0.0
1986-08-01,0.22848025775232728,2.0
1986-08-08,0.2972020730059604,0.0
1986-08-15,0.0,0.0
1986-08-22,0.23554844724603408,2.0
1986-08-29,0.21631156165186755,0.0
1986-09-05,0.09275438731580485,0.0
1986-09-12,0.09193204863557876,0.0
1986-09-19,0.0,0.0
1986-09-26,0.11262096882028523,1.0
1986-10-03,0.0,0.0
1986-10-10,0.0,0.0
1986-10-17,0.11361183932771012,2.0
1986-10-24,0.1058576265536804,1.0
1986-10-31,0.11911356453302462,2.0
1986-11-07,0.13440692748791042,0.0
1986-11-14,0.12588933633320884,0.0
1986-11-21,0.12094741557231989,1.0
1986-11-28,0.10105052045500343,1.0
1986-12-05,0.04893173487550391,0.0
1986-12-12,0.04907876370117354,0.0
1986-12-19,0.06878091665040058,0.0
1986-12-26,0.07467251746575938,0.0
1987-01-02,0.07865429971780274,0.0
1987-01-09,0.08008495148129433,0.0
1987-01-16,0.07169039026205717,2.0
1987-01-23,0.05825671696588035,2.0
1987-01-30,0.04644999441826074,0.0
1987-02-06,0.0,1.0
1987-02-13,0.042828074417433575,2.0
1987-02-20,0.0,1.0
1987-02-27,0.0693819148652822,0.0
1987-03-06,0.09667618938447446,2.0
1987-03-13,0.1015520745269058,1.0
1987-03-20,0.0,0.0
1987-03-27,0.08626291249792561,0.0
1987-04-03,0.0,1.0
1987-04-10,0.033968581934582624,0.0
1987-04-17,0.03857680423414142,1.0
1987-04-24,0.03972431418948819,1.0
1987-05-01,0.04038702394275709,1.0
1987-05-08,0.04094637303874743,2.0
1987-05-15,0.035753397078935045,2.0
1987-05-22,0.0,1.0
1987-05-29,0.03873882242622091,1.0
1987-06-05,0.03926417748028459,2.0
1987-06-12,0.037314153572644254,1.0
1987-06-19,0.0,0.0
1987-06-26,0.037589483614256895,0.0
1987-07-03,0.0,2.0
1987-07-10,0.043963029080040864,2.0
1987-07-17,0.050521095867517754,0.0
1987-07-24,0.0,2.0
1987-07-31,0.07174688215973948,2.0
1987-08-07,0.08250537605609386,0.0
1987-08-14,0.08289136447565813,0.0
1987-08-21,0.08430300888539458,0.0
1987-08-28,0.07050820501217227,2.0
1987-09-04,0.058121107421514905,0.0
1987-09-11,0.05737306400445574,0.0
1987-09-18,0.05054927571901333,0.0
1987-09-25,0.05273815942943311,2.0
1987-10-02,0.04998007040618733,0.0
1987-10-09,0.0503936562022574,0.0
1987-10-16,0.046993621086165165,1.0
1987-10-23,0.050738233756618886,1.0
1987-10-30,0.050607347648282196,0.0
1987-11-06,0.04859305234376319,1.0
1987-11-13,0.05025019730850867,2.0
1987-11-20,0.048341973643034226,2.0
1987-11-27,0.0615977856534063,0.0
1987-12-04,0.06138741030793312,0.0
1987-12-11,0.06553232798271656,0.0
1987-12-18,0.09538046595131963,0.0
1987-12-25,0.12869112075479944,1.0
1988-01-01,0.13784239289505562,1.0
1988-01-08,0.14973607210643913,0.0
1988-01-15,0.1471411501764697,2.0
1988-01-22,0.0,2.0
1988-01-29,0.0945669247613918,1.0
1988-02-05,0.07142822122638948,0.0
1988-02-12,0.0,1.0
1988-02-19,0.0,0.0
1988-02-26,0.058218087421358256,0.0
1988-03-04,0.07192832503876498,1.0
1988-03-11,0.07618359079622834,0.0
1988-03-18,0.08999621732081148,0.0
1988-03-25,0.09498978619057638,0.0
1988-04-01,0.0,1.0
1988-04-08,0.0,0.0
1988-04-15,0.08879048849027642,1.0
1988-04-22,0.0,0.0
1988-04-29,0.08148778901389357,0.0
1988-05-06,0.100098568248118,1.0
1988-05-13,0.08046172947685878,1.0
1988-05-20,0.07388888466385496,1.0
1988-05-27,0.0,1.0
1988-06-03,0.0426042509489694,1.0
1988-06-10,0.04499058596791991,2.0
1988-06-17,0.057148829130062515,2.0
1988-06-24,0.05998782730271272,0.0
1988-07-01,0.06952795269151067,0.0
1988-07-08,0.08105711806396733,0.0
1988-07-15,0.0,2.0
1988-07-22,0.0,2.0
1988-07-29,0.0,0.0
1988-08-05,0.12937325698985322,2.0
1988-08-12,0.11705659282975873,1.0
1988-08-19,0.0,2.0
1988-08-26,0.06764365996793073,2.0
1988-09-02,0.0,0.0
1988-09-09,0.05317824414505523,1.0
1988-09-16,0.0,2.0
1988-09-23,0.0,1.0
1988-09-30,0.0,1.0
1988-10-07,0.12384958491544121,0.0
1988-10-14,0.12462802448777262,1.0
1988-10-21,0.13254137622511858,0.0
1988-10-28,0.0,0.0
1988-11-04,0.0,0.0
1988-11-11,0.1466361921432101,2.0
1988-11-18,0.1297089593795382,0.0
1988-11-25,0.10792224041327483,0.0
1988-12-02,0.1449859717713297,2.0
1988-12-09,0.14657606597685918,2.0
1988-12-16,0.0,2.0
1988-12-23,0.1466431226435947,0.0
1988-12-30,0.1244373177517708,0.0
1989-01-06,0.0,1.0
1989-01-13,0.12290622807825975,2.0
1989-01-20,0.0,0.0
1989-01-27,0.09773307000424611,1.0
1989-02-03,0.09962445734999947,2.0
1989-02-10,0.09794430910784603,0.0
1989-02-17,0.0,0.0
1989-02-24,0.07556617084876785,2.0
1989-03-03,0.06504546721174509,1.0
1989-03-10,0.0,0.0
1989-03-17,0.07034638857377372,2.0
1989-03-24,0.08483642465183991,1.0
1989-03-31,0.09386952254030112,0.0
1989-04-07,0.1054097727512783,1.0
1989-04-14,0.10493699931549631,1.0
1989-04-21,0.11756123180189326,0.0
1989-04-28,0.0,1.0
1989-05-05,0.1862323919494662,0.0
1989-05-12,0.18917366731968963,2.0
1989-05-19,0.0,2.0
1989-05-26,0.12237930244816957,1.0
1989-06-02,0.1307315047080063,1.0
1989-06-09,0.12500876738266847,0.0
1989-06-16,0.13119395945038897,2.0
1989-06-23,0.11913004390967781,1.0
1989-06-30,0.1065620636538878,2.0
1989-07-07,0.10768058928428596,1.0
1989-07-14,0.0,1.0
1989-07-21,0.08149782367529687,2.0
1989-07-28,0.09317820649968425,0.0
1989-08-04,0.09157733082363233,2.0
1989-08-11,0.08093053248310564,2.0
1989-08-18,0.07960779033974702,1.0
1989-08-25,0.05780842765044521,1.0
1989-09-01,0.053016736651161286,1.0
1989-09-08,0.05085876792765844,1.0
1989-09-15,0.04997681910689761,1.0
1989-09-22,0.04667051815988135,0.0
1989-09-29,0.04768124617631432,1.0
1989-10-06,0.047864527416657046,1.0
1989-10-13,0.0,1.0
1989-10-20,0.05003223489989245,2.0
1989-10-27,0.048044137240931296,1.0
1989-11-03,0.047327111054120005,0.0
1989-11-10,0.04746550229863,2.0
1989-11-17,0.0,2.0
1989-11-24,0.0,0.0
1989-12-01,0.05749282937868647,0.0
1989-12-08,0.0,0.0
1989-12-15,0.06004535530154638,1.0
1989-12-22,0.07532144610105758,2.0
1989-12-29,0.07672291402818412,0.0
1990-01-05,0.092944183624466,0.0
1990-01-12,0.11990813225451755,1.0
1990-01-19,0.0,2.0
1990-01-26,0.0,1.0
1990-02-02,0.16013360204639587,1.0
1990-02-09,0.14208244067689868,0.0
1990-02-16,0.13499128095552257,1.0
1990-02-23,0.10639809863400536,2.0
1990-03-02,0.07261622835148011,1.0
1990-03-09,0.0,1.0
1990-03-16,0.06824909551030825,1.0
1990-03-23,0.06768409677200242,0.0
1990-03-30,0.060913093830122986,1.0
1990-04-06,0.0,1.0
1990-04-13,0.08856354991452103,0.0
1990-04-20,0.10273311772585617,1.0
1990-04-27,0.12700672393165158,1.0
1990-05-04,0.13601074994898937,2.0
1990-05-11,0.12824506717051115,0.0
1990-05-18,0.0,1.0
1990-05-25,0.1176533038336955,2.0
1990-06-01,0.16187966898814524,0.0
1990-06-08,0.0,1.0
1990-06-15,0.16378731974054606,1.0
1990-06-22,0.16323127486935776,1.0
1990-06-29,0.1332592860786836,1.0
1990-07-06,0.0,1.0
1990-07-13,0.12183672349113059,1.0
1990-07-20,0.12256758193882471,1.0
1990-07-27,0.11117728435135951,2.0
1990-08-03,0.1321797870526117,0.0
1990-08-10,0.2579832524503577,2.0
1990-08-17,0.2655633935148538,2.0
1990-08-24,0.2709161413454234,0.0
1990-08-31,0.0,2.0
1990-09-07,0.0,1.0
1990-09-14,0.2016729753628327,1.0
1990-09-21,0.2000880203795571,0.0
1990-09-28,0.16479974180403595,0.0
1990-10-05,0.1792176675453959,2.0
1990-10-12,0.1871237965412533,2.0
1990-10-19,0.20497004226756593,2.0
1990-10-26,0.28382780643289474,1.0
1990-11-02,0.2869084824922404,1.0
1990-11-09,0.2901183896495312,0.0
1990-11-16,0.2900006421934479,1.0
1990-11-23,0.0,0.0
1990-11-30,0.0,1.0
1990-12-07,0.2178784605322702,2.0
1990-12-14,0.20101463659216753,1.0
1990-12-21,0.0,0.0
1990-12-28,0.0,0.0
1991-01-04,0.1350855471259797,1.0
1991-01-11,0.0,0.0
1991-01-18,0.2830727533437837,2.0
1991-01-25,0.47435331864372426,2.0
1991-02-01,0.5005917493374891,2.0
1991-02-08,0.0,0.0
1991-02-15,0.39306015538800315,2.0
1991-02-22,0.21500650200157137,0.0
1991-03-01,0.1628827050312749,2.0
1991-03-08,0.0,0.0
1991-03-15,0.16713206829260036,1.0
1991-03-22,0.0,0.0
1991-03-29,0.1218686063349001,1.0
1991-04-05,0.10946076458173774,2.0
1991-04-12,0.0,1.0
1991-04-19,0.08697502756136603,0.0
1991-04-26,0.0,0.0
1991-05-03,0.07395929336742689,2.0
1991-05-10,0.07002194060359998,0.0
1991-05-17,0.06832748036973409,1.0
1991-05-24,0.0,0.0
1991-05-31,0.05766101971303833,0.0
1991-06-07,0.05839631339335777,1.0
1991-06-14,0.0544302419971737,1.0
1991-06-21,0.0,1.0
1991-06-28,0.0,0.0
1991-07-05,0.0,1.0
1991-07-12,0.04360563839184557,1.0
1991-07-19,0.04712707725552927,1.0
1991-07-26,0.05645117576803149,0.0
1991-08-02,0.058931236027005784,1.0
1991-08-09,0.05676140408997547,1.0
1991-08-16,0.05046275973614282,0.0
1991-08-23,0.07464356770957947,1.0
1991-08-30,0.07787014925089034,0.0
1991-09-06,0.0799741188068201,0.0
1991-09-13,0.08125862034893755,1.0
1991-09-20,0.057463341130024936,0.0
1991-09-27,0.039955354756315356,1.0
1991-10-04,0.03631530228577233,1.0
1991-10-11,0.036819555298256854,1.0
1991-10-18,0.04142862562276671,0.0
1991-10-25,0.0,0.0
1991-11-01,0.05145030878801145,0.0
1991-11-08,0.05299022871972954,1.0
1991-11-15,0.05335828587299246,1.0
1991-11-22,0.055507278978812045,1.0
1991-11-29,0.0715190499220764,2.0
1991-12-06,0.07868387949968042,0.0
1991-12-13,0.08595118893064305,2.0
1991-12-20,0.08707576402433412,0.0
1991-12-27,0.08434617620339499,0.0
1992-01-03,0.0,1.0
1992-01-10,0.08462884775355159,2.0
1992-01-17,0.0,0.0
1992-01-24,0.08590254190623724,2.0
1992-01-31,0.08936167473760956,2.0
1992-02-07,0.07817502265855004,0.0
1992-02-14,0.06772080131466472,2.0
1992-02-21,0.0875440537784118,0.0
1992-02-28,0.08525272500617438,2.0
1992-03-06,0.0,0.0
1992-03-13,0.08286821036025557,1.0
1992-03-20,0.0,1.0
1992-03-27,0.052298907028361166,2.0
1992-04-03,0.05095308066787918,1.0
1992-04-10,0.057143090363932426,1.0
1992-04-17,0.05935904358669575,0.0
1992-04-24,0.05475919480336673,2.0
1992-05-01,0.0,1.0
1992-05-08,0.051266344381500406,1.0
1992-05-15,0.04514926396697899,1.0
1992-05-22,0.04852012727030278,0.0
1992-05-29,0.0,1.0
1992-06-05,0.06589417775451827,2.0
1992-06-12,0.0,0.0
1992-06-19,0.06222760611775463,1.0
1992-06-26,0.04042658726172498,2.0
1992-07-03,0.04223924812228217,1.0
1992-07-10,0.04355310073986695,1.0
1992-07-17,0.044889425714167173,1.0
1992-07-24,0.04270857895445042,0.0
1992-07-31,0.035223668859709255,1.0
1992-08-07,0.035062145287942305,2.0
1992-08-14,0.035292956624404945,2.0
1992-08-21,0.033641929401622014,2.0
1992-08-28,0.04844521712237846,0.0
1992-09-04,0.047794321140415194,0.0
1992-09-11,0.04585426931894935,1.0
1992-09-18,0.04858350577070149,1.0
1992-09-25,0.035951403085078756,0.0
1992-10-02,0.0,0.0
1992-10-09,0.034812076823494006,1.0
1992-10-16,0.031403554577878245,2.0
1992-10-23,0.03459972617122821,0.0
1992-10-30,0.037908125783206924,2.0
1992-11-06,0.04403906516112043,1.0
1992-11-13,0.05063024794269529,0.0
1992-11-20,0.05081997731112957,0.0
1992-11-27,0.05184574894254282,0.0
1992-12-04,0.0544549007916571,0.0
1992-12-11,0.0,2.0
1992-12-18,0.06032633023084143,2.0
1992-12-25,0.0,2.0
1993-01-01,0.0,0.0
1993-01-08,0.0,1.0
1993-01-15,0.052873316469016704,1.0
1993-01-22,0.05718209716699356,0.0
1993-01-29,0.07807148675853148,1.0
1993-02-05,0.08076535592514303,2.0
1993-02-12,0.07794362059729024,0.0
1993-02-19,0.07578125187351475,2.0
1993-02-26,0.0687412302580499,0.0
1993-03-05,0.055968641262311616,0.0
1993-03-12,0.0,1.0
1993-03-19,0.05840620766400777,0.0
1993-03-26,0.059826202289269347,1.0
1993-04-02,0.057294724729599546,2.0
1993-04-09,0.05165196189128286,0.0
1993-04-16,0.04879521677957926,2.0
1993-04-23,0.03709202242550765,2.0
1993-04-30,0.0,1.0
1993-05-07,0.039210482480365336,1.0
1993-05-14,0.0,0.0
1993-05-21,0.0,1.0
1993-05-28,0.04666738226556001,2.0
1993-06-04,0.04486009681348208,1.0
1993-06-11,0.047745735596695496,0.0
1993-06-18,0.04817879750435915,0.0
1993-06-25,0.0,2.0
1993-07-02,0.052533762318989985,0.0
1993-07-09,0.06306494309964723,0.0
1993-07-16,0.06687671213109755,2.0
1993-07-23,0.08139611168378626,0.0
1993-07-30,0.08506260959765725,0.0
1993-08-06,0.07733150693697821,0.0
1993-08-13,0.07321368752018383,0.0
1993-08-20,0.060061595903033546,2.0
1993-08-27,0.05618782716012678,1.0
1993-09-03,0.061878132553284906,0.0
1993-09-10,0.06819313673381588,1.0
1993-09-17,0.06639193873390739,0.0
1993-09-24,0.07559050855127078,0.0
1993-10-01,0.0821472366757,2.0
1993-10-08,0.07799989054317649,1.0
1993-10-15,0.0,1.0
1993-10-22,0.06021614790864025,1.0
1993-10-29,0.0,0.0
1993-11-05,0.0,1.0
1993-11-12,0.07905780317257727,1.0
1993-11-19,0.0,2.0
1993-11-26,0.08376904114116997,1.0
1993-12-03,0.0,2.0
1993-12-10,0.08199489759169168,2.0
1993-12-17,0.0,1.0
1993-12-24,0.08411818761972101,0.0
1993-12-31,0.08191125623422284,0.0
1994-01-07,0.08400590269654111,1.0
1994-01-14,0.09759047804453332,2.0
1994-01-21,0.10213629692199737,0.0
1994-01-28,0.09984343376183086,0.0
1994-02-04,0.0,1.0
1994-02-11,0.0,1.0
1994-02-18,0.08579914615669523,1.0
1994-02-25,0.0897788615611859,2.0
1994-03-04,0.0,0.0
1994-03-11,0.08611589592115056,0.0
1994-03-18,0.07721233712879358,0.0
1994-03-25,0.07629273015741404,2.0
1994-04-01,0.09849899869276507,0.0
1994-04-08,0.11323281344505107,0.0
1994-04-15,0.0,2.0
1994-04-22,0.11433689267811338,2.0
1994-04-29,0.11035528659259557,1.0
1994-05-06,0.09333284668548045,0.0
1994-05-13,0.0,0.0
1994-05-20,0.09362374959884669,1.0
1994-05-27,0.0,2.0
1994-06-03,0.0788206417791012,2.0
1994-06-10,0.07577262244714564,2.0
1994-06-17,0.08344518641176471,2.0
1994-06-24,0.08982780335540685,1.0
1994-07-01,0.09104443508108948,0.0
1994-07-08,0.0,2.0
1994-07-15,0.0,2.0
1994-07-22,0.07543384608781463,0.0
1994-07-29,0.071411070841776,0.0
1994-08-05,0.07427696164870098,0.0
1994-08-12,0.07452311528818548,0.0
1994-08-19,0.08398858653502966,0.0
1994-08-26,0.09631527115625277,0.0
1994-09-02,0.09599701908813851,1.0
1994-09-09,0.08944301934168555,1.0
1994-09-16,0.07883289358867836,1.0
1994-09-23,0.0,1.0
1994-09-30,0.06157937351685634,1.0
1994-10-07,0.0644242609936672,0.0
1994-10-14,0.0678594286345249,0.0
1994-10-21,0.06453922885269729,0.0
1994-10-28,0.060909109490367284,1.0
1994-11-04,0.061389054684159915,1.0
1994-11-11,0.05816488749754626,0.0
1994-11-18,0.06336644243518672,1.0
1994-11-25,0.0,1.0
1994-12-02,0.0,0.0
1994-12-09,0.0,0.0
1994-12-16,0.06712800414244044,1.0
1994-12-23,0.06358793992128381,1.0
1994-12-30,0.06210384871358261,1.0
1995-01-06,0.0,0.0
1995-01-13,0.047238957735299215,2.0
1995-01-20,0.055729744073608437,1.0
1995-01-27,0.0,2.0
1995-02-03,0.07224254646737481,1.0
1995-02-10,0.0,2.0
1995-02-17,0.06106708602244052,1.0
1995-02-24,0.052467177686768326,1.0
1995-03-03,0.0,0.0
1995-03-10,0.0,1.0
1995-03-17,0.04575226673417349,1.0
1995-03-24,0.0,0.0
1995-03-31,0.0,1.0
1995-04-07,0.0,0.0
1995-04-14,0.0544868109238317,1.0
1995-04-21,0.06418754839359317,0.0
1995-04-28,0.06089905993011937,0.0
1995-05-05,0.06330006593179666,1.0
1995-05-12,0.06872308581244839,0.0
1995-05-19,0.06046272710456306,0.0
1995-05-26,0.0,1.0
1995-06-02,0.0,0.0
1995-06-09,0.05237665463472768,1.0
1995-06-16,0.04306029998699098,2.0
1995-06-23,0.0,1.0
1995-06-30,0.05184332703936499,0.0
1995-07-07,0.0,0.0
1995-07-14,0.05965654745674489,1.0
1995-07-21,0.05146735003773937,0.0
1995-07-28,0.046306387015101313,2.0
1995-08-04,0.04317257851000556,1.0
1995-08-11,0.04117966299384229,0.0
1995-08-18,0.045341787569329134,1.0
1995-08-25,0.05700142882716357,0.0
1995-09-01,0.0,2.0
1995-09-08,0.12920783640165667,1.0
1995-09-15,0.12908301786776039,0.0
1995-09-22,0.0,0.0
1995-09-29,0.0,1.0
1995-10-06,0.0,1.0
1995-10-13,0.0,1.0
1995-10-20,0.0,0.0
1995-10-27,0.0,1.0
1995-11-03,0.0,1.0
1995-11-10,0.035358256475959735,2.0
1995-11-17,0.030718154197034296,1.0
1995-11-24,0.043879506622079824,1.0
1995-12-01,0.0,1.0
1995-12-08,0.04964703591998117,1.0
1995-12-15,0.05512343581254013,1.0
1995-12-22,0.05986714480209308,1.0
1995-12-29,0.05639256465767406,1.0
1996-01-05,0.05788966105364772,2.0
1996-01-12,0.06953649276636557,0.0
1996-01-19,0.08203576617910957,1.0
1996-01-26,0.0907553140136607,0.0
1996-02-02,0.0,0.0
1996-02-09,0.0,2.0
1996-02-16,0.09104908317411269,0.0
1996-02-23,0.1313290603957134,1.0
1996-03-01,0.15168769708061008,1.0
1996-03-08,0.15355246286998192,0.0
1996-03-15,0.1539491137887054,0.0
1996-03-22,0.15845059553017865,1.0
1996-03-29,0.1407043024939126,0.0
1996-04-05,0.0,0.0
1996-04-12,0.0,1.0
1996-04-19,0.0,2.0
1996-04-26,0.12459174146555399,0.0
1996-05-03,0.14587662798401013,1.0
1996-05-10,0.1390497877436338,0.0
1996-05-17,0.0,0.0
1996-05-24,0.0,1.0
1996-05-31,0.0,0.0
1996-06-07,0.1229286181868561,2.0
1996-06-14,0.1219975479152465,0.0
1996-06-21,0.0,2.0
1996-06-28,0.0,0.0
1996-07-05,0.08901977055617015,0.0
1996-07-12,0.0,0.0
1996-07-19,0.07822846194776104,1.0
1996-07-26,0.08184713432923904,1.0
1996-08-02,0.08751950400495076,2.0
1996-08-09,0.08692128329918462,0.0
1996-08-16,0.08530561882943588,1.0
1996-08-23,0.08117408331940094,1.0
1996-08-30,0.0,1.0
1996-09-06,0.08996289537974421,1.0
1996-09-13,0.09002374806089795,1.0
1996-09-20,0.0,0.0
1996-09-27,0.0,1.0
1996-10-04,0.0,1.0
1996-10-11,0.09158167895428594,1.0
1996-10-18,0.08409064654671043,2.0
1996-10-25,0.08351679592293178,0.0
1996-11-01,0.0,0.0
1996-11-08,0.08848255698324461,0.0
1996-11-15,0.08683075265950764,2.0
1996-11-22,0.0,2.0
1996-11-29,0.12665362623915424,0.0
1996-12-06,0.13299886521219575,2.0
1996-12-13,0.13638093765847997,2.0
1996-12-20,0.14548204689664435,2.0
1996-12-27,0.0,0.0
1997-01-03,0.1082690052981401,1.0
1997-01-10,0.103625912150386,1.0
1997-01-17,0.0,0.0
1997-01-24,0.08308095139623936,1.0
1997-01-31,0.07615665056211918,0.0
1997-02-07,0.07958532298948935,0.0
1997-02-14,0.07973553487750658,1.0
1997-02-21,0.07985077452049275,0.0
1997-02-28,0.08525726278123329,0.0
1997-03-07,0.08503094421849362,1.0
1997-03-14,0.0,1.0
1997-03-21,0.09974208111433244,1.0
1997-03-28,0.10069536528971978,1.0
1997-04-04,0.10070732196378913,2.0
1997-04-11,0.0911351686722492,1.0
1997-04-18,0.0,2.0
1997-04-25,0.07489111108796456,0.0
1997-05-02,0.07208771780798759,0.0
1997-05-09,0.07324664234726044,0.0
1997-05-16,0.08870708731519535,1.0
1997-05-23,0.08989197106251959,0.0
1997-05-30,0.0,1.0
1997-06-06,0.09702913093452566,0.0
1997-06-13,0.0,2.0
1997-06-20,0.0,1.0
1997-06-27,0.0787164079635091,2.0
1997-07-04,0.081794526847626,1.0
1997-07-11,0.0,1.0
1997-07-18,0.0,1.0
1997-07-25,0.0,1.0
1997-08-01,0.08872739780511538,1.0
1997-08-08,0.08451067191818147,0.0
1997-08-15,0.0722964389633228,1.0
1997-08-22,0.059776233889722266,1.0
1997-08-29,0.0,1.0
1997-09-05,0.05073121346231708,1.0
1997-09-12,0.0,0.0
1997-09-19,0.04048404676348771,1.0
1997-09-26,0.04083303907598512,1.0
1997-10-03,0.058268913180613426,2.0
1997-10-10,0.08728467761536052,2.0
1997-10-17,0.09547142429433185,1.0
1997-10-24,0.0,1.0
1997-10-31,0.0,1.0
1997-11-07,0.08613986316908626,1.0
1997-11-14,0.07850062838529151,2.0
1997-11-21,0.07566267265635987,1.0
1997-11-28,0.0,1.0
1997-12-05,0.0,2.0
1997-12-12,0.0,2.0
1997-12-19,0.0,1.0
1997-12-26,0.0,1.0
1998-01-02,0.05774331894019885,1.0
1998-01-09,0.062313174058790596,1.0
1998-01-16,0.05984255275521856,0.0
1998-01-23,0.0,2.0
1998-01-30,0.10513447661381312,2.0
1998-02-06,0.0,2.0
1998-02-13,0.0,2.0
1998-02-20,0.11924707580070823,0.0
1998-02-27,0.0,2.0
1998-03-06,0.08478690172762143,1.0
1998-03-13,0.08710219548388687,2.0
1998-03-20,0.10547320352521557,0.0
1998-03-27,0.0,1.0
1998-04-03,0.1774621670047632,1.0
1998-04-10,0.18009305020941352,2.0
1998-04-17,0.17261575813434638,2.0
1998-04-24,0.1490773868965385,1.0
1998-05-01,0.0,2.0
1998-05-08,0.22990959790683343,0.0
1998-05-15,0.0,0.0
1998-05-22,0.22753787604207032,1.0
1998-05-29,0.14253997706040097,1.0
1998-06-05,0.133343907308276,2.0
1998-06-12,0.0,0.0
1998-06-19,0.17134822618220508,1.0
1998-06-26,0.22120212849922413,1.0
1998-07-03,0.0,2.0
1998-07-10,0.0,2.0
1998-07-17,0.0,1.0
1998-07-24,0.13730413934605892,2.0
1998-07-31,0.0,1.0
1998-08-07,0.10709454695067402,1.0
1998-08-14,0.11319915129342117,0.0
1998-08-21,0.0,2.0
1998-08-28,0.0,1.0
1998-09-04,0.1095177416697402,0.0
1998-09-11,0.10837268844385703,0.0
1998-09-18,0.10388939819892865,2.0
1998-09-25,0.0,1.0
1998-10-02,0.09622444899505038,1.0
1998-10-09,0.09178370980132977,0.0
1998-10-16,0.0,0.0
1998-10-23,0.0,0.0
1998-10-30,0.11052449928549066,2.0
1998-11-06,0.0,1.0
1998-11-13,0.09809058690614862,0.0
1998-11-20,0.10164600849139978,0.0
1998-11-27,0.12278535273778092,0.0
1998-12-04,0.14740619750082332,1.0
1998-12-11,0.0,0.0
1998-12-18,0.17438000943079354,0.0
1998-12-25,0.0,1.0
1999-01-01,0.17802756491033808,0.0
1999-01-08,0.18646993010193627,1.0
1999-01-15,0.0,2.0
1999-01-22,0.12853628265468534,1.0
1999-01-29,0.13112749249875877,2.0
1999-02-05,0.1228118491742219,1.0
1999-02-12,0.10568906953940485,1.0
1999-02-19,0.10581183981046072,0.0
1999-02-26,0.10306962173837272,1.0
1999-03-05,0.0,2.0
1999-03-12,0.11213268107518308,2.0
1999-03-19,0.11554854989932024,0.0
1999-03-26,0.10707673410814914,1.0
1999-04-02,0.0,1.0
1999-04-09,0.0989768358447361,0.0
1999-04-16,0.09256927785393534,0.0
1999-04-23,0.09664701059137874,0.0
1999-04-30,0.0,2.0
1999-05-07,0.08470883769654367,0.0
1999-05-14,0.08617852241022612,1.0
1999-05-21,0.09316673073685403,2.0
1999-05-28,0.09847686628203502,0.0
1999-06-04,0.10441924445120543,0.0
1999-06-11,0.10357462472955184,0.0
1999-06-18,0.0,0.0
1999-06-25,0.10078508954749528,1.0
1999-07-02,0.1007282191190249,2.0
1999-07-09,0.0,0.0
1999-07-16,0.08492037288545794,1.0
1999-07-23,0.0883352704794084,1.0
1999-07-30,0.085335566675387,2.0
1999-08-06,0.08380544664295339,0.0
1999-08-13,0.08162243980375587,2.0
1999-08-20,0.0,2.0
1999-08-27,0.06266341784861403,0.0
1999-09-03,0.0685266652409231,0.0
1999-09-10,0.07553979473474333,0.0
1999-09-17,0.0,0.0
1999-09-24,0.07955848570322957,1.0
1999-10-01,0.0,2.0
1999-10-08,0.075662781734712,0.0
1999-10-15,0.0,0.0
1999-10-22,0.12321267521580907,0.0
1999-10-29,0.13166075934170202,1.0
1999-11-05,0.0,0.0
1999-11-12,0.09736561231849043,1.0
1999-11-19,0.10077736321406935,0.0
1999-11-26,0.0,1.0
1999-12-03,0.0,1.0
1999-12-10,0.0,2.0
1999-12-17,0.0,1.0
1999-12-24,0.0,0.0
1999-12-31,0.0,1.0
2000-01-07,0.08623035294095732,0.0
2000-01-14,0.0879532747776262,1.0
2000-01-21,0.10218020828739657,2.0
2000-01-28,0.0,0.0
2000-02-04,0.13618258644653886,1.0
2000-02-11,0.1350015665414655,0.0
2000-02-18,0.12297982258297964,1.0
2000-02-25,0.09724449376654076,0.0
2000-03-03,0.07502174302428637,0.0
2000-03-10,0.10345205953228523,2.0
2000-03-17,0.0,0.0
2000-03-24,0.139849672353691,1.0
2000-03-31,0.1418446520399153,2.0
2000-04-07,0.12030956487797724,0.0
2000-04-14,0.11865953703222576,1.0
2000-04-21,0.0,1.0
2000-04-28,0.0,0.0
2000-05-05,0.0,0.0
2000-05-12,0.12830470574120661,0.0
2000-05-19,0.12015990346200656,0.0
2000-05-26,0.11180785043972388,2.0
2000-06-02,0.11184958440262671,2.0
2000-06-09,0.11226126529756489,1.0
2000-06-16,0.11895662585799964,0.0
2000-06-23,0.11714581730550669,0.0
2000-06-30,0.14199126343493945,1.0
2000-07-07,0.14706548476629147,0.0
2000-07-14,0.0,1.0
2000-07-21,0.0,1.0
2000-07-28,0.0,2.0
2000-08-04,0.0,0.0
2000-08-11,0.0,0.0
2000-08-18,0.11569242465356896,0.0
2000-08-25,0.10240438884687435,0.0
2000-09-01,0.11680372860142874,0.0
2000-09-08,0.10855990134028794,2.0
2000-09-15,0.12063528938967301,0.0
2000-09-22,0.1356688281560589,0.0
2000-09-29,0.0,2.0
2000-10-06,0.15149326410060837,0.0
2000-10-13,0.15394374740963296,0.0
2000-10-20,0.16008537172619713,1.0
2000-10-27,0.1397266490504619,2.0
2000-11-03,0.13300919750890944,0.0
2000-11-10,0.0,1.0
2000-11-17,0.0,0.0
2000-11-24,0.0,2.0
2000-12-01,0.08830902667149607,2.0
2000-12-08,0.0,0.0
2000-12-15,0.14508301858756395,0.0
2000-12-22,0.1757830530069367,2.0
2000-12-29,0.19051594648413178,1.0
2001-01-05,0.1774710930510085,1.0
2001-01-12,0.16588881826087884,0.0
2001-01-19,0.16344682209249095,1.0
2001-01-26,0.0,0.0
2001-02-02,0.12138830292380438,2.0
2001-02-09,0.0,1.0
2001-02-16,0.0,0.0
2001-02-23,0.1111320961196224,0.0
2001-03-02,0.09466571733525274,2.0
2001-03-09,0.07696347583380152,0.0
2001-03-16,0.07578153538806828,0.0
2001-03-23,0.0,1.0
2001-03-30,0.08742790701623816,1.0
2001-04-06,0.09304106666148615,0.0
2001-04-13,0.09436945407763132,0.0
2001-04-20,0.09610074786847893,0.0
2001-04-27,0.12053049339322375,2.0
2001-05-04,0.0,1.0
2001-05-11,0.0,2.0
2001-05-18,0.0,1.0
2001-05-25,0.10621062602502893,2.0
2001-06-01,0.08182177582327047,0.0
2001-06-08,0.07397836954856492,0.0
2001-06-15,0.07307666343431443,1.0
2001-06-22,0.07914259111988468,0.0
2001-06-29,0.08086530981944444,1.0
2001-07-06,0.09126340283877143,2.0
2001-07-13,0.0,0.0
2001-07-20,0.0,0.0
2001-07-27,0.09622631692136421,0.0
2001-08-03,0.08648225475374367,1.0
2001-08-10,0.08234689667173087,2.0
2001-08-17,0.076109076230008,1.0
2001-08-24,0.0,1.0
2001-08-31,0.15100506818095738,1.0
2001-09-07,0.1481048488358743,2.0
2001-09-14,0.1495015487913827,1.0
2001-09-21,0.15510151611442136,1.0
2001-09-28,0.20002396325291052,2.0
2001-10-05,0.20262416951869783,2.0
2001-10-12,0.20467526757073234,0.0
2001-10-19,0.2013741085535286,0.0
2001-10-26,0.10165083379011883,2.0
2001-11-02,0.0,0.0
2001-11-09,0.10382633928103806,1.0
2001-11-16,0.15122141584881926,2.0
2001-11-23,0.1911796583451535,0.0
2001-11-30,0.0,0.0
2001-12-07,0.0,0.0
2001-12-14,0.20216382199124378,0.0
2001-12-21,0.0,1.0
2001-12-28,0.16982997155778848,2.0
2002-01-04,0.16657724024690734,1.0
2002-01-11,0.1626180404531722,0.0
2002-01-18,0.16190395198522012,0.0
2002-01-25,0.15315254087542865,1.0
2002-02-01,0.12445958118066602,1.0
2002-02-08,0.11374229720936602,2.0
2002-02-15,0.11297899320693887,2.0
2002-02-22,0.10953419239159065,1.0
2002-03-01,0.11609591595748081,1.0
2002-03-08,0.11238913836938651,1.0
2002-03-15,0.10140680237605597,0.0
2002-03-22,0.09432455528617713,1.0
2002-03-29,0.0736697620502949,1.0
2002-04-05,0.07368339938945058,1.0
2002-04-12,0.08939527972920816,1.0
2002-04-19,0.12128365494033355,1.0
2002-04-26,0.12213437072611874,1.0
2002-05-03,0.11859530452322342,1.0
2002-05-10,0.11246474540568038,1.0
2002-05-17,0.08616176416375787,1.0
2002-05-24,0.08816026623739417,1.0
2002-05-31,0.10923181137135618,0.0
2002-06-07,0.10587939502221455,1.0
2002-06-14,0.10050531430994085,1.0
2002-06-21,0.09866142606846402,1.0
2002-06-28,0.08038751270152793,1.0
2002-07-05,0.06711114100031823,1.0
2002-07-12,0.07084004897994067,2.0
2002-07-19,0.06347791446274184,1.0
2002-07-26,0.07195912827038854,1.0
2002-08-02,0.07431220236047742,1.0
2002-08-09,0.07789303631124408,1.0
2002-08-16,0.08586900947352898,1.0
2002-08-23,0.07881426197713778,1.0
2002-08-30,0.07888188058588191,2.0
2002-09-06,0.08743927143762033,1.0
2002-09-13,0.08412948533182814,1.0
2002-09-20,0.08645659886652075,1.0
2002-09-27,0.09051382794510335,1.0
2002-10-04,0.0771883857286173,1.0
2002-10-11,0.06966181766076329,1.0
2002-10-18,0.06362343905254128,2.0
2002-10-25,0.06869379829613621,2.0
2002-11-01,0.07304240787630091,1.0
2002-11-08,0.07690014486649502,1.0
2002-11-15,0.07942635529984164,1.0
2002-11-22,0.0839073910161235,1.0
2002-11-29,0.08721559822461955,1.0
2002-12-06,0.08742098303455215,1.0
2002-12-13,0.08450803820045767,1.0
2002-12-20,0.09360211045374228,1.0
2002-12-27,0.09570378789648398,1.0
2003-01-03,0.10254788802072641,1.0
2003-01-10,0.11744356009222849,1.0
2003-01-17,0.11334219962939715,1.0
2003-01-24,0.10638783882024025,1.0
2003-01-31,0.12606021006306295,1.0
2003-02-07,0.11274006634148784,1.0
2003-02-14,0.107825013342393,2.0
2003-02-21,0.10619233014148441,1.0
2003-02-28,0.09107421055752964,1.0
2003-03-07,0.09304690895897214,1.0
2003-03-14,0.0953078143213748,1.0
2003-03-21,0.14504305946959764,1.0
2003-03-28,0.24068038403337216,1.0
2003-04-04,0.27306579935700787,1.0
2003-04-11,0.27761718684922476,1.0
2003-04-18,0.2654768935092053,1.0
2003-04-25,0.20436268759280404,1.0
2003-05-02,0.15117297844060854,1.0
2003-05-09,0.14513485426445774,1.0
2003-05-16,0.13469640092467647,1.0
2003-05-23,0.11708169239872938,1.0
2003-05-30,0.0978021912867396,1.0
2003-06-06,0.10363205940283202,1.0
2003-06-13,0.09505601927141227,0.0
2003-06-20,0.09412897473372454,1.0
2003-06-27,0.11259336814456877,1.0
2003-07-04,0.12966577143661234,1.0
2003-07-11,0.12407750290653612,1.0
2003-07-18,0.11896026067895286,0.0
2003-07-25,0.11023415093547373,1.0
2003-08-01,0.07265756380942537,1.0
2003-08-08,0.08853949773421624,1.0
2003-08-15,0.0923116749082185,1.0
2003-08-22,0.08305545406446876,1.0
2003-08-29,0.07988299907968575,1.0
2003-09-05,0.09574421925211439,1.0
2003-09-12,0.09304986399606266,0.0
2003-09-19,0.0950625845512629,0.0
2003-09-26,0.09735744842404774,1.0
2003-10-03,0.07785762984847495,1.0
2003-10-10,0.08108661261574876,1.0
2003-10-17,0.0895585671864533,1.0
2003-10-24,0.08558347587176499,1.0
2003-10-31,0.07998256733293499,1.0
2003-11-07,0.08060550588332356,1.0
2003-11-14,0.07244815399123342,1.0
2003-11-21,0.08119926931804393,1.0
2003-11-28,0.11061653821864015,1.0
2003-12-05,0.10964795597067616,1.0
2003-12-12,0.11280478679173958,1.0
2003-12-19,0.11154711517178348,1.0
2003-12-26,0.10598726915154529,1.0
2004-01-02,0.09272946538947742,1.0
2004-01-09,0.09251705058748619,1.0
2004-01-16,0.08744524274186405,1.0
2004-01-23,0.10042333600427428,1.0
2004-01-30,0.09141317155546365,1.0
2004-02-06,0.09076071989688093,1.0
2004-02-13,0.09496993149196109,1.0
2004-02-20,0.07730532804989662,1.0
2004-02-27,0.08377374008503827,1.0
2004-03-05,0.09442834357374122,1.0
2004-03-12,0.09075947403300491,0.0
2004-03-19,0.09629832072914757,1.0
2004-03-26,0.09570468526333811,1.0
2004-04-02,0.08814372634026671,1.0
2004-04-09,0.09161995025897166,1.0
2004-04-16,0.09327855110013182,1.0
2004-04-23,0.09155869625416795,1.0
2004-04-30,0.08514146708524696,1.0
2004-05-07,0.07940757336626551,1.0
2004-05-14,0.07906683847328144,1.0
2004-05-21,0.08228081922255619,1.0
2004-05-28,0.10367044679062772,1.0
2004-06-04,0.13014904155046658,1.0
2004-06-11,0.13437763643267833,1.0
2004-06-18,0.13491569383455854,1.0
2004-06-25,0.12501774233520696,1.0
2004-07-02,0.10937969231739379,1.0
2004-07-09,0.10059772429581758,0.0
2004-07-16,0.09757240808767949,1.0
2004-07-23,0.09507991990683459,1.0
2004-07-30,0.08752297389434394,1.0
2004-08-06,0.07674420603333923,2.0
2004-08-13,0.0786869620999009,1.0
2004-08-20,0.0808281581912063,1.0
2004-08-27,0.09411733812551559,1.0
2004-09-03,0.09500297153399158,1.0
2004-09-10,0.09609343886625893,1.0
2004-09-17,0.10563364731820764,1.0
2004-09-24,0.10131373346464825,0.0
2004-10-01,0.09247831241308851,1.0
2004-10-08,0.085033419604825,1.0
2004-10-15,0.06636598673972542,1.0
2004-10-22,0.061241891340282927,1.0
2004-10-29,0.0852957940894242,1.0
2004-11-05,0.1085509000103849,1.0
2004-11-12,0.12048699677449688,1.0
2004-11-19,0.12291421964360452,1.0
2004-11-26,0.12269884757028314,1.0
2004-12-03,0.1202245442574342,1.0
2004-12-10,0.12810828851463696,2.0
2004-12-17,0.13587180004711638,1.0
2004-12-24,0.14235543152635372,1.0
2004-12-31,0.1466563351134142,1.0
2005-01-07,0.1342297245193556,1.0
2005-01-14,0.1316731335571362,1.0
2005-01-21,0.117389563131078,2.0
2005-01-28,0.10333605231796028,1.0
2005-02-04,0.09081343361812351,0.0
2005-02-11,0.07992617302040253,1.0
2005-02-18,0.07783974860730627,1.0
2005-02-25,0.09172939390105919,1.0
2005-03-04,0.08277752897173138,1.0
2005-03-11,0.08040153510901622,1.0
2005-03-18,0.07836289594414117,1.0
2005-03-25,0.0998302919940338,1.0
2005-04-01,0.15945616251749573,1.0
2005-04-08,0.16369393852939568,0.0
2005-04-15,0.1686083594815504,1.0
2005-04-22,0.15226698865303384,1.0
2005-04-29,0.10524454289460486,1.0
2005-05-06,0.12166010620038659,1.0
2005-05-13,0.1163206117278575,1.0
2005-05-20,0.11583366964253801,1.0
2005-05-27,0.10576551064913864,1.0
2005-06-03,0.08946489747355485,1.0
2005-06-10,0.09629485788647371,1.0
2005-06-17,0.1006324308577701,1.0
2005-06-24,0.09761100733952742,1.0
2005-07-01,0.09225372807427637,1.0
2005-07-08,0.09217801572461946,0.0
2005-07-15,0.08568341990197514,1.0
2005-07-22,0.08445678054945872,1.0
2005-07-29,0.08233240866623334,1.0
2005-08-05,0.06815217239214685,1.0
2005-08-12,0.06826692949658991,1.0
2005-08-19,0.07014659462728591,1.0
2005-08-26,0.07935585645232449,1.0
2005-09-02,0.08915306993544854,1.0
2005-09-09,0.09406521252173511,1.0
2005-09-16,0.09199067505717251,1.0
2005-09-23,0.10975234155222643,1.0
2005-09-30,0.11059870914204137,1.0
2005-10-07,0.10287546355599357,1.0
2005-10-14,0.10990067326775924,1.0
2005-10-21,0.09029290430142378,1.0
2005-10-28,0.08998393425034686,1.0
2005-11-04,0.09276534326132316,1.0
2005-11-11,0.08633627599794191,1.0
2005-11-18,0.08165398395327207,1.0
2005-11-25,0.07982050724480748,1.0
2005-12-02,0.07588511198115407,1.0
2005-12-09,0.07084335291593244,1.0
2005-12-16,0.07634353127560312,1.0
2005-12-23,0.07581744424403189,1.0
2005-12-30,0.07432981995644167,1.0
2006-01-06,0.07977778161611107,1.0
2006-01-13,0.07206365849230131,1.0
2006-01-20,0.07272021877395307,1.0
2006-01-27,0.07479253796438717,1.0
2006-02-03,0.07538723820438568,1.0
2006-02-10,0.07883358783872488,1.0
2006-02-17,0.08189242403397663,1.0
2006-02-24,0.09517373311625235,1.0
2006-03-03,0.10414483808757125,1.0
2006-03-10,0.10186360688053882,1.0
2006-03-17,0.10335237212643918,1.0
2006-03-24,0.09904125485495416,1.0
2006-03-31,0.09044089412265266,0.0
2006-04-07,0.08607387764438008,1.0
2006-04-14,0.07874789923428534,1.0
2006-04-21,0.06810870830010822,2.0
2006-04-28,0.09246057517073045,1.0
2006-05-05,0.10958444952876141,1.0
2006-05-12,0.1139778357972286,1.0
2006-05-19,0.11949250646528586,1.0
2006-05-26,0.0940221322925247,1.0
2006-06-02,0.07959635901355966,1.0
2006-06-09,0.0792235900688578,0.0
2006-06-16,0.07693290643453378,0.0
2006-06-23,0.06974837186934754,0.0
2006-06-30,0.0639775154145665,1.0
2006-07-07,0.057164719408571936,1.0
2006-07-14,0.05115678238417792,1.0
2006-07-21,0.05555236176523557,1.0
2006-07-28,0.05880620262438674,1.0
2006-08-04,0.059534598588951396,1.0
2006-08-11,0.06608175677658826,1.0
2006-08-18,0.06464197970113764,1.0
2006-08-25,0.06783595198976383,1.0
2006-09-01,0.06808043714198816,1.0
2006-09-08,0.061424201024512196,1.0
2006-09-15,0.061299878217851,1.0
2006-09-22,0.06811900153621539,0.0
2006-09-29,0.08202464683025167,1.0
2006-10-06,0.09514983068687026,1.0
2006-10-13,0.0957145201824779,1.0
2006-10-20,0.09196282490624771,1.0
2006-10-27,0.0849109370510976,1.0
2006-11-03,0.08080036880796666,1.0
2006-11-10,0.0830584947120216,1.0
2006-11-17,0.08704951325396655,1.0
2006-11-24,0.09105379694768549,1.0
2006-12-01,0.09931133314906981,1.0
2006-12-08,0.09453626962927655,1.0
2006-12-15,0.08698902377463824,0.0
2006-12-22,0.07614201168420257,1.0
2006-12-29,0.051041793673710235,1.0
2007-01-05,0.06571755873729015,1.0
2007-01-12,0.08422149726749943,1.0
2007-01-19,0.10075984143109308,2.0
2007-01-26,0.11545284524248253,2.0
2007-02-02,0.13019514935734475,1.0
2007-02-09,0.12489670996730802,1.0
2007-02-16,0.11996783319665154,1.0
2007-02-23,0.10900594530312355,1.0
2007-03-02,0.08890397273897857,1.0
2007-03-09,0.07860100879553877,1.0
2007-03-16,0.07002399305042976,1.0
2007-03-23,0.06796999688004843,1.0
2007-03-30,0.08376869433944593,1.0
2007-04-06,0.08496972853515111,1.0
2007-04-13,0.09118961672651774,1.0
2007-04-20,0.09062935875826861,2.0
2007-04-27,0.08448581974196702,1.0
2007-05-04,0.08321554980670266,1.0
2007-05-11,0.07223971341088589,1.0
2007-05-18,0.07118925551402829,1.0
2007-05-25,0.06800401246692626,0.0
2007-06-01,0.06888048641319283,1.0
2007-06-08,0.06898603989768909,1.0
2007-06-15,0.07634876200035147,1.0
2007-06-22,0.06869364706947115,1.0
2007-06-29,0.06212320900568351,2.0
2007-07-06,0.06002653136672338,1.0
2007-07-13,0.047761466673253476,0.0
2007-07-20,0.044002776713441424,1.0
2007-07-27,0.05301284362946871,1.0
2007-08-03,0.06291711345901796,1.0
2007-08-10,0.07902120104354633,0.0
2007-08-17,0.08054498702342479,1.0
2007-08-24,0.08167017862887337,1.0
2007-08-31,0.07644120965034368,1.0
2007-09-07,0.06130316951226425,1.0
2007-09-14,0.062181323886492515,0.0
2007-09-21,0.05672437981562796,1.0
2007-09-28,0.05856726876703124,1.0
2007-10-05,0.06352041347894215,1.0
2007-10-12,0.07022711221739834,1.0
2007-10-19,0.0759334798005862,1.0
2007-10-26,0.07970724891034295,1.0
2007-11-02,0.09356937932497227,1.0
2007-11-09,0.09847061926972697,1.0
2007-11-16,0.10092072271248767,1.0
2007-11-23,0.1028770840876248,1.0
2007-11-30,0.09850977546495669,1.0
2007-12-07,0.09453946701114828,1.0
2007-12-14,0.10086151324495655,1.0
2007-12-21,0.0983787058640895,1.0
2007-12-28,0.09176010614801823,1.0
2008-01-04,0.08829740713403048,1.0
2008-01-11,0.0847680671831432,0.0
2008-01-18,0.07435087996534931,1.0
2008-01-25,0.07587060704551488,1.0
2008-02-01,0.07339827927258351,1.0
2008-02-08,0.0715700398448558,1.0
2008-02-15,0.07728824792712417,1.0
2008-02-22,0.0878358429569419,1.0
2008-02-29,0.08792766402531868,1.0
2008-03-07,0.0945947114183493,2.0
2008-03-14,0.09126987338132969,1.0
2008-03-21,0.10207890176482778,1.0
2008-03-28,0.11135188080534089,1.0
2008-04-04,0.11700525430965777,1.0
2008-04-11,0.11560768356825837,1.0
2008-04-18,0.10161411145260794,1.0
2008-04-25,0.08399527141055371,1.0
2008-05-02,0.071680652330388,1.0
2008-05-09,0.07517522220588639,1.0
2008-05-16,0.07623399560282214,2.0
2008-05-23,0.08011281355873903,1.0
2008-05-30,0.08440293118884348,1.0
2008-06-06,0.08902539232905823,1.0
2008-06-13,0.1257843908687838,0.0
2008-06-20,0.12778323013886786,1.0
2008-06-27,0.12743678354152888,1.0
2008-07-04,0.12393585182083111,1.0
2008-07-11,0.09272356621624503,1.0
2008-07-18,0.10601812287640575,1.0
2008-07-25,0.11221859754981252,1.0
2008-08-01,0.1158260550738432,1.0
2008-08-08,0.11346286001242949,1.0
2008-08-15,0.1010099216436126,1.0
2008-08-22,0.09475605857918563,2.0
2008-08-29,0.10623854697175036,1.0
2008-09-05,0.11160827276419169,2.0
2008-09-12,0.10724015313983322,1.0
2008-09-19,0.13583156828172543,1.0
2008-09-26,0.24354848273262908,1.0
2008-10-03,0.2757977161925561,1.0
2008-10-10,0.28902286471574834,1.0
2008-10-17,0.30388248571772525,1.0
2008-10-24,0.23531851275097315,1.0
2008-10-31,0.2119159889895345,0.0
2008-11-07,0.23637540792686734,1.0
2008-11-14,0.22640041701789296,1.0
2008-11-21,0.22302049950056385,1.0
2008-11-28,0.24783408950820704,1.0
2008-12-05,0.25840021438739136,1.0
2008-12-12,0.2606470540942618,1.0
2008-12-19,0.2814724379020379,1.0
2008-12-26,0.3018067502358346,1.0
2009-01-02,0.3181024161967888,1.0
2009-01-09,0.33005815058061777,2.0
2009-01-16,0.3253456597044945,1.0
2009-01-23,0.3136812520390687,1.0
2009-01-30,0.2863885520985522,1.0
2009-02-06,0.23507814195396995,1.0
2009-02-13,0.21518972340533965,1.0
2009-02-20,0.24017280120457632,1.0
2009-02-27,0.23233099487148015,1.0
2009-03-06,0.2600011569631778,1.0
2009-03-13,0.27909390182655097,1.0
2009-03-20,0.2518037781114662,1.0
2009-03-27,0.22436383346900296,1.0
2009-04-03,0.20512947609324775,1.0
2009-04-10,0.19123601408421947,1.0
2009-04-17,0.169102241881098,1.0
2009-04-24,0.1826698208741122,1.0
2009-05-01,0.16709167551878865,1.0
2009-05-08,0.15272950692164863,1.0
2009-05-15,0.14406151734674405,1.0
2009-05-22,0.12021871594034617,1.0
2009-05-29,0.11450514816301818,1.0
2009-06-05,0.11130749433663689,1.0
2009-06-12,0.10828160520905006,1.0
2009-06-19,0.09664252142308884,1.0
2009-06-26,0.09953182154145064,1.0
2009-07-03,0.09622661534538507,1.0
2009-07-10,0.10514520490822146,0.0
2009-07-17,0.10671851906429008,1.0
2009-07-24,0.10137726068114068,1.0
2009-07-31,0.11032846685373862,1.0
2009-08-07,0.11305931180501956,1.0
2009-08-14,0.10968371992001438,1.0
2009-08-21,0.12218106920610923,1.0
2009-08-28,0.11076665420640153,1.0
2009-09-04,0.09774165608271965,1.0
2009-09-11,0.10798703617744375,1.0
2009-09-18,0.0990307042863596,1.0
2009-09-25,0.10416732958618144,1.0
2009-10-02,0.11297353638389447,1.0
2009-10-09,0.11065431211121775,1.0
2009-10-16,0.10672247107388559,1.0
2009-10-23,0.09577506812473083,1.0
2009-10-30,0.08366292218212493,1.0
2009-11-06,0.08740079604511716,1.0
2009-11-13,0.08774690526310226,1.0
2009-11-20,0.09022799874236749,1.0
2009-11-27,0.09027379670072523,1.0
2009-12-04,0.08358360924043418,1.0
2009-12-11,0.0820114520482482,2.0
2009-12-18,0.07802770653351414,1.0
2009-12-25,0.07706898180817451,1.0
2010-01-01,0.07429877818045458,1.0
2010-01-08,0.07200460861451105,0.0
2010-01-15,0.06756551910390882,1.0
2010-01-22,0.06945524965530153,1.0
2010-01-29,0.06293925039036533,1.0
2010-02-05,0.07627983488280583,1.0
2010-02-12,0.0916667279507942,1.0
2010-02-19,0.09731793951715137,1.0
2010-02-26,0.0965487988492115,1.0
2010-03-05,0.09306803689865167,1.0
2010-03-12,0.07185235211376959,1.0
2010-03-19,0.06548184725580142,1.0
2010-03-26,0.061341394689412354,1.0
2010-04-02,0.05983103343064803,1.0
2010-04-09,0.06213853198529179,1.0
2010-04-16,0.059743874677847884,1.0
2010-04-23,0.06263720316369936,1.0
2010-04-30,0.06269378280079055,1.0
2010-05-07,0.07781510672741777,1.0
2010-05-14,0.09380003204947793,1.0
2010-05-21,0.09779281571319895,1.0
2010-05-28,0.13120829004498558,1.0
2010-06-04,0.1471792176548727,1.0
2010-06-11,0.14496964949783597,1.0
2010-06-18,0.14274914811763417,1.0
2010-06-25,0.11817298979445626,1.0
2010-07-02,0.08712610153631109,1.0
2010-07-09,0.08303765379237041,1.0
2010-07-16,0.08044961467985409,1.0
2010-07-23,0.08241582111768282,1.0
2010-07-30,0.07747369156839581,1.0
2010-08-06,0.07248430902637001,1.0
2010-08-13,0.0714051090753793,1.0
2010-08-20,0.0721652337405166,1.0
2010-08-27,0.07046689867617278,1.0
2010-09-03,0.07770486828021701,1.0
2010-09-10,0.07723965038370759,1.0
2010-09-17,0.07558766582420404,1.0
2010-09-24,0.07820008679407633,1.0
2010-10-01,0.07361564437733058,1.0
2010-10-08,0.07334511830448143,1.0
2010-10-15,0.07208156479396874,1.0
2010-10-22,0.08419719143651867,1.0
2010-10-29,0.0828518980654354,1.0
2010-11-05,0.07893669535198207,1.0
2010-11-12,0.0775547544385807,1.0
2010-11-19,0.07066028550678718,1.0
2010-11-26,0.0686915812294901,1.0
2010-12-03,0.07775373460444546,1.0
2010-12-10,0.07862762784565006,1.0
2010-12-17,0.066015833077904,1.0
2010-12-24,0.05822335471514469,2.0
2010-12-31,0.04347896260203836,1.0
2011-01-07,0.04252634283767812,0.0
2011-01-14,0.0517086405879583,1.0
2011-01-21,0.0542766870679531,1.0
2011-01-28,0.0648659878341282,1.0
2011-02-04,0.08010291905179077,1.0
2011-02-11,0.07744522821772015,1.0
2011-02-18,0.07623198052808386,1.0
2011-02-25,0.11473955339705386,1.0
2011-03-04,0.10651903443216848,0.0
2011-03-11,0.10757579554314492,1.0
2011-03-18,0.11549910259894772,1.0
2011-03-25,0.08835193998446259,1.0
2011-04-01,0.07422241258611109,1.0
2011-04-08,0.07118840186931047,1.0
2011-04-15,0.07138599306483166,1.0
2011-04-22,0.07136276826760689,1.0
2011-04-29,0.07301441232748876,1.0
2011-05-06,0.08885475904391002,1.0
2011-05-13,0.12450828263806721,1.0
2011-05-20,0.12828183594797216,1.0
2011-05-27,0.13130895903679585,1.0
2011-06-03,0.12548373044722322,1.0
2011-06-10,0.08402866688360786,1.0
2011-06-17,0.08204233898217961,1.0
2011-06-24,0.08494107622186406,1.0
2011-07-01,0.09043726904895662,1.0
2011-07-08,0.093556265341255,1.0
2011-07-15,0.08852535129016309,1.0
2011-07-22,0.07998324784140272,1.0
2011-07-29,0.06818964998882424,1.0
2011-08-05,0.07466237377465178,1.0
2011-08-12,0.1123098064402382,0.0
2011-08-19,0.1251027549885384,1.0
2011-08-26,0.13489465345887738,1.0
2011-09-02,0.1299182266440195,2.0
2011-09-09,0.10238318699790325,1.0
2011-09-16,0.09115950664242739,1.0
2011-09-23,0.08627096064765609,1.0
2011-09-30,0.11360413938427114,1.0
2011-10-07,0.12754414655805527,1.0
2011-10-14,0.13349795419648253,1.0
2011-10-21,0.12861828800721642,1.0
2011-10-28,0.12005886075996648,1.0
2011-11-04,0.10346707677381647,1.0
2011-11-11,0.09159228783469,1.0
2011-11-18,0.09137149653569665,0.0
2011-11-25,0.08011665306900592,1.0
2011-12-02,0.07133752983687688,1.0
2011-12-09,0.06914332566676992,0.0
2011-12-16,0.07867818906185248,1.0
2011-12-23,0.08095960657376772,1.0
2011-12-30,0.08242718357932652,1.0
2012-01-06,0.09248233681465015,1.0
2012-01-13,0.08550304968789073,1.0
2012-01-20,0.06986416202765644,1.0
2012-01-27,0.06436470741961996,1.0
2012-02-03,0.05294974345616242,1.0
2012-02-10,0.05016089897943158,1.0
2012-02-17,0.04797381060235796,1.0
2012-02-24,0.05031970745792047,1.0
2012-03-02,0.05666640911873213,1.0
2012-03-09,0.05882631456018552,1.0
2012-03-16,0.05691135976956778,1.0
2012-03-23,0.05845959298431862,1.0
2012-03-30,0.05830584139389407,1.0
2012-04-06,0.0629084575299812,2.0
2012-04-13,0.06720377693202419,1.0
2012-04-20,0.06439328059909608,1.0
2012-04-27,0.05906259009523037,1.0
2012-05-04,0.05332364110412252,1.0
2012-05-11,0.06025552722818056,1.0
2012-05-18,0.05978002595344863,0.0
2012-05-25,0.06308357114659782,1.0
2012-06-01,0.07220682810445912,2.0
2012-06-08,0.06828920034054903,1.0
2012-06-15,0.06986291887101088,1.0
2012-06-22,0.0769359022478479,0.0
2012-06-29,0.0903614168216896,1.0
2012-07-06,0.1253673783947494,1.0
2012-07-13,0.13306318899758104,1.0
2012-07-20,0.13275482903366806,1.0
2012-07-27,0.1325095966023585,1.0
2012-08-03,0.0884570640211536,1.0
2012-08-10,0.08557169500616121,1.0
2012-08-17,0.079793360591591,1.0
2012-08-24,0.06300690620607756,1.0
2012-08-31,0.05569920289501877,1.0
2012-09-07,0.0368480180213714,1.0
2012-09-14,0.036391915603660244,1.0
2012-09-21,0.05137196859972161,1.0
2012-09-28,0.05880445819599136,1.0
2012-10-05,0.0692564333900363,1.0
2012-10-12,0.08750537155996126,1.0
2012-10-19,0.08042829062936446,1.0
2012-10-26,0.08165420050675162,2.0
2012-11-02,0.0696715809525117,1.0
2012-11-09,0.07022673613795842,2.0
2012-11-16,0.07745059125584733,1.0
2012-11-23,0.08107776736004171,1.0
2012-11-30,0.08234241132036654,1.0
2012-12-07,0.06972845196296926,1.0
2012-12-14,0.05769208281425564,1.0
2012-12-21,0.04895639657946389,1.0
2012-12-28,0.05212687566238201,1.0
2013-01-04,0.05297996243225396,1.0
2013-01-11,0.047956269957953386,1.0
2013-01-18,0.04664120704879562,1.0
2013-01-25,0.04030211343716152,1.0
2013-02-01,0.034412719120129706,1.0
2013-02-08,0.03551420995969202,1.0
2013-02-15,0.03608537555562883,1.0
2013-02-22,0.04124609316444407,1.0
2013-03-01,0.04289516730096102,1.0
2013-03-08,0.04374641612430904,1.0
2013-03-15,0.0426880939131916,1.0
2013-03-22,0.03708127197112194,0.0
2013-03-29,0.03762875521206119,1.0
2013-04-05,0.040025065765187204,1.0
2013-04-12,0.04628444774486432,1.0
2013-04-19,0.060606717856513594,1.0
2013-04-26,0.06358401547603448,1.0
2013-05-03,0.07182412446883829,0.0
2013-05-10,0.07546626692594396,1.0
2013-05-17,0.06509728815043311,2.0
2013-05-24,0.06079488873725854,1.0
2013-05-31,0.05175437411629844,1.0
2013-06-07,0.04314290454147522,1.0
2013-06-14,0.04412791042632114,0.0
2013-06-21,0.0473210921328161,1.0
2013-06-28,0.05383044821699419,1.0
2013-07-05,0.05639764163165977,1.0
2013-07-12,0.06212716658135501,1.0
2013-07-19,0.06368116040859548,1.0
2013-07-26,0.05698657519156347,1.0
2013-08-02,0.05622677049363169,0.0
2013-08-09,0.05448363897221663,1.0
2013-08-16,0.05432032737919081,0.0
2013-08-23,0.054658889889303716,0.0
2013-08-30,0.058488864128266184,0.0
2013-09-06,0.057170210240487546,1.0
2013-09-13,0.057563290280635705,1.0
2013-09-20,0.06381553755710881,1.0
2013-09-27,0.06101535176052843,1.0
2013-10-04,0.05639523635704137,1.0
2013-10-11,0.05378126904121413,1.0
2013-10-18,0.04900717803817757,1.0
2013-10-25,0.04843492985006523,1.0
2013-11-01,0.05065201140894939,0.0
2013-11-08,0.051028050325440374,1.0
2013-11-15,0.05035032202993276,1.0
2013-11-22,0.04647515962032837,1.0
2013-11-29,0.047184382076155724,1.0
2013-12-06,0.048603151290814044,1.0
2013-12-13,0.04715416995384368,2.0
2013-12-20,0.046296351817744164,1.0
2013-12-27,0.04162693777034297,1.0
2014-01-03,0.04311182861300225,1.0
2014-01-10,0.047424993559301784,1.0
2014-01-17,0.049700825893128506,1.0
2014-01-24,0.05270841130699097,1.0
2014-01-31,0.05402529473891249,1.0
2014-02-07,0.04606870399378512,1.0
2014-02-14,0.0446412386677517,1.0
2014-02-21,0.04552643878201199,1.0
2014-02-28,0.041513173210108216,1.0
2014-03-07,0.048500326204210645,1.0
2014-03-14,0.05111564401135653,1.0
2014-03-21,0.05234076452405918,1.0
2014-03-28,0.051562799435112314,1.0
2014-04-04,0.044905047340962775,1.0
2014-04-11,0.04275677350472778,2.0
2014-04-18,0.038023042241386903,1.0
2014-04-25,0.042768509408137395,1.0
2014-05-02,0.044426444995580724,0.0
2014-05-09,0.040012134744054614,1.0
2014-05-16,0.03996827367825159,1.0
2014-05-23,0.03548426005215698,1.0
2014-05-30,0.03439515671594173,2.0
2014-06-06,0.03338751892009135,1.0
2014-06-13,0.036353223506637763,1.0
2014-06-20,0.03657675888462588,1.0
2014-06-27,0.03392936614998461,1.0
2014-07-04,0.03223376362122116,1.0
2014-07-11,0.031165135286862062,1.0
2014-07-18,0.036339372199310854,1.0
2014-07-25,0.04335327962013237,1.0
2014-08-01,0.06056967633609783,1.0
2014-08-08,0.07671522507845172,1.0
2014-08-15,0.07391177161585306,1.0
2014-08-22,0.07908281885131266,1.0
2014-08-29,0.0718200757537276,1.0
2014-09-05,0.08100407031620716,1.0
2014-09-12,0.08329278377424268,1.0
2014-09-19,0.07925595960934079,1.0
2014-09-26,0.07557673278577395,1.0
2014-10-03,0.06664269260045215,1.0
2014-10-10,0.06512721407133748,1.0
2014-10-17,0.0756398909934138,0.0
2014-10-24,0.08105111659023052,1.0
2014-10-31,0.07865880778288466,1.0
2014-11-07,0.08091009081273025,1.0
2014-11-14,0.07596572104077337,1.0
2014-11-21,0.07709403635946206,1.0
2014-11-28,0.08866133931110598,1.0
2014-12-05,0.14014300830210433,1.0
2014-12-12,0.14878013552658714,1.0
2014-12-19,0.1558815994846806,0.0
2014-12-26,0.16811979824753698,1.0
2015-01-02,0.12237114841535957,1.0
2015-01-09,0.12975298693732631,1.0
2015-01-16,0.13509696687257128,1.0
2015-01-23,0.1413535421965607,0.0
2015-01-30,0.14526323553843679,1.0
2015-02-06,0.1840101047738089,1.0
2015-02-13,0.19891725604924754,1.0
2015-02-20,0.19018043745952035,1.0
2015-02-27,0.19138684716636906,1.0
2015-03-06,0.1604070330581232,1.0
2015-03-13,0.1265787117982647,1.0
2015-03-20,0.12064771172126347,1.0
2015-03-27,0.1272311465943378,1.0
2015-04-03,0.13293038057650486,1.0
2015-04-10,0.15718522847538902,1.0
2015-04-17,0.15969597959040374,1.0
2015-04-24,0.15138297198049963,1.0
2015-05-01,0.130938345099699,1.0
2015-05-08,0.09788601162170478,1.0
2015-05-15,0.07930829387456403,1.0
2015-05-22,0.0800141294655757,1.0
2015-05-29,0.0876153749837327,1.0
2015-06-05,0.09347144988018023,0.0
2015-06-12,0.09885285925982308,2.0
2015-06-19,0.09445121642629187,1.0
2015-06-26,0.08226570124289463,1.0
2015-07-03,0.07806985691935332,1.0
2015-07-10,0.10771412899113586,1.0
2015-07-17,0.10880106314871243,2.0
2015-07-24,0.11267008594912228,1.0
2015-07-31,0.11220931605894444,1.0
2015-08-07,0.08442840657772371,1.0
2015-08-14,0.09159763514803428,1.0
2015-08-21,0.09558152455752442,1.0
2015-08-28,0.1292436557232896,1.0
2015-09-04,0.18972528608434175,1.0
2015-09-11,0.19338860839819796,1.0
2015-09-18,0.19937725683519564,1.0
2015-09-25,0.19779809002465853,1.0
2015-10-02,0.13489769981942212,1.0
2015-10-09,0.12366587749995828,1.0
2015-10-16,0.12157107636964246,1.0
2015-10-23,0.1018317386357058,1.0
2015-10-30,0.10766040051547052,0.0
2015-11-06,0.11177584869575383,1.0
2015-11-13,0.10404767494474057,1.0
2015-11-20,0.10920411134699712,1.0
2015-11-27,0.10660388029619998,1.0
2015-12-04,0.09581005129994989,1.0
2015-12-11,0.10767669385021228,1.0
2015-12-18,0.11065620794876929,2.0
2015-12-25,0.11539723393683768,1.0
2016-01-01,0.12737658310711106,1.0
2016-01-08,0.12741819837197305,1.0
2016-01-15,0.13854353496559332,1.0
2016-01-22,0.1725054938294301,1.0
2016-01-29,0.21578150279395686,1.0
2016-02-05,0.23718967214014466,1.0
2016-02-12,0.24956164951763588,1.0
2016-02-19,0.25884226797143906,1.0
2016-02-26,0.2260982126812341,1.0
2016-03-04,0.20542062431821667,1.0
2016-03-11,0.19417041258229567,1.0
2016-03-18,0.15523716151224282,1.0
2016-03-25,0.15422930950025493,1.0
2016-04-01,0.15460572358369198,1.0
2016-04-08,0.16172208991274417,1.0
2016-04-15,0.17256772538898998,1.0
2016-04-22,0.15821988706846338,0.0
2016-04-29,0.15549531038625425,1.0
2016-05-06,0.1370445673833393,1.0
2016-05-13,0.11410044231014389,1.0
2016-05-20,0.10876991828863256,1.0
2016-05-27,0.08765936768924498,1.0
2016-06-03,0.07072149484492753,1.0
2016-06-10,0.06520454148667008,1.0
2016-06-17,0.06318301301663562,1.0
2016-06-24,0.08415277595944115,2.0
2016-07-01,0.11190031595717989,1.0
2016-07-08,0.13077587862996976,1.0
2016-07-15,0.1405228963959972,1.0
2016-07-22,0.13495791997659473,1.0
2016-07-29,0.11743986166532758,1.0
2016-08-05,0.10411713670557857,1.0
2016-08-12,0.09394723187214518,1.0
2016-08-19,0.09963095621500667,1.0
2016-08-26,0.1062525130151557,1.0
2016-09-02,0.10465724925154962,1.0
2016-09-09,0.10961754108506598,1.0
2016-09-16,0.11192113842509721,1.0
2016-09-23,0.10986930326750743,1.0
2016-09-30,0.12069033065485517,1.0
2016-10-07,0.11321803771719759,0.0
2016-10-14,0.09893704775557405,1.0
2016-10-21,0.09292438247359905,1.0
2016-10-28,0.07187130961678909,1.0
2016-11-04,0.07675378817527527,1.0
2016-11-11,0.07893274316145382,1.0
2016-11-18,0.09354540017445286,0.0
2016-11-25,0.10204543868770498,1.0
2016-12-02,0.11721457231846266,1.0
2016-12-09,0.13022497632654467,1.0
2016-12-16,0.12672908690583862,1.0
2016-12-23,0.11894897772080042,1.0
2016-12-30,0.09490294617908138,1.0
2017-01-06,0.074293577516424,1.0
2017-01-13,0.08015482115806684,1.0
2017-01-20,0.07699153659825941,1.0
2017-01-27,0.07769446250776432,1.0
2017-02-03,0.07487152496664035,0.0
2017-02-10,0.06321466846784404,1.0
2017-02-17,0.05416651870558117,1.0
2017-02-24,0.05017629038584403,1.0
2017-03-03,0.04827427723232448,0.0
2017-03-10,0.06380443012670071,1.0
2017-03-17,0.07540775435383038,1.0
2017-03-24,0.07734212222870647,1.0
2017-03-31,0.08169673170091124,1.0
2017-04-07,0.0690125289250916,1.0
2017-04-14,0.05676163897715565,1.0
2017-04-21,0.06053200893597086,1.0
2017-04-28,0.06066453276944397,1.0
2017-05-05,0.06465120118477814,1.0
2017-05-12,0.07874144818244663,1.0
2017-05-19,0.0785409851433215,1.0
2017-05-26,0.08145926666964205,1.0
2017-06-02,0.08858760836567625,1.0
2017-06-09,0.08504945850674588,1.0
2017-06-16,0.08940771163227276,1.0
2017-06-23,0.09025605089646473,1.0
2017-06-30,0.07956068847718939,1.0
2017-07-07,0.07896411897180777,1.0
2017-07-14,0.071494629345078,1.0
2017-07-21,0.06588710300208994,0.0
2017-07-28,0.07113449409903556,1.0
2017-08-04,0.06887688551118673,1.0
2017-08-11,0.06359529307997021,1.0
2017-08-18,0.06880211408953978,1.0
2017-08-25,0.07112489653320832,1.0
2017-09-01,0.07499910089154098,1.0
2017-09-08,0.08220897661994642,1.0
2017-09-15,0.08447413157908693,1.0
2017-09-22,0.0742865344605719,1.0
2017-09-29,0.0707840136153807,2.0
2017-10-06,0.06448658204846318,1.0
2017-10-13,0.06406028232264568,1.0
2017-10-20,0.06550359876476444,1.0
2017-10-27,0.059981088140969044,1.0
2017-11-03,0.0596116556133632,1.0
2017-11-10,0.05688637555597883,1.0
2017-11-17,0.055521495871766045,1.0
2017-11-24,0.05942666438493941,1.0
2017-12-01,0.05840003863781333,1.0
2017-12-08,0.05900006454250203,1.0
2017-12-15,0.06276787612151634,1.0
2017-12-22,0.05767317152626748,1.0
2017-12-29,0.05581754693563712,1.0
2018-01-05,0.052262351070302665,1.0
2018-01-12,0.04468830060869461,1.0
2018-01-19,0.043469682335142576,0.0
2018-01-26,0.04445245900368759,0.0
2018-02-02,0.04560764987434817,2.0
2018-02-09,0.053327539608270566,1.0
2018-02-16,0.06520933959530316,1.0
2018-02-23,0.0661921700874176,1.0
2018-03-02,0.0676891488974685,0.0
2018-03-09,0.06992726450337128,1.0
2018-03-16,0.06534422349909,1.0
2018-03-23,0.0703567667577482,1.0
2018-03-30,0.07283797887950022,1.0
2018-04-06,0.07348787211558114,2.0
2018-04-13,0.07533880946828218,1.0
2018-04-20,0.07626507350041015,1.0
2018-04-27,0.06934925552636456,0.0
2018-05-04,0.06440928405452186,1.0
2018-05-11,0.06342806863387526,1.0
2018-05-18,0.059516571754153855,1.0
2018-05-25,0.061114646371579484,1.0
2018-06-01,0.07579485124858615,1.0
2018-06-08,0.0724914088933393,1.0
2018-06-15,0.06818974515438969,1.0
2018-06-22,0.07727660783554942,1.0
2018-06-29,0.1064329069575632,1.0
2018-07-06,0.11670401406602982,1.0
2018-07-13,0.12223539707375501,1.0
2018-07-20,0.12913417962103407,2.0
2018-07-27,0.11325828390400224,1.0
2018-08-03,0.1067169274202306,1.0
2018-08-10,0.10267217673389625,1.0
2018-08-17,0.09387533833714298,0.0
2018-08-24,0.07993019122443609,1.0
2018-08-31,0.0614590004196798,1.0
2018-09-07,0.059133360037703,1.0
2018-09-14,0.059197424534169096,1.0
2018-09-21,0.060301622267959556,1.0
2018-09-28,0.06553652889172545,1.0
2018-10-05,0.07224268421695768,1.0
2018-10-12,0.0734146991658747,2.0
2018-10-19,0.07743239823087353,1.0
2018-10-26,0.08029695010879198,1.0
2018-11-02,0.07664983458121968,1.0
2018-11-09,0.07376161852817498,1.0
2018-11-16,0.09154855371875,0.0
2018-11-23,0.10598570652542909,1.0
2018-11-30,0.12678061626684517,1.0
2018-12-07,0.1342101313241169,1.0
2018-12-14,0.13351110919258244,1.0
2018-12-21,0.1456146718364349,2.0
2018-12-28,0.13853772946424206,1.0
2019-01-04,0.13678533850061214,2.0
2019-01-11,0.13873185458636736,1.0
2019-01-18,0.13957092451835273,1.0
2019-01-25,0.10551595499704516,1.0
2019-02-01,0.10045332049490541,1.0
2019-02-08,0.09383866655762113,1.0
2019-02-15,0.08050218569734184,1.0
2019-02-22,0.07320447529509161,1.0
2019-03-01,0.07205406253403308,1.0
2019-03-08,0.06687912740142521,1.0
2019-03-15,0.06744480220963903,1.0
2019-03-22,0.06494930356312009,1.0
2019-03-29,0.05846843743223924,1.0
2019-04-05,0.05783635921173598,1.0
2019-04-12,0.057148441883757395,1.0
2019-04-19,0.05565276080671358,1.0
2019-04-26,0.05763894867267485,1.0
2019-05-03,0.059534003621975175,1.0
2019-05-10,0.059162253444430365,1.0
2019-05-17,0.059703990711526746,1.0
2019-05-24,0.06784338148639499,1.0
2019-05-31,0.09003204954695374,1.0
2019-06-07,0.10711484212376239,1.0
2019-06-14,0.11695630326884517,0.0
2019-06-21,0.12568116272407956,1.0
2019-06-28,0.11596020295357116,1.0
2019-07-05,0.10991726832708221,1.0
2019-07-12,0.11073600804469041,1.0
2019-07-19,0.10852900881023009,1.0
2019-07-26,0.09226074318211888,1.0
2019-08-02,0.10175567281529183,1.0
2019-08-09,0.12473663446087768,1.0
2019-08-16,0.13271380244542372,1.0
2019-08-23,0.13512009610939987,1.0
2019-08-30,0.12471266434663583,1.0
2019-09-06,0.10415266541329378,1.0
2019-09-13,0.09092578765650722,1.0
2019-09-20,0.1738896694105033,1.0
2019-09-27,0.17507036821152439,1.0
2019-10-04,0.17155075443819295,1.0
2019-10-11,0.16668819500609283,1.0
2019-10-18,0.07138809294406054,0.0
2019-10-25,0.06681247946687616,1.0
2019-11-01,0.06308527243740683,1.0
2019-11-08,0.07201130787212465,0.0
2019-11-15,0.06532969085759345,1.0
2019-11-22,0.0756322929159893,1.0
2019-11-29,0.07769387293648884,1.0
2019-12-06,0.08309738862295045,1.0
2019-12-13,0.08400190238671401,1.0
2019-12-20,0.0754551533874879,1.0
2019-12-27,0.06448798318417726,2.0
2020-01-03,0.05424412422596908,1.0
2020-01-10,0.05824648664241312,1.0
2020-01-17,0.0670058989614391,1.0
2020-01-24,0.07199371969467713,1.0
2020-01-31,0.08019667304178102,1.0
2020-02-07,0.07860656403645064,0.0
2020-02-14,0.07342144414072041,1.0
2020-02-21,0.07424464477087808,0.0
2020-02-28,0.08574769175727835,2.0
2020-03-06,0.11428939265489801,1.0
2020-03-13,0.33440893483581546,0.0
2020-03-20,0.44281854736299325,0.0
2020-03-27,0.6061485375356704,1.0
2020-04-03,0.7325388085685285,1.0
2020-04-10,0.7255635357248701,0.0
2020-04-17,0.7018259239064063,1.0
2020-05-22,0.5321907173485629,1.0
2020-05-29,0.35975673266931885,1.0
2020-06-05,0.2250196066588838,1.0
2020-06-12,0.1947301952626848,1.0
2020-06-19,0.1611609115035244,1.0
2020-06-26,0.15219022643063593,1.0
2020-07-03,0.14363316077844107,2.0
2020-07-10,0.1243941481819026,0.0
2020-07-17,0.10039437229485046,2.0
2020-07-24,0.08530289448758535,1.0
2020-07-31,0.06832411680620015,1.0
2020-08-07,0.07125053959335878,1.0
2020-08-14,0.06949807298198199,1.0
2020-08-21,0.06808492277811544,1.0
2020-08-28,0.06276422840963174,1.0
2020-09-04,0.05749337378493591,1.0
2020-09-11,0.10280544133394869,0.0
2020-09-18,0.11157345163960701,1.0
2020-09-25,0.12504077755492013,1.0
2020-10-02,0.1332459258898297,1.0
2020-10-09,0.13378743967674003,2.0
2020-10-16,0.12883643460866848,1.0
2020-10-23,0.12057892726107304,1.0
2020-10-30,0.12991839346258754,0.0
2020-11-06,0.11660481912993145,1.0
2020-11-13,0.14277118506531045,0.0
2020-11-20,0.14340990998349692,1.0
2020-11-27,0.13735718926272403,2.0
2020-12-04,0.12512776241249057,1.0
2020-12-11,0.09224248581955022,1.0
2020-12-18,0.07183038799346732,1.0
2020-12-25,0.07199850296888895,1.0
2021-01-01,0.060340855480751535,1.0
2021-01-08,0.07400678633144045,1.0
2021-01-15,0.07870157554482124,1.0
2021-01-22,0.07869252972995841,1.0
2021-01-29,0.07327155328164589,1.0
2021-02-05,0.06957851949062374,1.0
2021-02-12,0.06030610187921666,1.0
2021-02-19,0.06032033008492904,0.0
2021-02-26,0.07811212655820257,1.0
2021-03-05,0.08771277791481533,1.0
2021-03-12,0.09813145657062398,1.0
2021-03-19,0.10627105280277038,0.0
2021-03-26,0.13534512034422033,1.0
2021-04-02,0.14763289584866424,1.0
2021-04-09,0.14814571367374313,0.0
2021-04-16,0.14704978794524143,0.0
2021-04-23,0.11730344570747782,1.0
2021-04-30,0.08590699034885976,1.0
2021-05-07,0.07155645847083125,0.0
2021-05-14,0.06598176211977234,1.0
2021-05-21,0.07406249826347308,1.0
2021-05-28,0.08670699562541996,1.0
2021-06-04,0.08357208009401507,1.0
2021-06-11,0.08240976958375688,2.0
2021-06-18,0.07008673898075915,1.0
2021-06-25,0.0535425062858758,1.0
2021-07-02,0.0509314820024685,1.0
2021-07-09,0.059281926358719594,1.0
2021-07-16,0.0670178475130712,1.0
2021-07-23,0.10754034833697756,1.0
2021-07-30,0.11093663946306691,0.0
2021-08-06,0.11582858376813183,0.0
2021-08-13,0.11815071748704305,1.0
2021-08-20,0.08442212222339443,1.0
2021-08-27,0.10247063575989206,1.0
2021-09-03,0.09571350032273075,1.0
2021-09-10,0.08988165400011633,1.0
2021-09-17,0.09125856262685592,1.0
2021-09-24,0.07419912828201382,2.0
2021-10-01,0.06730921581217916,0.0
2021-10-08,0.06887989668941277,1.0
2021-10-15,0.06442580450595455,1.0
2021-10-22,0.0575487275865024,0.0
2021-10-29,0.06393598138436457,1.0
2021-11-05,0.06938382618817403,2.0
2021-11-12,0.08440322095093729,2.0
2021-11-19,0.08972171449992421,1.0
2021-11-26,0.09260180217142795,1.0
2021-12-03,0.1518706017059234,1.0
2021-12-10,0.155785063162153,1.0
2021-12-17,0.15309281606756373,1.0
2021-12-24,0.15598340575642505,1.0
2021-12-31,0.10993544495098204,2.0
2022-01-07,0.08221728149526739,2.0
2022-01-14,0.08450026464514665,1.0
2022-01-21,0.07935028233385569,0.0
2022-01-28,0.07383572433776851,0.0
2022-02-04,0.0749355652192205,1.0
2022-02-11,0.07388197837487227,1.0
2022-02-18,0.0833022122368304,0.0
2022-02-25,0.08209066106931574,1.0
2022-03-04,0.12814256287835535,1.0
2022-03-11,0.1860915074289947,1.0
2022-03-18,0.2235226270199758,1.0
2022-03-25,0.24389599062491119,1.0
2022-04-01,0.24224952460496435,1.0
2022-04-08,0.21473333471953468,1.0
2022-04-15,0.19309386775709395,1.0
2022-04-22,0.17644544642097473,1.0
2022-04-29,0.15881648243732527,1.0
2022-05-06,0.1395307216766839,1.0
2022-05-13,0.14247027155939787,1.0
2022-05-20,0.13758398142594291,2.0
2022-05-27,0.13280828631762648,1.0
2022-06-03,0.1256938350014482,1.0
2022-06-10,0.09815381586536173,1.0
2022-06-17,0.07633814905741382,1.0
2022-06-24,0.10224926359181867,1.0
2022-07-01,0.10873032811939931,1.0
2022-07-08,0.14302748777986457,0.0
2022-07-15,0.16292180250227425,1.0
2022-07-22,0.1624119323491329,2.0
2022-07-29,0.16145688896684413,1.0
2022-08-05,0.1479592677182664,0.0
2022-08-12,0.12357270019748687,1.0
2022-08-19,0.11219564289995373,0.0
2022-08-26,0.10439027557657807,1.0
2022-09-02,0.10974658356842464,1.0
2022-09-09,0.12208135312272905,2.0
2022-09-16,0.12284650385158857,1.0
2022-09-23,0.1225512869265932,0.0
2022-09-30,0.1268478691123703,1.0
2022-10-07,0.12790698390520253,1.0
2022-10-14,0.1279572028269767,1.0
2022-10-21,0.1324067904230424,1.0
2022-10-28,0.11529904989352265,1.0
2022-11-04,0.09906105763389617,1.0
2022-11-11,0.10372138547862364,1.0
2022-11-18,0.10768912692665818,1.0
2022-11-25,0.11454819226076501,1.0
2022-12-02,0.11691092268077796,2.0
2022-12-09,0.11377639283313264,1.0
2022-12-16,0.10897952204957004,1.0
2022-12-23,0.10194079312080692,1.0
2022-12-30,0.09780751549176239,0.0
2023-01-06,0.10579712647121238,2.0
2023-01-13,0.10054559195313742,1.0
2023-01-20,0.09461091931800691,1.0
2023-01-27,0.08977363352543216,2.0
2023-02-03,0.08265928228673713,1.0
2023-02-10,0.0822390776292568,2.0
2023-02-17,0.08191522187109258,1.0
2023-02-24,0.08762014011289884,1.0
2023-03-03,0.0856652430369546,1.0
2023-03-10,0.07748016578807015,1.0
2023-03-17,0.0968085863998113,1.0
2023-03-24,0.10556623181887917,1.0
2023-03-31,0.11536493836548115,1.0
2023-04-07,0.12560694617422558,1.0
2023-04-14,0.11289816196864093,1.0
2023-04-21,0.09954136331270827,1.0
2023-04-28,0.09433622415485488,1.0
2023-05-05,0.0998958915362803,1.0
2023-05-12,0.11019671750821411,1.0
2023-05-19,0.11009500933219625,1.0
2023-05-26,0.10758440787870871,0.0
2023-06-02,0.10303635362568353,0.0
2023-06-09,0.08853226189267291,0.0
2023-06-16,0.1025354085001465,0.0
2023-06-23,0.11209828720792783,2.0
2023-06-30,0.10712647037120357,2.0
2023-07-07,0.10404048112474094,0.0
2023-07-14,0.10089726630111547,1.0
2023-07-21,0.08704024922002526,1.0
2023-07-28,0.0771399025656886,0.0
2023-08-04,0.07365908712194874,0.0
2023-08-11,0.06931323476750716,1.0
2023-08-18,0.06715652177618148,1.0
2023-08-25,0.06408265255508139,1.0
2023-09-01,0.060685634045161786,2.0
2023-09-08,0.059573953727289436,0.0
2023-09-15,0.05607089838114987,1.0
2023-09-22,0.054600563830594785,2.0
2023-09-29,0.05941651508716646,1.0
2023-10-06,0.07420761613548596,0.0
2023-10-13,0.09730790868821651,2.0
2023-10-20,0.10914830405748584,0.0
2023-10-27,0.11693662072109035,2.0
2023-11-03,0.11767967514171018,0.0
2023-11-10,0.11281222362608141,0.0
2023-11-17,0.10959534339346315,0.0
2023-11-24,0.1181043372620815,0.0
2023-12-01,0.11309115393160218,1.0
2023-12-08,0.11224272273890656,0.0
2023-12-15,0.10983569968485278,1.0
2023-12-22,0.0939591784053623,0.0
2023-12-29,0.0965065707853785,0.0
2024-01-05,0.09536643857837088,2.0
