date,cond_vol
1986-01-10,0.09237746242807976
1986-01-17,0.0822351778734936
1986-01-24,0.07775645151388341
1986-01-31,0.11047377905123945
1986-02-07,0.09916302167546698
1986-02-14,0.11504081755375895
1986-02-21,0.10298161012618252
1986-02-28,0.10683924163719248
1986-03-07,0.09501968416671251
1986-03-14,0.10828651553625467
1986-03-21,0.0999875477835044
1986-03-28,0.08966993232969642
1986-04-04,0.09516326528351847
1986-04-11,0.08748870482813599
1986-04-18,0.10601787632136919
1986-04-25,0.1048955843381666
1986-05-02,0.10301624767404619
1986-05-09,0.09203504250190604
1986-05-16,0.09120275219889332
1986-05-23,0.08320498976066402
1986-05-30,0.07601794366188003
1986-06-06,0.08474989142715171
1986-06-13,0.08811482469334878
1986-06-20,0.07848088236772333
1986-06-27,0.07265129161763023
1986-07-04,0.0655900087343002
1986-07-11,0.07523914179165303
1986-07-18,0.07974640134944194
1986-07-25,0.08118350769560034
1986-08-01,0.07979489441631354
1986-08-08,0.07132270246008517
1986-08-15,0.12610551650011653
1986-08-22,0.11392723052886605
1986-08-29,0.10116424382121127
1986-09-05,0.09079085128603888
1986-09-12,0.08115434549526947
1986-09-19,0.07750177157731776
1986-09-26,0.07470523156363083
1986-10-03,0.06673438469848146
1986-10-10,0.06340243920852527
1986-10-17,0.05696604071415266
1986-10-24,0.05339972749716696
1986-10-31,0.0489958768688737
1986-11-07,0.04697258857083301
1986-11-14,0.0445432961987697
1986-11-21,0.04260553944637115
1986-11-28,0.03898042389615221
1986-12-05,0.037874970501435096
1986-12-12,0.03522204368009781
1986-12-19,0.03281725550109467
1986-12-26,0.03917202742231029
1987-01-02,0.04178719871163509
1987-01-09,0.043108694959651105
1987-01-16,0.04114118421425606
1987-01-23,0.04053050681400922
1987-01-30,0.038303697113307854
1987-02-06,0.03532617827712009
1987-02-13,0.033105985546898156
1987-02-20,0.031995831606445355
1987-02-27,0.032878099554441854
1987-03-06,0.03877846047112333
1987-03-13,0.039948005099750133
1987-03-20,0.04184443918320212
1987-03-27,0.03933092418438926
1987-04-03,0.03633873423515953
1987-04-10,0.0337745899288973
1987-04-17,0.03181282027257666
1987-04-24,0.03087410854427819
1987-05-01,0.032466359163615094
1987-05-08,0.030764757323003954
1987-05-15,0.03005470669260853
1987-05-22,0.02944071330745596
1987-05-29,0.02862293843662442
1987-06-05,0.029875315267370025
1987-06-12,0.029335481786418593
1987-06-19,0.02786345286482918
1987-06-26,0.028462528707495594
1987-07-03,0.0274068692007829
1987-07-10,0.026577240362234144
1987-07-17,0.028217637015562805
1987-07-24,0.033062180306526995
1987-07-31,0.032985152891726564
1987-08-07,0.031362937451710274
1987-08-14,0.029817945357972622
1987-08-21,0.03238693674603621
1987-08-28,0.04067117194605587
1987-09-04,0.03762165405099279
1987-09-11,0.03476003237239346
1987-09-18,0.03264014645906044
1987-09-25,0.030882148586480467
1987-10-02,0.02910544618929746
1987-10-09,0.02756563513784808
1987-10-16,0.026296769148469578
1987-10-23,0.02543869229788795
1987-10-30,0.024718510186932646
1987-11-06,0.023982597886808607
1987-11-13,0.031060346355166513
1987-11-20,0.030152325566187212
1987-11-27,0.02938992606920021
1987-12-04,0.02818125731316283
1987-12-11,0.027420590473423993
1987-12-18,0.027249070482188886
1987-12-25,0.058308998737144846
1988-01-01,0.05260498640119068
1988-01-08,0.049554017503957236
1988-01-15,0.04934780447552868
1988-01-22,0.049766631976073165
1988-01-29,0.04615094153079688
1988-02-05,0.042734560172207794
1988-02-12,0.03917278644043603
1988-02-19,0.0361481478646859
1988-02-26,0.036660179771768844
1988-03-04,0.03555375338077913
1988-03-11,0.03858975762499793
1988-03-18,0.03555559046525128
1988-03-25,0.03407455692389668
1988-04-01,0.03420699763092378
1988-04-08,0.034064440396757364
1988-04-15,0.03216211051661058
1988-04-22,0.043464486880151816
1988-04-29,0.03965286256371173
1988-05-06,0.036426368188810475
1988-05-13,0.041163349626988324
1988-05-20,0.03785178006347205
1988-05-27,0.03487300387826091
1988-06-03,0.03310163964170066
1988-06-10,0.03142517822333227
1988-06-17,0.03150312797527575
1988-06-24,0.03355961755954863
1988-07-01,0.03613613126726461
1988-07-08,0.03642198604553268
1988-07-15,0.03369172459351802
1988-07-22,0.04004456052555823
1988-07-29,0.05072755231414892
1988-08-05,0.04642062136756941
1988-08-12,0.046833722788796085
1988-08-19,0.042892050648662715
1988-08-26,0.039305718779389036
1988-09-02,0.03615770616029034
1988-09-09,0.03579465005272822
1988-09-16,0.04029200001637581
1988-09-23,0.03825400834564945
1988-09-30,0.03540781244859087
1988-10-07,0.04485956584631217
1988-10-14,0.05525935954578252
1988-10-21,0.06392115628412937
1988-10-28,0.06080204640225495
1988-11-04,0.0693252990390025
1988-11-11,0.06273190047385829
1988-11-18,0.056507282980759375
1988-11-25,0.05131270544351921
1988-12-02,0.05083211895523543
1988-12-09,0.05294192255111338
1988-12-16,0.04835046380130244
1988-12-23,0.047703956765627345
1988-12-30,0.04717900699134728
1989-01-06,0.04288552171205632
1989-01-13,0.040080243945164885
1989-01-20,0.04055618714921187
1989-01-27,0.04373824059116217
1989-02-03,0.049850892868191804
1989-02-10,0.04669264530779011
1989-02-17,0.04243580190967845
1989-02-24,0.04217083298429387
1989-03-03,0.03946810625961592
1989-03-10,0.03631324447695141
1989-03-17,0.03361009435383921
1989-03-24,0.04167887311284612
1989-03-31,0.03855107529002994
1989-04-07,0.03636543854846653
1989-04-14,0.03438058508480822
1989-04-21,0.033211953962037216
1989-04-28,0.053854846642925565
1989-05-05,0.06229753372143246
1989-05-12,0.057817753968899176
1989-05-19,0.05328531541714041
1989-05-26,0.05012218515573219
1989-06-02,0.045531689977495106
1989-06-09,0.04249318845775451
1989-06-16,0.03897118341109409
1989-06-23,0.03603651260439808
1989-06-30,0.03334308064505293
1989-07-07,0.03162364534914824
1989-07-14,0.030373812881529606
1989-07-21,0.028956891200671655
1989-07-28,0.02879825747153467
1989-08-04,0.04917492468900446
1989-08-11,0.04488377341305198
1989-08-18,0.04089681432226546
1989-08-25,0.03925855393949758
1989-09-01,0.03625318906332184
1989-09-08,0.033939326332219716
1989-09-15,0.03373348051347311
1989-09-22,0.03307825914434333
1989-09-29,0.031204423852670693
1989-10-06,0.029386938495924726
1989-10-13,0.02823859053070456
1989-10-20,0.027669385650759368
1989-10-27,0.026400744306586343
1989-11-03,0.0315977364575715
1989-11-10,0.03040285725509081
1989-11-17,0.028788671791027006
1989-11-24,0.027614204708813782
1989-12-01,0.02689603327313317
1989-12-08,0.02696286014045841
1989-12-15,0.029317335906577417
1989-12-22,0.029142747128238985
1989-12-29,0.03358256645559928
1990-01-05,0.03127812252865864
1990-01-12,0.04138009606723297
1990-01-19,0.0403274756848652
1990-01-26,0.036985622653115016
1990-02-02,0.03473697201225804
1990-02-09,0.03327894206472878
1990-02-16,0.03264494940968454
1990-02-23,0.030491419129502616
1990-03-02,0.030439812540049297
1990-03-09,0.029500545763482964
1990-03-16,0.03009384669968627
1990-03-23,0.033931932686461934
1990-03-30,0.03346866365334381
1990-04-06,0.033078504255130835
1990-04-13,0.03256067290568895
1990-04-20,0.05440596414028385
1990-04-27,0.05004616625672562
1990-05-04,0.047467933429025645
1990-05-11,0.04321101304392431
1990-05-18,0.04011890902193689
1990-05-25,0.038269435374282776
1990-06-01,0.06914225973014537
1990-06-08,0.06574033197847126
1990-06-15,0.06416635944635239
1990-06-22,0.05810919307984519
1990-06-29,0.06214472501103208
1990-07-06,0.061071039124383525
1990-07-13,0.05507658232702763
1990-07-20,0.05523529271166611
1990-07-27,0.05730547910637274
1990-08-03,0.05675179088518236
1990-08-10,0.06734659827509097
1990-08-17,0.11375104346133454
1990-08-24,0.10096426967188522
1990-08-31,0.099513244230484
1990-09-07,0.10014525952706746
1990-09-14,0.09725672629128466
1990-09-21,0.0884559168282184
1990-09-28,0.0899164459673122
1990-10-05,0.09979940107166574
1990-10-12,0.09381326961215214
1990-10-19,0.09131504384054044
1990-10-26,0.08898302924796421
1990-11-02,0.10799454462269271
1990-11-09,0.10733962093772685
1990-11-16,0.09642696793555733
1990-11-23,0.09205632270289493
1990-11-30,0.08284773500178864
1990-12-07,0.07714244607425465
1990-12-14,0.09780878555456826
1990-12-21,0.08988993175208757
1990-12-28,0.08213783899500325
1991-01-04,0.07350807196001971
1991-01-11,0.06729190557177887
1991-01-18,0.06305819720133982
1991-01-25,0.057894805727204283
1991-02-01,0.07185824951294363
1991-02-08,0.08351210530865198
1991-02-15,0.07448562549572023
1991-02-22,0.06844471853216606
1991-03-01,0.08571190341586978
1991-03-08,0.07801871813629663
1991-03-15,0.07410015172056665
1991-03-22,0.06619176384366118
1991-03-29,0.05987544467349274
1991-04-05,0.05641349430058769
1991-04-12,0.05080285011033836
1991-04-19,0.053303262919861205
1991-04-26,0.049500163543524864
1991-05-03,0.045355846512758216
1991-05-10,0.0412682155296982
1991-05-17,0.03878014674279136
1991-05-24,0.03922159296333363
1991-05-31,0.03605011795295923
1991-06-07,0.033465794111388635
1991-06-14,0.03386081287870846
1991-06-21,0.036423514045595955
1991-06-28,0.03397277537530671
1991-07-05,0.031670673329670954
1991-07-12,0.03203528706964244
1991-07-19,0.0324972703096792
1991-07-26,0.03170115208326392
1991-08-02,0.031796589870566674
1991-08-09,0.029787239651823946
1991-08-16,0.028116989266792562
1991-08-23,0.026821090567305333
1991-08-30,0.027752709611170604
1991-09-06,0.026462805419234563
1991-09-13,0.025654589762616833
1991-09-20,0.02570586755489813
1991-09-27,0.0253976763748061
1991-10-04,0.025535334109045457
1991-10-11,0.024775461227858706
1991-10-18,0.027021199314578172
1991-10-25,0.02906856566890856
1991-11-01,0.02855953721881659
1991-11-08,0.02732856555055336
1991-11-15,0.02617750711363709
1991-11-22,0.031108955489710672
1991-11-29,0.031371221840961694
1991-12-06,0.031824886693833765
1991-12-13,0.03635455725449455
1991-12-20,0.03966281819386062
1991-12-27,0.03801693862148125
1992-01-03,0.03737833020997491
1992-01-10,0.03572123961758799
1992-01-17,0.03741649439986757
1992-01-24,0.03560849521063964
1992-01-31,0.03326827165971611
1992-02-07,0.032140512056619525
1992-02-14,0.031063801776100172
1992-02-21,0.02918549667448263
1992-02-28,0.03483814831574956
1992-03-06,0.032513707834956905
1992-03-13,0.030382239837753827
1992-03-20,0.028919414165744593
1992-03-27,0.02833704860492733
1992-04-03,0.026942684306725292
1992-04-10,0.029307568749433896
1992-04-17,0.03141570504239813
1992-04-24,0.030806049575372155
1992-05-01,0.028971930184757466
1992-05-08,0.029842198872261888
1992-05-15,0.028466251247782834
1992-05-22,0.02710987297125891
1992-05-29,0.026988483419645205
1992-06-05,0.04002377644356577
1992-06-12,0.037424688357347025
1992-06-19,0.03453907968948898
1992-06-26,0.03218419367227874
1992-07-03,0.031038966978844694
1992-07-10,0.032261282919918643
1992-07-17,0.03251347345971099
1992-07-24,0.03040805322195636
1992-07-31,0.029425348339474435
1992-08-07,0.027829962236856496
1992-08-14,0.029707721774260277
1992-08-21,0.028360405699896996
1992-08-28,0.027181341042842797
1992-09-04,0.0259763540640309
1992-09-11,0.025308519400630707
1992-09-18,0.024948676179035557
1992-09-25,0.02461097812127881
1992-10-02,0.026301736244975827
1992-10-09,0.025290830253435245
1992-10-16,0.024463419690310236
1992-10-23,0.024591250194920075
1992-10-30,0.02792768884303369
1992-11-06,0.030075682708158472
1992-11-13,0.030095450522573418
1992-11-20,0.02866530249711822
1992-11-27,0.027220828055215817
1992-12-04,0.026485822465588203
1992-12-11,0.03140551956445105
1992-12-18,0.030931334091920566
1992-12-25,0.030095727618944627
1993-01-01,0.030523225923965232
1993-01-08,0.029601110562019764
1993-01-15,0.03192257828722884
1993-01-22,0.03146860002508435
1993-01-29,0.029529689961068032
1993-02-05,0.040361977461951914
1993-02-12,0.03753888166326656
1993-02-19,0.03472039707220258
1993-02-26,0.03546613439586525
1993-03-05,0.03802507617139958
1993-03-12,0.03544813166709024
1993-03-19,0.03339085232233512
1993-03-26,0.03203962240610098
1993-04-02,0.03024283119732037
1993-04-09,0.02985792493698676
1993-04-16,0.028272765550637593
1993-04-23,0.027014178715931383
1993-04-30,0.02709392997752833
1993-05-07,0.026825683887703917
1993-05-14,0.025851703762996833
1993-05-21,0.02677609305921836
1993-05-28,0.02975127835747968
1993-06-04,0.029353509177148535
1993-06-11,0.027808639546480295
1993-06-18,0.029342444913608184
1993-06-25,0.03228647314098208
1993-07-02,0.030898462909019955
1993-07-09,0.029069016600566027
1993-07-16,0.031451235365627606
1993-07-23,0.03064700406619673
1993-07-30,0.029325700574170215
1993-08-06,0.03163610074073205
1993-08-13,0.032593613563341735
1993-08-20,0.030740033480583528
1993-08-27,0.028947984351178468
1993-09-03,0.03135248418593172
1993-09-10,0.03118023157785214
1993-09-17,0.041845180373683184
1993-09-24,0.03828930015058001
1993-10-01,0.039599388789728296
1993-10-08,0.039555576103499905
1993-10-15,0.03639274364394964
1993-10-22,0.03368906780727033
1993-10-29,0.033504297203734844
1993-11-05,0.03691523894726938
1993-11-12,0.0342006280019167
1993-11-19,0.0356240044119854
1993-11-26,0.0329913252025008
1993-12-03,0.036207535374151126
1993-12-10,0.04219960317429337
1993-12-17,0.04201732746676028
1993-12-24,0.040311617615884913
1993-12-31,0.03701325459660235
1994-01-07,0.034822932886135124
1994-01-14,0.04042072579096468
1994-01-21,0.03884137921510758
1994-01-28,0.03701337228519888
1994-02-04,0.03523265869544717
1994-02-11,0.034550473477861075
1994-02-18,0.04181128954434516
1994-02-25,0.04495382516716173
1994-03-04,0.041879228392866626
1994-03-11,0.03885303882972665
1994-03-18,0.038520918134006904
1994-03-25,0.03932412893100387
1994-04-01,0.03723394021159784
1994-04-08,0.040939714134955674
1994-04-15,0.05141204672058413
1994-04-22,0.04776941171817805
1994-04-29,0.04997167656335889
1994-05-06,0.04534751377946278
1994-05-13,0.04173408323242553
1994-05-20,0.042108394751100925
1994-05-27,0.03897392215346029
1994-06-03,0.03591231029153718
1994-06-10,0.033274081343808104
1994-06-17,0.03101897831414276
1994-06-24,0.042608123442107716
1994-07-01,0.03907431253340635
1994-07-08,0.03911236399845232
1994-07-15,0.03622428471950714
1994-07-22,0.03738645619944899
1994-07-29,0.03899893499414728
1994-08-05,0.0362447570936425
1994-08-12,0.03466640060238261
1994-08-19,0.04304979302475614
1994-08-26,0.04706157259472331
1994-09-02,0.04585021588582806
1994-09-09,0.042219819389055245
1994-09-16,0.038666204187974465
1994-09-23,0.0405265767952613
1994-09-30,0.03871484864364139
1994-10-07,0.03715371952357517
1994-10-14,0.034920532578412336
1994-10-21,0.038054051204604505
1994-10-28,0.03506806421269115
1994-11-04,0.03536648487427502
1994-11-11,0.03727391226799823
1994-11-18,0.03624372539977202
1994-11-25,0.038683685866553644
1994-12-02,0.03589550612366457
1994-12-09,0.033222100657277806
1994-12-16,0.03749797553453773
1994-12-23,0.03483194932611763
1994-12-30,0.032790286777143754
1995-01-06,0.03403107928513747
1995-01-13,0.03180181445735466
1995-01-20,0.029900733131632343
1995-01-27,0.03550311609287602
1995-02-03,0.03307257867268319
1995-02-10,0.031001590858137553
1995-02-17,0.029252290349088734
1995-02-24,0.027773758005550587
1995-03-03,0.026759109031815463
1995-03-10,0.026522157107133588
1995-03-17,0.02623322721732833
1995-03-24,0.025560401242808027
1995-03-31,0.02778094506468476
1995-04-07,0.028073599104346883
1995-04-14,0.027458360819409992
1995-04-21,0.02624468440819748
1995-04-28,0.029650141271116457
1995-05-05,0.028004117448318416
1995-05-12,0.02671794134171748
1995-05-19,0.028270298117429267
1995-05-26,0.02725760808743202
1995-06-02,0.029890009547458296
1995-06-09,0.030389874203265412
1995-06-16,0.028704059341759024
1995-06-23,0.027532344792944502
1995-06-30,0.03685614251111667
1995-07-07,0.03440714118024122
1995-07-14,0.03407625421543447
1995-07-21,0.03169799245315234
1995-07-28,0.029993955612217665
1995-08-04,0.028621436362310588
1995-08-11,0.028064519648672952
1995-08-18,0.026738479875546877
1995-08-25,0.02633503916875582
1995-09-01,0.04228448317864639
1995-09-08,0.04798549283286591
1995-09-15,0.04496413222229662
1995-09-22,0.04163760173913908
1995-09-29,0.039501604971454295
1995-10-06,0.041425976246135296
1995-10-13,0.038640397436639155
1995-10-20,0.03555602833640159
1995-10-27,0.033326072399369557
1995-11-03,0.031064313733896266
1995-11-10,0.029601912655005436
1995-11-17,0.02800765656878439
1995-11-24,0.02747683390483148
1995-12-01,0.026341131692875854
1995-12-08,0.026329836845086284
1995-12-15,0.026948425104650384
1995-12-22,0.02643549906618034
1995-12-29,0.02541523840055995
1996-01-05,0.0254173508982926
1996-01-12,0.027175580652988966
1996-01-19,0.029278713028594052
1996-01-26,0.033800335560827406
1996-02-02,0.03241605401538014
1996-02-09,0.03547942433504409
1996-02-16,0.03289094446086442
1996-02-23,0.04000166499750601
1996-03-01,0.06877137602919123
1996-03-08,0.07545862449765205
1996-03-15,0.06752397149742892
1996-03-22,0.06469540528339202
1996-03-29,0.07480679966198356
1996-04-05,0.07071592318803932
1996-04-12,0.06379776597994763
1996-04-19,0.06339952501708752
1996-04-26,0.057226099161175395
1996-05-03,0.05263491221308878
1996-05-10,0.07148398084657177
1996-05-17,0.06407569526255646
1996-05-24,0.05746060030600248
1996-05-31,0.05682776154728382
1996-06-07,0.0649962258343865
1996-06-14,0.05881705636304179
1996-06-21,0.05291062689609673
1996-06-28,0.050574099173849106
1996-07-05,0.04671695749675622
1996-07-12,0.04583269289301248
1996-07-19,0.0419070428809283
1996-07-26,0.03838631464305334
1996-08-02,0.03982160322787181
1996-08-09,0.03725652659788562
1996-08-16,0.0370657156610638
1996-08-23,0.03849433198782886
1996-08-30,0.035662702947983294
1996-09-06,0.03607994305965315
1996-09-13,0.04622341901494806
1996-09-20,0.04522625014328673
1996-09-27,0.04476379629964493
1996-10-04,0.04320709998611029
1996-10-11,0.03944728691228916
1996-10-18,0.037112212145954546
1996-10-25,0.03526645086945426
1996-11-01,0.03325599101442829
1996-11-08,0.03885508180025184
1996-11-15,0.04080443595501883
1996-11-22,0.04144993872144865
1996-11-29,0.037963301104282476
1996-12-06,0.03505735673439388
1996-12-13,0.036257884373479585
1996-12-20,0.03798170452841926
1996-12-27,0.04715348019709464
1997-01-03,0.04417470113258923
1997-01-10,0.04029750804438462
1997-01-17,0.03867475625000168
1997-01-24,0.03901440764725645
1997-01-31,0.040638753083595706
1997-02-07,0.03742649853625632
1997-02-14,0.037577369082128685
1997-02-21,0.043232779823207224
1997-02-28,0.03947611928746521
1997-03-07,0.04635578026549456
1997-03-14,0.04217826242562967
1997-03-21,0.03871951714411799
1997-03-28,0.04185463094834694
1997-04-04,0.04296484495430546
1997-04-11,0.046188812980332526
1997-04-18,0.043042803065176945
1997-04-25,0.03965467968189616
1997-05-02,0.0365904160278177
1997-05-09,0.033885659655379215
1997-05-16,0.031588565822982265
1997-05-23,0.0434771710614099
1997-05-30,0.039678687031584586
1997-06-06,0.03835032468512749
1997-06-13,0.039537543575378635
1997-06-20,0.04662429577058986
1997-06-27,0.04235808640306342
1997-07-04,0.038712708187805416
1997-07-11,0.04133819212312772
1997-07-18,0.03981121144116113
1997-07-25,0.036535568754359087
1997-08-01,0.03375918043975258
1997-08-08,0.033987851338398274
1997-08-15,0.031873677291470434
1997-08-22,0.031116223894084166
1997-08-29,0.029314793274014532
1997-09-05,0.029592321457817903
1997-09-12,0.028007949992412972
1997-09-19,0.02706440020076444
1997-09-26,0.02589360580057958
1997-10-03,0.028872459059145913
1997-10-10,0.04160898094331592
1997-10-17,0.03873668819754606
1997-10-24,0.04144233275865343
1997-10-31,0.037950077838145274
1997-11-07,0.03504546273850477
1997-11-14,0.03317061780115313
1997-11-21,0.030936464478137464
1997-11-28,0.03505866987809912
1997-12-05,0.03482529297556706
1997-12-12,0.03570286850330843
1997-12-19,0.03375547434000903
1997-12-26,0.031670765105785766
1998-01-02,0.029690266593444935
1998-01-09,0.0338713314802714
1998-01-16,0.03749370879238974
1998-01-23,0.03612235858145627
1998-01-30,0.03592308371151071
1998-02-06,0.047241466794638386
1998-02-13,0.046486391776939695
1998-02-20,0.043824628116891834
1998-02-27,0.040549314118494155
1998-03-06,0.04301061680032538
1998-03-13,0.039364997277984336
1998-03-20,0.04445801435171191
1998-03-27,0.04227728650047137
1998-04-03,0.07927088860243253
1998-04-10,0.07188740837727828
1998-04-17,0.06556370688455102
1998-04-24,0.05876488121917672
1998-05-01,0.06151691501854043
1998-05-08,0.0654033683744308
1998-05-15,0.05907503825151821
1998-05-22,0.05492419680933394
1998-05-29,0.06089052443910927
1998-06-05,0.06368038707280549
1998-06-12,0.057109893599957835
1998-06-19,0.07254075197528342
1998-06-26,0.08146910183752566
1998-07-03,0.10229816287271111
1998-07-10,0.09113732572888883
1998-07-17,0.08259402165567253
1998-07-24,0.0753755139462177
1998-07-31,0.07004946951462548
1998-08-07,0.06350093526200622
1998-08-14,0.058619612965617435
1998-08-21,0.05807858309071185
1998-08-28,0.05262222708187074
1998-09-04,0.04852213133215988
1998-09-11,0.045082028312620606
1998-09-18,0.04334885808623689
1998-09-25,0.041419593831996185
1998-10-02,0.04565600410570929
1998-10-09,0.04152996449583201
1998-10-16,0.04510276100758799
1998-10-23,0.048380600209746494
1998-10-30,0.04591971041491459
1998-11-06,0.04472389364980907
1998-11-13,0.04139489756970167
1998-11-20,0.041489724490154554
1998-11-27,0.05743971290994303
1998-12-04,0.059698223951626085
1998-12-11,0.05546946701667014
1998-12-18,0.05029633598021838
1998-12-25,0.047230375660836106
1999-01-01,0.047607758809243304
1999-01-08,0.05359677500538551
1999-01-15,0.05684376013916444
1999-01-22,0.0512394314252435
1999-01-29,0.048327044031922214
1999-02-05,0.04428855612703901
1999-02-12,0.04201844921534304
1999-02-19,0.04084145658161883
1999-02-26,0.03797555309516576
1999-03-05,0.043145924114862615
1999-03-12,0.04342687469866115
1999-03-19,0.057600984811702664
1999-03-26,0.05604602916401048
1999-04-02,0.05359165075236253
1999-04-09,0.05622536789184158
1999-04-16,0.05089893168382352
1999-04-23,0.04669221480478882
1999-04-30,0.05143816330613344
1999-05-07,0.0469677961830649
1999-05-14,0.0435209782095375
1999-05-21,0.04278343711736525
1999-05-28,0.04467049948919164
1999-06-04,0.04084730600740323
1999-06-11,0.038422657051623656
1999-06-18,0.046270356817233314
1999-06-25,0.042394354453049975
1999-07-02,0.03902555190469572
1999-07-09,0.04264522753584746
1999-07-16,0.0430217323517466
1999-07-23,0.039850935905233795
1999-07-30,0.037421533738090464
1999-08-06,0.037751166638399634
1999-08-13,0.03487977968806154
1999-08-20,0.03721319569001044
1999-08-27,0.034456122352989706
1999-09-03,0.03335215792124964
1999-09-10,0.03372973801960322
1999-09-17,0.03806302013885016
1999-09-24,0.042149578313611345
1999-10-01,0.03870973749261029
1999-10-08,0.035598905733034175
1999-10-15,0.048815868135679855
1999-10-22,0.04445548880733819
1999-10-29,0.04051987893900515
1999-11-05,0.03732878996788097
1999-11-12,0.03461081952314994
1999-11-19,0.04248139493969762
1999-11-26,0.050150797280944404
1999-12-03,0.04999943597418364
1999-12-10,0.055915365094854105
1999-12-17,0.051741419154445474
1999-12-24,0.0467663312703209
1999-12-31,0.042586674103768894
2000-01-07,0.039083691281741065
2000-01-14,0.043792209686052984
2000-01-21,0.04570766653328795
2000-01-28,0.06431470095503987
2000-02-04,0.06005229463832997
2000-02-11,0.05418215211641855
2000-02-18,0.05008840228379673
2000-02-25,0.04776539901774747
2000-03-03,0.04341596833265893
2000-03-10,0.041804490284562804
2000-03-17,0.040829237688916165
2000-03-24,0.0395287768452806
2000-03-31,0.0623133269174138
2000-04-07,0.058821265582528724
2000-04-14,0.05779175679849152
2000-04-21,0.05378296533382351
2000-04-28,0.0571936541237902
2000-05-05,0.05306497554203652
2000-05-12,0.04957735040610322
2000-05-19,0.05436453842739012
2000-05-26,0.05196082030002897
2000-06-02,0.04749126990869593
2000-06-09,0.04366828919712946
2000-06-16,0.03999038055427446
2000-06-23,0.052417142960360624
2000-06-30,0.04939980160475833
2000-07-07,0.049128722390438646
2000-07-14,0.05125870803055353
2000-07-21,0.04634597218370345
2000-07-28,0.04217835013209887
2000-08-04,0.056227296855466416
2000-08-11,0.05109315297860184
2000-08-18,0.05216180478460095
2000-08-25,0.052635860178362394
2000-09-01,0.0482186294671514
2000-09-08,0.04439092425773438
2000-09-15,0.04384925536777893
2000-09-22,0.04007679343385301
2000-09-29,0.037907475542898764
2000-10-06,0.0689297460410132
2000-10-13,0.061692269107733
2000-10-20,0.06567760529542013
2000-10-27,0.05919311878115477
2000-11-03,0.05344863926025603
2000-11-10,0.05085199083786861
2000-11-17,0.04675036961975883
2000-11-24,0.046650303685428565
2000-12-01,0.04370106328042609
2000-12-08,0.046488818096622885
2000-12-15,0.07563712403193089
2000-12-22,0.0683539818181173
2000-12-29,0.066988608316089
2001-01-05,0.061856220312178835
2001-01-12,0.05910826371784473
2001-01-19,0.05525520983331361
2001-01-26,0.05645076551155716
2001-02-02,0.05172898076194664
2001-02-09,0.05381317400911247
2001-02-16,0.052083230375424415
2001-02-23,0.05084793479946858
2001-03-02,0.04884622826335718
2001-03-09,0.04600115275375347
2001-03-16,0.04253542329590207
2001-03-23,0.045603159890203006
2001-03-30,0.04287651208674003
2001-04-06,0.03969486556582502
2001-04-13,0.03651930989153404
2001-04-20,0.041258498614491865
2001-04-27,0.03838415112505996
2001-05-04,0.0385656797680361
2001-05-11,0.04139657588711491
2001-05-18,0.03816299095940173
2001-05-25,0.03789724491631746
2001-06-01,0.035063735246523633
2001-06-08,0.033560072106390074
2001-06-15,0.03228990737414815
2001-06-22,0.0331403266549107
2001-06-29,0.04288697088598221
2001-07-06,0.04121211415957375
2001-07-13,0.038482143913219295
2001-07-20,0.03549436022065574
2001-07-27,0.045714472559131934
2001-08-03,0.04640885979610605
2001-08-10,0.04316387753705758
2001-08-17,0.04109822329765393
2001-08-24,0.03818001136387043
2001-08-31,0.03553513113200382
2001-09-07,0.03377923415917722
2001-09-14,0.03246649473178237
2001-09-21,0.03289450249361428
2001-09-28,0.03614921302725687
2001-10-05,0.09304085579449693
2001-10-12,0.08287321529159795
2001-10-19,0.07386229154420633
2001-10-26,0.06781643128690015
2001-11-02,0.06082159716447303
2001-11-09,0.05627206974556543
2001-11-16,0.05182788126154755
2001-11-23,0.05309195329286652
2001-11-30,0.05775096172827728
2001-12-07,0.05550480239740747
2001-12-14,0.050511947298844694
2001-12-21,0.052032538044153635
2001-12-28,0.049995648684542475
2002-01-04,0.059085347099953896
2002-01-11,0.05325450902896022
2002-01-18,0.0484975774795439
2002-01-25,0.06286950675589806
2002-02-01,0.05797012545747641
2002-02-08,0.05323331072446428
2002-02-15,0.04831505954602788
2002-02-22,0.05068928749342987
2002-03-01,0.047169768547468016
2002-03-08,0.045274188613977064
2002-03-15,0.05523816912234862
2002-03-22,0.053513657896847526
2002-03-29,0.050423580724011326
2002-04-05,0.046679636455704006
2002-04-12,0.04619087347357607
2002-04-19,0.052064396342619376
2002-04-26,0.04725302309709522
2002-05-03,0.04544869874136529
2002-05-10,0.04181491418271831
2002-05-17,0.03865258237702735
2002-05-24,0.03976636736961842
2002-05-31,0.04206582062765593
2002-06-07,0.051516421276871886
2002-06-14,0.04678951106602895
2002-06-21,0.04254838915133361
2002-06-28,0.04040508964954355
2002-07-05,0.03988826307448087
2002-07-12,0.036823289477205874
2002-07-19,0.03410494390323273
2002-07-26,0.03480477149886622
2002-08-02,0.03648581084504511
2002-08-09,0.03385321484169896
2002-08-16,0.03159962681965129
2002-08-23,0.04042387959642283
2002-08-30,0.043694596950667026
2002-09-06,0.04448744710518891
2002-09-13,0.040698816109270335
2002-09-20,0.0397010434597065
2002-09-27,0.03664247354845063
2002-10-04,0.03818423863872972
2002-10-11,0.03572990168000769
2002-10-18,0.03592519495788431
2002-10-25,0.033420886464832
2002-11-01,0.04210363331215498
2002-11-08,0.04118288188695885
2002-11-15,0.04208469169722714
2002-11-22,0.03890983110043034
2002-11-29,0.041617287232023105
2002-12-06,0.038214627226162576
2002-12-13,0.03544419605354863
2002-12-20,0.03440340535942122
2002-12-27,0.04974440683422033
2003-01-03,0.05311030417468258
2003-01-10,0.04840291953025849
2003-01-17,0.04439756716571229
2003-01-24,0.045107800525233534
2003-01-31,0.04483161150519039
2003-02-07,0.04445294584759243
2003-02-14,0.04155214865650521
2003-02-21,0.04432567072173547
2003-02-28,0.04196173160650339
2003-03-07,0.038399319137607045
2003-03-14,0.03534484891441409
2003-03-21,0.03309031342345634
2003-03-28,0.08917739251290857
2003-04-04,0.0793919268930935
2003-04-11,0.07289261736278872
2003-04-18,0.06846498261589051
2003-04-25,0.06406589665748963
2003-05-02,0.05912297733613275
2003-05-09,0.07037879612748457
2003-05-16,0.0645748692907544
2003-05-23,0.06566968202335934
2003-05-30,0.0598219792311756
2003-06-06,0.05388589081476239
2003-06-13,0.053710415566391216
2003-06-20,0.04956974250866824
2003-06-27,0.04679162852239224
2003-07-04,0.04355270067385016
2003-07-11,0.039890545547017146
2003-07-18,0.036989533151152984
2003-07-25,0.035569254214762265
2003-08-01,0.03554396722398873
2003-08-08,0.03293630635908162
2003-08-15,0.036047036650706424
2003-08-22,0.03547195450736226
2003-08-29,0.03295932166869808
2003-09-05,0.031076334195078423
2003-09-12,0.04600951945708026
2003-09-19,0.042140897210459466
2003-09-26,0.045984788259505166
2003-10-03,0.042071720905049605
2003-10-10,0.04631078848423441
2003-10-17,0.045750568840509126
2003-10-24,0.04296000265436354
2003-10-31,0.04400518509507028
2003-11-07,0.04255112093162189
2003-11-14,0.039478244552870204
2003-11-21,0.04403676541267016
2003-11-28,0.042320760435133775
2003-12-05,0.0528817582531449
2003-12-12,0.04823508927309474
2003-12-19,0.04851567135040385
2003-12-26,0.04598480780976985
2004-01-02,0.044067959545597675
2004-01-09,0.0405069923367577
2004-01-16,0.04021186266509284
2004-01-23,0.03758979625593367
2004-01-30,0.03641764850629684
2004-02-06,0.04171819422398873
2004-02-13,0.038315918039451155
2004-02-20,0.03568156815591191
2004-02-27,0.038925198980157616
2004-03-05,0.03627021043029004
2004-03-12,0.03414849110768247
2004-03-19,0.031956110849965275
2004-03-26,0.033620374407072516
2004-04-02,0.034456196085719454
2004-04-09,0.03696094009488087
2004-04-16,0.03449973768155463
2004-04-23,0.03770762949467861
2004-04-30,0.03478875717291244
2004-05-07,0.03230096134806583
2004-05-14,0.037217607163595554
2004-05-21,0.03633438374132366
2004-05-28,0.033871770806562396
2004-06-04,0.03165063168297673
2004-06-11,0.030698295292466794
2004-06-18,0.03753035446414514
2004-06-25,0.03467892595253361
2004-07-02,0.03230864491432163
2004-07-09,0.03112849523068982
2004-07-16,0.041412226728770145
2004-07-23,0.03835221821187236
2004-07-30,0.03655013265787161
2004-08-06,0.03594954612152622
2004-08-13,0.035630224938208645
2004-08-20,0.035670984278974936
2004-08-27,0.03806217876087357
2004-09-03,0.045825834296242686
2004-09-10,0.04326403385831361
2004-09-17,0.039478571659090196
2004-09-24,0.037604923447154534
2004-10-01,0.047499288007834664
2004-10-08,0.04616680993858485
2004-10-15,0.04540855028215408
2004-10-22,0.04549096926845611
2004-10-29,0.04142078367888639
2004-11-05,0.03898179599369453
2004-11-12,0.04816269282981393
2004-11-19,0.04700326019526062
2004-11-26,0.043845772924640966
2004-12-03,0.04295311832158428
2004-12-10,0.04736082416717701
2004-12-17,0.06082914243129441
2004-12-24,0.056882425852638016
2004-12-31,0.051867895479927484
2005-01-07,0.05098264843656983
2005-01-14,0.04854883565401028
2005-01-21,0.051103415327203375
2005-01-28,0.04711994978235452
2005-02-04,0.04317038974134816
2005-02-11,0.0424098822620904
2005-02-18,0.03986356261437113
2005-02-25,0.0398314523380624
2005-03-04,0.05026920511377697
2005-03-11,0.046133305524941826
2005-03-18,0.043500964303304704
2005-03-25,0.04177910754256711
2005-04-01,0.04582444008822688
2005-04-08,0.04461231925669242
2005-04-15,0.04065457702467779
2005-04-22,0.04955691261624439
2005-04-29,0.04548019044866869
2005-05-06,0.04158259216347688
2005-05-13,0.04009395455472331
2005-05-20,0.036945943465615395
2005-05-27,0.041793726336003825
2005-06-03,0.04357911791297319
2005-06-10,0.049964559447257334
2005-06-17,0.045240195569788554
2005-06-24,0.04536186884816674
2005-07-01,0.04648950562362339
2005-07-08,0.04284023043796593
2005-07-15,0.04204135421281788
2005-07-22,0.03962369525862753
2005-07-29,0.03944115273210464
2005-08-05,0.039284109322269695
2005-08-12,0.03940139448268192
2005-08-19,0.0422931971458123
2005-08-26,0.03864958376639588
2005-09-02,0.03663677187000889
2005-09-09,0.03637228973185005
2005-09-16,0.04212405935045087
2005-09-23,0.039237883551367855
2005-09-30,0.039843831349851845
2005-10-07,0.03671107592158737
2005-10-14,0.040200111587537606
2005-10-21,0.03692787925328144
2005-10-28,0.03445891409673441
2005-11-04,0.03291992921024183
2005-11-11,0.03176801534853017
2005-11-18,0.03222946993196609
2005-11-25,0.03354421422432322
2005-12-02,0.03224369800209322
2005-12-09,0.030360258418466603
2005-12-16,0.032186102475028316
2005-12-23,0.0302419393151744
2005-12-30,0.03401663339868307
2006-01-06,0.034297414451756617
2006-01-13,0.04057920524580621
2006-01-20,0.03722391229261572
2006-01-27,0.03978691136355805
2006-02-03,0.03651843116292478
2006-02-10,0.03382637541872113
2006-02-17,0.04030453306266217
2006-02-24,0.04622848777797879
2006-03-03,0.042153087748193714
2006-03-10,0.041842208121741005
2006-03-17,0.039767227062645516
2006-03-24,0.0383757860160361
2006-03-31,0.03671595276093806
2006-04-07,0.04497870192946742
2006-04-14,0.04127510843500901
2006-04-21,0.04040184379396471
2006-04-28,0.041349824712002464
2006-05-05,0.039188683507951766
2006-05-12,0.03743185367416325
2006-05-19,0.03484787227670492
2006-05-26,0.03620116921964132
2006-06-02,0.034285269379771756
2006-06-09,0.032546910041436485
2006-06-16,0.03041875068276683
2006-06-23,0.031824304028466824
2006-06-30,0.02988382357035134
2006-07-07,0.03251468826147134
2006-07-14,0.03242813938298774
2006-07-21,0.030416008641348673
2006-07-28,0.029783832228111876
2006-08-04,0.028152865553825804
2006-08-11,0.027714827053811838
2006-08-18,0.026469609359405257
2006-08-25,0.03502068763946414
2006-09-01,0.03250623911748576
2006-09-08,0.03348418254937114
2006-09-15,0.0354959241961558
2006-09-22,0.04128286782651487
2006-09-29,0.042392749502427246
2006-10-06,0.03885748876255373
2006-10-13,0.039459741821168764
2006-10-20,0.03753822014335119
2006-10-27,0.03464211821659347
2006-11-03,0.03224214054908463
2006-11-10,0.030337878081125272
2006-11-17,0.030216801326324563
2006-11-24,0.03427345118616908
2006-12-01,0.03202562691666288
2006-12-08,0.046125415353521174
2006-12-15,0.041949897598026975
2006-12-22,0.03853931068736317
2006-12-29,0.035558073154075075
2007-01-05,0.03557823683061735
2007-01-12,0.04002424234467765
2007-01-19,0.047415076057909886
2007-01-26,0.048717447059002196
2007-02-02,0.04721762134058128
2007-02-09,0.05109526360214129
2007-02-16,0.04818549040602528
2007-02-23,0.04400982190352946
2007-03-02,0.040902170762774026
2007-03-09,0.04015824058543235
2007-03-16,0.037412049990686695
2007-03-23,0.04131179942490334
2007-03-30,0.037847276662905265
2007-04-06,0.054949138288036006
2007-04-13,0.0496666857911693
2007-04-20,0.0479174198585028
2007-04-27,0.04354563989711544
2007-05-04,0.042291148613429405
2007-05-11,0.040124115319753226
2007-05-18,0.039543041426733566
2007-05-25,0.03804682566167459
2007-06-01,0.03596089607648989
2007-06-08,0.03408839055125989
2007-06-15,0.03414620573279554
2007-06-22,0.032005235251563825
2007-06-29,0.03284245760141935
2007-07-06,0.030691141943494246
2007-07-13,0.033009232422256646
2007-07-20,0.03127234490215453
2007-07-27,0.03173996335116036
2007-08-03,0.02974209678553232
2007-08-10,0.029370457805721954
2007-08-17,0.04079296110100051
2007-08-24,0.037369197637219825
2007-08-31,0.03666256252053583
2007-09-07,0.03759138979401378
2007-09-14,0.03877214629024223
2007-09-21,0.039266204767444204
2007-09-28,0.040116866318290215
2007-10-05,0.03699632349409492
2007-10-12,0.034843776042854206
2007-10-19,0.03257927902040498
2007-10-26,0.0446789544626901
2007-11-02,0.04119076366427335
2007-11-09,0.04263831043541539
2007-11-16,0.040280842160686406
2007-11-23,0.03866388692223303
2007-11-30,0.04060620239764233
2007-12-07,0.04566247564986158
2007-12-14,0.04582810635805969
2007-12-21,0.04322326282686701
2007-12-28,0.03945308476278269
2008-01-04,0.04169892130955775
2008-01-11,0.0396588756481855
2008-01-18,0.040019211756103186
2008-01-25,0.040214691273272915
2008-02-01,0.03853819701826309
2008-02-08,0.03629267539954176
2008-02-15,0.03532176462000126
2008-02-22,0.04050256725141663
2008-02-29,0.04447563013592786
2008-03-07,0.040783267719444335
2008-03-14,0.038828553834440914
2008-03-21,0.04303808265186991
2008-03-28,0.04311781280896187
2008-04-04,0.03957373479873525
2008-04-11,0.03670818532105389
2008-04-18,0.042376534435196185
2008-04-25,0.042546895528135315
2008-05-02,0.04177672291203671
2008-05-09,0.04026324367105442
2008-05-16,0.04613784461647377
2008-05-23,0.042398167798356694
2008-05-30,0.04244748273399873
2008-06-06,0.03933520214956375
2008-06-13,0.03617902313207261
2008-06-20,0.03992245260651406
2008-06-27,0.03670316150314895
2008-07-04,0.03482206029245054
2008-07-11,0.03644719381525818
2008-07-18,0.034852645612628456
2008-07-25,0.03594649726439392
2008-08-01,0.04697657140865504
2008-08-08,0.04302897623684623
2008-08-15,0.045028072763528736
2008-08-22,0.04464111130562949
2008-08-29,0.04087659142383302
2008-09-05,0.037446855426908045
2008-09-12,0.046795978620098655
2008-09-19,0.048841175024867955
2008-09-26,0.05146308103820674
2008-10-03,0.07520638219612218
2008-10-10,0.09241188836150943
2008-10-17,0.0970137930388759
2008-10-24,0.10630030169775714
2008-10-31,0.10336354459654999
2008-11-07,0.09471486008926737
2008-11-14,0.08452893714911172
2008-11-21,0.08642220947048511
2008-11-28,0.0928976934016703
2008-12-05,0.08300561846515186
2008-12-12,0.10207767585112229
2008-12-19,0.09136503242978533
2008-12-26,0.09680826488708388
2009-01-02,0.12009114779902517
2009-01-09,0.15424372202605938
2009-01-16,0.13810126167196984
2009-01-23,0.1496982049736756
2009-01-30,0.14583491484878966
2009-02-06,0.12927584444003354
2009-02-13,0.11658194267355003
2009-02-20,0.11281916508024004
2009-02-27,0.10014698369077342
2009-03-06,0.09945272919064924
2009-03-13,0.09091579465409835
2009-03-20,0.08443716330620893
2009-03-27,0.083063075449976
2009-04-03,0.07978142270915034
2009-04-10,0.07501652011365588
2009-04-17,0.06699238564269157
2009-04-24,0.060307953958916354
2009-05-01,0.057642624523186484
2009-05-08,0.055993881024867395
2009-05-15,0.06946740481684797
2009-05-22,0.06387335341606722
2009-05-29,0.059802339914516646
2009-06-05,0.06055282541131662
2009-06-12,0.059776439908119434
2009-06-19,0.05629199722402896
2009-06-26,0.05074708821512897
2009-07-03,0.0479680647003277
2009-07-10,0.043693600791698206
2009-07-17,0.06750015994942862
2009-07-24,0.06047470795126159
2009-07-31,0.06084063628036272
2009-08-07,0.05574201794602622
2009-08-14,0.05777363614438095
2009-08-21,0.05360525335464505
2009-08-28,0.04881699213842712
2009-09-04,0.045147248506160524
2009-09-11,0.04868173639841604
2009-09-18,0.046725992943758954
2009-09-25,0.04248058135355515
2009-10-02,0.043641853187048954
2009-10-09,0.039879932391533625
2009-10-16,0.03843106351845518
2009-10-23,0.045920036504293923
2009-10-30,0.048186201925511866
2009-11-06,0.04478000366282239
2009-11-13,0.04083405681008663
2009-11-20,0.037754797274705106
2009-11-27,0.034789679519994086
2009-12-04,0.035082458929532344
2009-12-11,0.03268260205768231
2009-12-18,0.04479389156472193
2009-12-25,0.040789715139680015
2010-01-01,0.04137020631281494
2010-01-08,0.04496466308335871
2010-01-15,0.04444351170134223
2010-01-22,0.04263650879854248
2010-01-29,0.04398488442852675
2010-02-05,0.04344556815798405
2010-02-12,0.039744859262841395
2010-02-19,0.03681429737529468
2010-02-26,0.042132038440063434
2010-03-05,0.03879632779131885
2010-03-12,0.03597173561223858
2010-03-19,0.03419903147392758
2010-03-26,0.03189557612585467
2010-04-02,0.030310495100543348
2010-04-09,0.03100359764437731
2010-04-16,0.03199419305071028
2010-04-23,0.030936408396545757
2010-04-30,0.030289342804932888
2010-05-07,0.02920980442097181
2010-05-14,0.03561518107149979
2010-05-21,0.04535468025919337
2010-05-28,0.05547478233473016
2010-06-04,0.050733837588505436
2010-06-11,0.047826296011353034
2010-06-18,0.04345712085208502
2010-06-25,0.04379494998786133
2010-07-02,0.039952122160891834
2010-07-09,0.03894687340323207
2010-07-16,0.036048255005191994
2010-07-23,0.035059313928212765
2010-07-30,0.03310493423404379
2010-08-06,0.030969521716522518
2010-08-13,0.035149751259483164
2010-08-20,0.03880075670286161
2010-08-27,0.04103669883098183
2010-09-03,0.03959955268749699
2010-09-10,0.03683733635694474
2010-09-17,0.03424786081402356
2010-09-24,0.032076981730600314
2010-10-01,0.03230792046146449
2010-10-08,0.04020570899939542
2010-10-15,0.04232672938800397
2010-10-22,0.03870656617544795
2010-10-29,0.036156609788256994
2010-11-05,0.03367917828665692
2010-11-12,0.03464268279023027
2010-11-19,0.03353733421858133
2010-11-26,0.04036521831365393
2010-12-03,0.03700904263122821
2010-12-10,0.04109596554703245
2010-12-17,0.03849377897505778
2010-12-24,0.035470605534685985
2010-12-31,0.033436689794285934
2011-01-07,0.0316663848451626
2011-01-14,0.03070807807009703
2011-01-21,0.029606470107138523
2011-01-28,0.028853362373247815
2011-02-04,0.03348644388816746
2011-02-11,0.035317134888603774
2011-02-18,0.039055111348329404
2011-02-25,0.036791458528843156
2011-03-04,0.06443887632738247
2011-03-11,0.06317875562860942
2011-03-18,0.05771967415848542
2011-03-25,0.05502076563192821
2011-04-01,0.05326605971804381
2011-04-08,0.048122361614715684
2011-04-15,0.04675037503219481
2011-04-22,0.04306355287928057
2011-04-29,0.039598019608308666
2011-05-06,0.03830651043975492
2011-05-13,0.044594176591404106
2011-05-20,0.04864697858525339
2011-05-27,0.04506700611552763
2011-06-03,0.041494540945150905
2011-06-10,0.03833538884045122
2011-06-17,0.03559070979233706
2011-06-24,0.03850140949690941
2011-07-01,0.038805565823406725
2011-07-08,0.035902258410092154
2011-07-15,0.036545773150337274
2011-07-22,0.03387185967424828
2011-07-29,0.03193033353891474
2011-08-05,0.029939885737381926
2011-08-12,0.04413398629041642
2011-08-19,0.058138231532064225
2011-08-26,0.053765772870875424
2011-09-02,0.04856915616344618
2011-09-09,0.046430513011379765
2011-09-16,0.04222130864634261
2011-09-23,0.03883112461447031
2011-09-30,0.04548529540977033
2011-10-07,0.04375252830784456
2011-10-14,0.04126815848928109
2011-10-21,0.04908061126465314
2011-10-28,0.044989277877629644
2011-11-04,0.048866678373187276
2011-11-11,0.04443223741548599
2011-11-18,0.04379872346484726
2011-11-25,0.041143172670720936
2011-12-02,0.03949889876873154
2011-12-09,0.038499922773806
2011-12-16,0.03542087983160941
2011-12-23,0.03799498033544754
2011-12-30,0.035675213720892246
2012-01-06,0.03412507174045837
2012-01-13,0.033454972064737847
2012-01-20,0.03257096265103744
2012-01-27,0.030572567466129876
2012-02-03,0.02897945435601387
2012-02-10,0.028548908026612044
2012-02-17,0.02722588791150056
2012-02-24,0.02923706460630663
2012-03-02,0.03567600267124648
2012-03-09,0.033039669365773745
2012-03-16,0.031367701450147514
2012-03-23,0.029466626896225596
2012-03-30,0.027853672468590874
2012-04-06,0.027255831662431843
2012-04-13,0.02714320776490363
2012-04-20,0.026426488295366625
2012-04-27,0.025425228840801072
2012-05-04,0.024624596792298593
2012-05-11,0.02400146180859265
2012-05-18,0.0378765073254959
2012-05-25,0.03974090972653812
2012-06-01,0.038290024301586116
2012-06-08,0.04052961660216628
2012-06-15,0.03988516183421732
2012-06-22,0.037259770100775906
2012-06-29,0.036595142053296975
2012-07-06,0.03428450625056622
2012-07-13,0.04301413109321203
2012-07-20,0.03926850573257853
2012-07-27,0.04243715893661244
2012-08-03,0.03960750627027021
2012-08-10,0.03636209004033129
2012-08-17,0.03862135467677514
2012-08-24,0.03592310908380006
2012-08-31,0.0340973066874322
2012-09-07,0.03188109724022218
2012-09-14,0.02986533402695822
2012-09-21,0.02926565472955613
2012-09-28,0.03350206006504564
2012-10-05,0.033496909940402345
2012-10-12,0.03139527049344714
2012-10-19,0.0295308746178875
2012-10-26,0.027905259094234268
2012-11-02,0.03799183058692332
2012-11-09,0.03514587030603518
2012-11-16,0.03258870556705423
2012-11-23,0.030475838598150437
2012-11-30,0.02954946277862263
2012-12-07,0.02795957682770552
2012-12-14,0.026703266190087085
2012-12-21,0.026660671131199035
2012-12-28,0.028314914316043206
2013-01-04,0.028281202873846438
2013-01-11,0.0294548056424368
2013-01-18,0.027923124276994497
2013-01-25,0.02703081636813848
2013-02-01,0.02603839994805252
2013-02-08,0.02632366612085558
2013-02-15,0.026009626233541878
2013-02-22,0.025174427905693592
2013-03-01,0.027519033716199993
2013-03-08,0.028584736543369273
2013-03-15,0.027922128849355066
2013-03-22,0.027611040586823385
2013-03-29,0.02634199411265906
2013-04-05,0.028679778646753078
2013-04-12,0.02776165729185955
2013-04-19,0.02791661913642922
2013-04-26,0.03806643923009531
2013-05-03,0.0378135565265063
2013-05-10,0.03648429218177779
2013-05-17,0.03537975205938139
2013-05-24,0.03340306958954348
2013-05-31,0.031126636920246774
2013-06-07,0.0302134664565584
2013-06-14,0.02869929193622624
2013-06-21,0.02869814883061057
2013-06-28,0.027224375889682222
2013-07-05,0.02641868780765791
2013-07-12,0.033009359531531425
2013-07-19,0.035095806782203566
2013-07-26,0.03361370809281322
2013-08-02,0.03170071886333548
2013-08-09,0.029789131090314808
2013-08-16,0.028219154555828074
2013-08-23,0.02766899822542954
2013-08-30,0.02730946818448822
2013-09-06,0.028349799745728068
2013-09-13,0.0269515547678484
2013-09-20,0.025909720272381205
2013-09-27,0.02677304377375395
2013-10-04,0.029285008896815876
2013-10-11,0.027709729025170615
2013-10-18,0.026548130572225236
2013-10-25,0.026162997212819384
2013-11-01,0.031227754033362275
2013-11-08,0.029544276521937373
2013-11-15,0.030841759913565962
2013-11-22,0.029103762924654313
2013-11-29,0.02756789692307178
2013-12-06,0.02683231881998235
2013-12-13,0.02950589508028318
2013-12-20,0.028156888831488102
2013-12-27,0.026851619765789755
2014-01-03,0.026206951183007574
2014-01-10,0.02837039266822649
2014-01-17,0.033554678163689115
2014-01-24,0.03130939870621959
2014-01-31,0.0327041516165279
2014-02-07,0.030838605081060875
2014-02-14,0.029023184341731456
2014-02-21,0.02930704478966909
2014-02-28,0.029885203624968448
2014-03-07,0.02823813158959088
2014-03-14,0.02684577737774131
2014-03-21,0.030462373802075088
2014-03-28,0.028676185149583297
2014-04-04,0.02738418912127516
2014-04-11,0.026197187010984394
2014-04-18,0.02678276955020583
2014-04-25,0.026045368768108486
2014-05-02,0.026551804936676974
2014-05-09,0.02665283138581038
2014-05-16,0.02560825222119801
2014-05-23,0.025513822777441273
2014-05-30,0.025724198021525525
2014-06-06,0.024793189869860396
2014-06-13,0.0243579494733417
2014-06-20,0.026080493460863358
2014-06-27,0.025476848731076664
2014-07-04,0.02478253297633185
2014-07-11,0.024708468013058673
2014-07-18,0.026185648275261965
2014-07-25,0.02558976106357007
2014-08-01,0.025873345746293026
2014-08-08,0.026906485057409026
2014-08-15,0.033753935844539854
2014-08-22,0.03150514968095135
2014-08-29,0.03157417086022091
2014-09-05,0.0300645351097046
2014-09-12,0.030443285675917225
2014-09-19,0.029930404585311845
2014-09-26,0.028581160829949874
2014-10-03,0.02724568413191142
2014-10-10,0.027572505745173743
2014-10-17,0.03294295585112157
2014-10-24,0.040089551366277315
2014-10-31,0.037099665570695536
2014-11-07,0.034651463381168965
2014-11-14,0.036822681126297704
2014-11-21,0.03569611738018457
2014-11-28,0.03387066121155419
2014-12-05,0.036850740603035684
2014-12-12,0.048121070302494184
2014-12-19,0.06122650645051867
2014-12-26,0.06855869495562272
2015-01-02,0.06144580538155554
2015-01-09,0.058145351899590345
2015-01-16,0.06689469898697066
2015-01-23,0.06218546539333901
2015-01-30,0.05620416052321653
2015-02-06,0.052005093295937305
2015-02-13,0.06738432196325876
2015-02-20,0.06047405944690338
2015-02-27,0.05446854171891796
2015-03-06,0.054344425574460994
2015-03-13,0.05005147398410344
2015-03-20,0.051914560954391446
2015-03-27,0.057286063753012845
2015-04-03,0.06552989034248055
2015-04-10,0.058733442391160885
2015-04-17,0.058299420077598314
2015-04-24,0.05782578739777499
2015-05-01,0.05300782218779038
2015-05-08,0.04975383153751592
2015-05-15,0.046747057099142064
2015-05-22,0.04248118518537244
2015-05-29,0.039789527487817805
2015-06-05,0.037109602919942954
2015-06-12,0.03577291721743646
2015-06-19,0.03319228431155039
2015-06-26,0.03102364080935156
2015-07-03,0.02914133322039204
2015-07-10,0.03222638056018758
2015-07-17,0.054805410027029586
2015-07-24,0.049879116220838224
2015-07-31,0.05054606040747956
2015-08-07,0.047483917067539023
2015-08-14,0.05218522482031185
2015-08-21,0.050633839160917356
2015-08-28,0.05018128765177374
2015-09-04,0.046024749199277175
2015-09-11,0.07367996588017338
2015-09-18,0.06776355839086462
2015-09-25,0.06070976546021625
2015-10-02,0.05452812288617011
2015-10-09,0.04958967799881973
2015-10-16,0.05479220114387548
2015-10-23,0.05170845840831208
2015-10-30,0.04971378877137943
2015-11-06,0.04508279869059492
2015-11-13,0.04199333405935969
2015-11-20,0.05122187611312865
2015-11-27,0.051774209145277826
2015-12-04,0.046844026561219936
2015-12-11,0.04258341888801175
2015-12-18,0.056494590772802375
2015-12-25,0.05302547049224374
2016-01-01,0.04814693531127698
2016-01-08,0.04441054286524202
2016-01-15,0.05038859892014467
2016-01-22,0.07263700973319107
2016-01-29,0.06846459153522193
2016-02-05,0.07190727498941847
2016-02-12,0.06485160169999912
2016-02-19,0.07527944111081433
2016-02-26,0.07286298251455763
2016-03-04,0.06759350565423472
2016-03-11,0.07339478060543604
2016-03-18,0.0766297278646309
2016-03-25,0.0687192484779253
2016-04-01,0.06269306791713024
2016-04-08,0.06455128070532544
2016-04-15,0.057902907807998436
2016-04-22,0.07289940329544678
2016-04-29,0.06541646506497935
2016-05-06,0.06354433113736391
2016-05-13,0.05701448140651533
2016-05-20,0.052564850390643354
2016-05-27,0.05301878864194815
2016-06-03,0.04823233298657694
2016-06-10,0.04377346144997273
2016-06-17,0.041106201567785536
2016-06-24,0.04344345970725709
2016-07-01,0.040207054346387106
2016-07-08,0.03732331317471096
2016-07-15,0.03970003590756873
2016-07-22,0.03699136040830908
2016-07-29,0.03630333837788677
2016-08-05,0.04363111837934869
2016-08-12,0.041487333188248356
2016-08-19,0.04469875332361831
2016-08-26,0.05661255447624688
2016-09-02,0.05100793076655325
2016-09-09,0.05013645602727103
2016-09-16,0.04599963616213031
2016-09-23,0.04509030568312631
2016-09-30,0.041075971936594124
2016-10-07,0.04188210435256101
2016-10-14,0.046565287557720145
2016-10-21,0.04279487550376094
2016-10-28,0.039108680511562445
2016-11-04,0.03774845877010236
2016-11-11,0.05087638067695062
2016-11-18,0.047035784864633536
2016-11-25,0.04295371634333139
2016-12-02,0.04380272060429272
2016-12-09,0.04172047740418981
2016-12-16,0.04317970389391576
2016-12-23,0.04008725646696404
2016-12-30,0.03677163867601125
2017-01-06,0.03642379097693539
2017-01-13,0.03379667610865204
2017-01-20,0.03352121444499892
2017-01-27,0.03136442253161712
2017-02-03,0.030259459095648065
2017-02-10,0.02881021583782574
2017-02-17,0.02769597712794937
2017-02-24,0.02647689759780259
2017-03-03,0.026088892283529817
2017-03-10,0.025527102320812397
2017-03-17,0.036636358655378766
2017-03-24,0.04105327229712693
2017-03-31,0.03840151809459991
2017-04-07,0.03897695562314131
2017-04-14,0.040128675173353404
2017-04-21,0.04002004421469012
2017-04-28,0.04125658677018671
2017-05-05,0.042006336551830996
2017-05-12,0.04264750661747247
2017-05-19,0.039026024539545484
2017-05-26,0.04088797205442712
2017-06-02,0.03827716389684134
2017-06-09,0.038900417270967325
2017-06-16,0.040394596576245
2017-06-23,0.03930423015196127
2017-06-30,0.042903035059645454
2017-07-07,0.041905065682749904
2017-07-14,0.03839745630553135
2017-07-21,0.0356356998993761
2017-07-28,0.03394367910955268
2017-08-04,0.03575171468180966
2017-08-11,0.03476100245505333
2017-08-18,0.032619576467147415
2017-08-25,0.03407593195463922
2017-09-01,0.03169666223516306
2017-09-08,0.03143259714031038
2017-09-15,0.03404727529242367
2017-09-22,0.031877938854980546
2017-09-29,0.031082004364050973
2017-10-06,0.03223433283018721
2017-10-13,0.03337477634226707
2017-10-20,0.0313541922443795
2017-10-27,0.030395224168759
2017-11-03,0.029201043312642685
2017-11-10,0.032216717822623406
2017-11-17,0.035571594134380505
2017-11-24,0.034620966585631414
2017-12-01,0.03441851556988756
2017-12-08,0.03202876148373891
2017-12-15,0.030962647384554814
2017-12-22,0.029113277284249065
2017-12-29,0.027947438538832702
2018-01-05,0.03027839056876536
2018-01-12,0.030261571139971622
2018-01-19,0.03126224857988821
2018-01-26,0.029470916317769682
2018-02-02,0.02918148928169662
2018-02-09,0.027620325973110784
2018-02-16,0.03567534118450985
2018-02-23,0.03494263147619722
2018-03-02,0.03495501770785441
2018-03-09,0.03263580672254804
2018-03-16,0.030725516118182472
2018-03-23,0.029105279181823884
2018-03-30,0.03368715321355337
2018-04-06,0.0317830392463535
2018-04-13,0.03293573455675975
2018-04-20,0.036469944019962564
2018-04-27,0.03499943939355574
2018-05-04,0.0325024686347899
2018-05-11,0.030457489714853823
2018-05-18,0.03157455749280327
2018-05-25,0.029849195964095014
2018-06-01,0.02830917621790235
2018-06-08,0.0380306937694048
2018-06-15,0.036924073285972324
2018-06-22,0.034457164255360995
2018-06-29,0.03200908893413708
2018-07-06,0.0569006695329776
2018-07-13,0.05129109352400734
2018-07-20,0.04782099516112205
2018-07-27,0.04773884138153346
2018-08-03,0.043729339831718325
2018-08-10,0.040110566788102105
2018-08-17,0.038388883877261706
2018-08-24,0.03746883634474332
2018-08-31,0.036632619139616934
2018-09-07,0.03510049892656442
2018-09-14,0.03358009070967181
2018-09-21,0.031345114419484614
2018-09-28,0.030391876346613375
2018-10-05,0.032398882015381915
2018-10-12,0.032971278422670315
2018-10-19,0.03376570242473177
2018-10-26,0.03612022401134957
2018-11-02,0.03846759872657498
2018-11-09,0.03918321059466803
2018-11-16,0.044097926745345815
2018-11-23,0.053909046361950215
2018-11-30,0.051273288129616165
2018-12-07,0.05773264930330484
2018-12-14,0.05358884688982754
2018-12-21,0.049415385658136475
2018-12-28,0.061540486104616716
2019-01-04,0.05807263656756157
2019-01-11,0.05477020672046002
2019-01-18,0.059830303887586
2019-01-25,0.05453229707807362
2019-02-01,0.04972462470619731
2019-02-08,0.045356187860224266
2019-02-15,0.0413012626196438
2019-02-22,0.037860710223185406
2019-03-01,0.04140933024362774
2019-03-08,0.03832413446374214
2019-03-15,0.03528655050047199
2019-03-22,0.034390080689394024
2019-03-29,0.03400163916734256
2019-04-05,0.031629758938024305
2019-04-12,0.03590714276654642
2019-04-19,0.035161689606581045
2019-04-26,0.03273060055368172
2019-05-03,0.03198924697911923
2019-05-10,0.03464259120221861
2019-05-17,0.03330184388712381
2019-05-24,0.03106706620567604
2019-05-31,0.031132956208257213
2019-06-07,0.0416251081043786
2019-06-14,0.05042263406284187
2019-06-21,0.04585833221569192
2019-06-28,0.045333992098475294
2019-07-05,0.04979837120182011
2019-07-12,0.04597691614192169
2019-07-19,0.04356175157251225
2019-07-26,0.043797989035264745
2019-08-02,0.04042517425759473
2019-08-09,0.037190761627544845
2019-08-16,0.043940229277759445
2019-08-23,0.04310065859086349
2019-08-30,0.039344490305133685
2019-09-06,0.036274776460731524
2019-09-13,0.033708983564216956
2019-09-20,0.03149124651070582
2019-09-27,0.03789331503767876
2019-10-04,0.03999037992034686
2019-10-11,0.04838847497518027
2019-10-18,0.04387499311253186
2019-10-25,0.04001329910873135
2019-11-01,0.03902841995501359
2019-11-08,0.03588460732972301
2019-11-15,0.03509402777224703
2019-11-22,0.03254734423654516
2019-11-29,0.03041278226809709
2019-12-06,0.02981106577442717
2019-12-13,0.028438756072566816
2019-12-20,0.029356485257682367
2019-12-27,0.02963518881167193
2020-01-03,0.028167775038403356
2020-01-10,0.027244276569723332
2020-01-17,0.02784886235314342
2020-01-24,0.033192842599892164
2020-01-31,0.03557294702769281
2020-02-07,0.044003748885360766
2020-02-14,0.045331619513509086
2020-02-21,0.04138277838982102
2020-02-28,0.04239989562916212
2020-03-06,0.0578495013283828
2020-03-13,0.05881115208086874
2020-03-20,0.16234259205213836
2020-03-27,0.1947048197091342
2020-04-03,0.19845667335266753
2020-04-10,0.18204103488299314
2020-04-17,0.16927300773474674
2020-04-24,0.17337849935971342
2020-05-01,0.8210427359938393
2020-05-08,1.0039762073069345
2020-05-15,0.9045346036447336
2020-05-22,0.8006143767309237
2020-05-29,0.7142353634972302
2020-06-05,0.6310215535624618
2020-06-12,0.5587098456632661
2020-06-19,0.49357194542760047
2020-06-26,0.43605028985828675
2020-07-03,0.38534715757104937
2020-07-10,0.3405324316860698
2020-07-17,0.3009687756513526
2020-07-24,0.2659941904238701
2020-07-31,0.2352518221761158
2020-08-07,0.20815541167404206
2020-08-14,0.18431365682375855
2020-08-21,0.16314962711400147
2020-08-28,0.14455755907721687
2020-09-04,0.12806120867531
2020-09-11,0.1142006735213431
2020-09-18,0.11355366972440473
2020-09-25,0.10369553282321194
2020-10-02,0.09213474634188193
2020-10-09,0.0825555450437794
2020-10-16,0.0746791234092405
2020-10-23,0.06670138355586322
2020-10-30,0.05973984891592093
2020-11-06,0.06497856225684318
2020-11-13,0.05836563716167407
2020-11-20,0.06193762283217659
2020-11-27,0.056248365416792935
2020-12-04,0.0584626986071914
2020-12-11,0.05331832034340906
2020-12-18,0.04846561083961001
2020-12-25,0.04731602989466069
2021-01-01,0.04305899409304073
2021-01-08,0.03933185076543794
2021-01-15,0.04055919562725251
2021-01-22,0.04336170578052672
2021-01-29,0.03956157119282745
2021-02-05,0.036476710782675566
2021-02-12,0.04079913578817556
2021-02-19,0.04437666887676122
2021-02-26,0.0420254037786607
2021-03-05,0.04115278223283776
2021-03-12,0.03768598892148381
2021-03-19,0.03929146506848718
2021-03-26,0.03848763511450649
2021-04-02,0.04309492239428497
2021-04-09,0.03958444004335055
2021-04-16,0.03784835397947953
2021-04-23,0.03934206407139053
2021-04-30,0.036149014723142484
2021-05-07,0.034465293926444464
2021-05-14,0.03370299961899554
2021-05-21,0.031392914554072865
2021-05-28,0.030377604612122244
2021-06-04,0.03224666675636968
2021-06-11,0.03354147632337636
2021-06-18,0.03225295354247083
2021-06-25,0.03128061688449161
2021-07-02,0.03138082913178911
2021-07-09,0.029567698307960452
2021-07-16,0.028411595587462608
2021-07-23,0.027042740401984153
2021-07-30,0.03447077203651463
2021-08-06,0.036966341362467084
2021-08-13,0.04019796926810651
2021-08-20,0.03780844983761589
2021-08-27,0.0416385469126199
2021-09-03,0.041438630173783936
2021-09-10,0.039065630298303136
2021-09-17,0.03595155202697851
2021-09-24,0.0370993520385984
2021-10-01,0.03430813808045245
2021-10-08,0.03711814570481053
2021-10-15,0.0381989146441549
2021-10-22,0.03792558200094563
2021-10-29,0.036836355595611305
2021-11-05,0.034031203087556076
2021-11-12,0.033808019003623874
2021-11-19,0.031464493299648566
2021-11-26,0.03413104873399088
2021-12-03,0.03264582204183277
2021-12-10,0.07481852617306504
2021-12-17,0.0723735455357426
2021-12-24,0.06470480945635952
2021-12-31,0.05803577895914444
2022-01-07,0.0583091609579595
2022-01-14,0.053335850143476506
2022-01-21,0.052026452753706535
2022-01-28,0.052224145213023654
2022-02-04,0.047384847362430475
2022-02-11,0.04483640367552855
2022-02-18,0.04103881821953507
2022-02-25,0.03896556501818432
2022-03-04,0.03606609063450072
2022-03-11,0.07308546219308125
2022-03-18,0.07027883963309141
2022-03-25,0.08358136750083861
2022-04-01,0.09238040858712629
2022-04-08,0.09190338366079755
2022-04-15,0.08453122140842408
2022-04-22,0.07587476543757442
2022-04-29,0.06852526110853094
2022-05-06,0.061608292115207915
2022-05-13,0.057461809604876984
2022-05-20,0.05231779331129854
2022-05-27,0.05532811634392748
2022-06-03,0.050018091473286466
2022-06-10,0.0465531852480921
2022-06-17,0.044720453134359094
2022-06-24,0.04368179216488735
2022-07-01,0.05304935717489281
2022-07-08,0.04931867119523328
2022-07-15,0.05537058185134209
2022-07-22,0.05233279229540177
2022-07-29,0.048208702900767265
2022-08-05,0.04547261728460868
2022-08-12,0.04920485497667941
2022-08-19,0.04463074045690815
2022-08-26,0.04313376889694953
2022-09-02,0.041143633919078534
2022-09-09,0.042000755502010066
2022-09-16,0.047973382685948425
2022-09-23,0.04449821071847082
2022-09-30,0.045476694650704
2022-10-07,0.045651538635818584
2022-10-14,0.05940450279936055
2022-10-21,0.053477814721129384
2022-10-28,0.05199049858920517
2022-11-04,0.04852284324214959
2022-11-11,0.044344211692301384
2022-11-18,0.040650016552585266
2022-11-25,0.04408761250319083
2022-12-02,0.05004767405016982
2022-12-09,0.04535975901026073
2022-12-16,0.055700625081219785
2022-12-23,0.051513294098017325
2022-12-30,0.048053580432410155
2023-01-06,0.04479303961639705
2023-01-13,0.05046647425401716
2023-01-20,0.04835587156738432
2023-01-27,0.04724486572837788
2023-02-03,0.04289819606920283
2023-02-10,0.04521735058026917
2023-02-17,0.04145179094094051
2023-02-24,0.03824857795150834
2023-03-03,0.0398974326574139
2023-03-10,0.03839735100963866
2023-03-17,0.035398560796917826
2023-03-24,0.05796660163369274
2023-03-31,0.05220993900167302
2023-04-07,0.054383240460839234
2023-04-14,0.06252319517800571
2023-04-21,0.05643112648972006
2023-04-28,0.053135728995901584
2023-05-05,0.05107485869656513
2023-05-12,0.05622247309266972
2023-05-19,0.05084704289306185
2023-05-26,0.04611316458060274
2023-06-02,0.04226295237985887
2023-06-09,0.04269681409745252
2023-06-16,0.0402562149506961
2023-06-23,0.03961747320189875
2023-06-30,0.036786244096097105
2023-07-07,0.03479508907325297
2023-07-14,0.03543564045324877
2023-07-21,0.038414199053752776
2023-07-28,0.035385342184641025
2023-08-04,0.03984450742901151
2023-08-11,0.03759259119418333
2023-08-18,0.035588804924080585
2023-08-25,0.035188072091688866
2023-09-01,0.03319737693432462
2023-09-08,0.03361853952454373
2023-09-15,0.03933400635479721
2023-09-22,0.03727762148007576
2023-09-29,0.03472945879258501
2023-10-06,0.032607908257697514
2023-10-13,0.04335253656230607
2023-10-20,0.0396885195209681
2023-10-27,0.03928237292889393
2023-11-03,0.03924271560989415
2023-11-10,0.04028822384541715
2023-11-17,0.04382405859525133
2023-11-24,0.0404404033521851
2023-12-01,0.03707360442227438
2023-12-08,0.03558477071964795
2023-12-15,0.04460960995386327
2023-12-22,0.040890758438706466
2023-12-29,0.0418441551375032
2024-01-05,0.038277017159209434
2024-01-12,0.0359441242596349
2024-01-19,0.03346050191731992
2024-01-26,0.03203319379746456
2024-02-02,0.03452186355986637
2024-02-09,0.0323398657880583
2024-02-16,0.03067040237072273
2024-02-23,0.03369213297368992
2024-03-01,0.03144927768148652
2024-03-08,0.029779331977723707
2024-03-15,0.02813162059169572
2024-03-22,0.02708498855987701
2024-03-29,0.02859482860474934
2024-04-05,0.027157900607971783
2024-04-12,0.031783948734018665
2024-04-19,0.029773454954128
2024-04-26,0.029995439902626264
2024-05-03,0.02834068726105264
