date,return
1986-01-31,-0.014570314972500425
1986-02-07,-0.02210952348541644
1986-02-14,-0.02065631886197438
1986-02-21,-0.01780601945491875
1986-02-28,-0.01644083263927648
1986-03-07,-0.016112613185722064
1986-03-14,-0.011901537337170715
1986-03-21,-0.004437868949241402
1986-03-28,-0.009497684566228695
1986-04-04,-0.004400076535953345
1986-04-11,0.0017068265472366252
1986-04-18,-0.004021510908985128
1986-04-25,0.0041186517837959275
1986-05-02,0.00934650540314811
1986-05-09,0.005686922396210815
1986-05-16,0.012954917612128813
1986-05-23,0.009872194795690034
1986-05-30,0.003900916661464823
1986-06-06,-0.005682048431991415
1986-06-13,-0.008661295354084615
1986-06-20,-0.007914390300882935
1986-06-27,-0.005316519213339732
1986-07-04,-0.004492783823955208
1986-07-11,-0.0076903894629370365
1986-07-18,-0.005954546907953349
1986-07-25,-0.009931749098811931
1986-08-01,-0.004199981403982751
1986-08-08,0.01367734787284216
1986-08-15,0.011783209240626622
1986-08-22,0.0152356187315516
1986-08-29,0.016023889927342903
1986-09-05,0.004864071627199095
1986-09-12,-0.00021029452910457962
1986-09-19,-0.0038465161213195346
1986-09-26,-0.004608725336137718
1986-10-03,-0.003285148030463548
1986-10-10,0.0001110874166885538
1986-10-17,0.0018005302391856544
1986-10-24,0.002397702182281611
1986-10-31,-0.0014027179600709263
1986-11-07,-0.0005112158385717515
1986-11-14,0.0023265465199308827
1986-11-21,0.0012920619577518402
1986-11-28,0.0022772632680344166
1986-12-05,0.0006457761387240483
1986-12-12,-4.4604651997697756e-05
1986-12-19,0.0022549827700827836
1986-12-26,0.006216220309042705
1987-01-02,0.008301593015878652
1987-01-09,0.00987199686344341
1987-01-16,0.009207672680826425
1987-01-23,0.0061857700008523375
1987-01-30,0.0024162202593727682
1987-02-06,0.00019526592111609285
1987-02-13,-0.002423986362357998
1987-02-20,-0.0029344764243092744
1987-02-27,-0.0052068119069235575
1987-03-06,-0.0028974591048870108
1987-03-13,0.00012207915420348747
1987-03-20,0.002887286227991324
1987-03-27,0.004986605410257663
1987-04-03,0.004584993407595864
1987-04-10,0.0009215036637622552
1987-04-17,-0.0010083947871625226
1987-04-24,0.0008939307242168331
1987-05-01,3.063362414831741e-07
1987-05-08,0.001210129568089005
1987-05-15,0.0032447073488764836
1987-05-22,0.0023519929332836494
1987-05-29,0.0015690549855863429
1987-06-05,0.0017594485631362241
1987-06-12,0.0012019778642814371
1987-06-19,0.0012299730360175519
1987-06-26,0.0020235673565813803
1987-07-03,0.0018060420116418926
1987-07-10,0.0028756979782802515
1987-07-17,0.003880609436851805
1987-07-24,0.003083142616487175
1987-07-31,0.0018877332698475188
1987-08-07,0.0010731753953794679
1987-08-14,-0.002850791724617029
1987-08-21,-0.004586699573278069
1987-08-28,-0.004491943872806628
1987-09-04,-0.004751287127412701
1987-09-11,-0.0035467198659243334
1987-09-18,5.4824844422984053e-05
1987-09-25,0.0003904026040077059
1987-10-02,0.0001889746991488318
1987-10-09,0.0006986522486193896
1987-10-16,0.0004789198208194405
1987-10-23,0.001021004697341611
1987-10-30,0.0009890273730011902
1987-11-06,-0.0012360033164652182
1987-11-13,-0.002448215961372808
1987-11-20,-0.0035638349292756145
1987-11-27,-0.0031448316139125222
1987-12-04,-0.00209687696658109
1987-12-11,-0.00135111900496632
1987-12-18,-0.006514816371924695
1987-12-25,-0.007626049572348547
1988-01-01,-0.005004015753881047
1988-01-08,-0.0024486117531008667
1988-01-15,-0.0017058547501320911
1988-01-22,0.0036999274502656334
1988-01-29,0.0005722405915257264
1988-02-05,-0.0015207088564838332
1988-02-12,0.0013128445895161257
1988-02-19,-0.0014697461405037417
1988-02-26,-0.00180159833439891
1988-03-04,-0.004380712679606
1988-03-11,-0.00456722939946603
1988-03-18,-0.0018917966048627437
1988-03-25,0.0007783782255420039
1988-04-01,0.004355818303984975
1988-04-08,0.0038878575393437643
1988-04-15,0.006320499629531072
1988-04-22,0.004830006207790541
1988-04-29,0.0033275849083310716
1988-05-06,0.0013195614291003257
1988-05-13,-0.0017975837430845056
1988-05-20,-0.0017742439240824508
1988-05-27,-0.0027028556715283235
1988-06-03,0.0006211029731890063
1988-06-10,-0.0010551843787420675
1988-06-17,-0.002792260671537982
1988-06-24,-0.0040124683833825895
1988-07-01,-0.006329336468722685
1988-07-08,-0.005545088839014783
1988-07-15,-0.006374049329299495
1988-07-22,-0.0005454988602148017
1988-07-29,0.0014177535937484398
1988-08-05,0.00035527016183542785
1988-08-12,0.0033891021860911153
1988-08-19,-0.0008682434537353727
1988-08-26,-0.001908384315330195
1988-09-02,-0.0010451209123397535
1988-09-09,-0.004238566295901646
1988-09-16,-0.002748607540933299
1988-09-23,-0.002108739125535531
1988-09-30,-0.00411867558741629
1988-10-07,-0.005680341814022907
1988-10-14,-0.0023533704995321006
1988-10-21,-0.0004905386455803459
1988-10-28,-0.0018102561812276235
1988-11-04,0.0034003643770700214
1988-11-11,-0.0005162626741808593
1988-11-18,-0.0035407910729634085
1988-11-25,0.003522244276342808
1988-12-02,0.005431877329184426
1988-12-09,0.005698439063312482
1988-12-16,0.00855310896157999
1988-12-23,0.00831319953134206
1988-12-30,0.00541192085587551
1989-01-06,0.005332788508633227
1989-01-13,0.006232838526040586
1989-01-20,0.006070836998576907
1989-01-27,0.0025641025541600832
1989-02-03,0.0003158655650458024
1989-02-10,-0.0018865070653888538
1989-02-17,-0.002623857556730411
1989-02-24,0.0016639783461738246
1989-03-03,0.002777224975196977
1989-03-10,0.0030818685492189136
1989-03-17,0.0043271350358845785
1989-03-24,0.0037260230858862436
1989-03-31,0.005466153222030477
1989-04-07,0.00411698800050254
1989-04-14,0.0030533705041842505
1989-04-21,0.006164670848570921
1989-04-28,0.0011596437490381036
1989-05-05,0.00029411031529514144
1989-05-12,-0.0020141347886079735
1989-05-19,-0.005287247160204285
1989-05-26,-0.0014964823539991283
1989-06-02,-0.00085289372869548
1989-06-09,0.0008187207749483699
1989-06-16,-0.0011922376826125926
1989-06-23,-0.000779469049550976
1989-06-30,0.0009036994803929747
1989-07-07,0.0012609422452750448
1989-07-14,0.0012020787777066006
1989-07-21,0.0002951148267010229
1989-07-28,-0.004958004414088487
1989-08-04,-0.0063045697782934396
1989-08-11,-0.0056305056808485686
1989-08-18,-0.0033203767593718908
1989-08-25,0.0016644914896708038
1989-09-01,0.0016750622300279918
1989-09-08,0.0028215161195779175
1989-09-15,0.002671455052538691
1989-09-22,0.0017212040464935079
1989-09-29,0.002602472042886823
1989-10-06,0.0018410809790265295
1989-10-13,0.0013991412196080683
1989-10-20,0.00208552517871433
1989-10-27,-0.000311191525596955
1989-11-03,-0.00010096811236970414
1989-11-10,-0.0011732466486582508
1989-11-17,-0.0017940190777112404
1989-11-24,0.0009286734500172986
1989-12-01,-0.0007311396084684747
1989-12-08,0.0011537304446245472
1989-12-15,0.0026341761111932757
1989-12-22,0.004165477926112668
1989-12-29,0.005376899781381215
1990-01-05,0.006882648291790544
1990-01-12,0.0046171790767525756
1990-01-19,0.002630774579481697
1990-01-26,0.003218001779750807
1990-02-02,-0.0006338685018327611
1990-02-09,-0.0008683882905058452
1990-02-16,-0.00097923042426843
1990-02-23,-0.002800236947312071
1990-03-02,-0.002710088860457184
1990-03-09,-0.0028105944224852387
1990-03-16,-0.004892757365365107
1990-03-23,-0.0050046535245872594
1990-03-30,-0.002983488843679448
1990-04-06,-0.002905356575285884
1990-04-13,-0.005927441253363062
1990-04-20,-0.0056173873046355145
1990-04-27,-0.005339970136569737
1990-05-04,-0.00441937319930509
1990-05-11,0.0014118687647580535
1990-05-18,0.004326604141711548
1990-05-25,-0.003966358764651835
1990-06-01,-0.0020777386404258933
1990-06-08,-0.00494968319260569
1990-06-15,-0.005837757726802116
1990-06-22,-0.004326995183332846
1990-06-29,-0.0015990027507313553
1990-07-06,-0.00026688245906085446
1990-07-13,0.0014757025802503909
1990-07-20,0.008461811541020233
1990-07-27,0.008329241266632906
1990-08-03,0.013686877803036124
1990-08-10,0.021843961849744915
1990-08-17,0.01851749173061849
1990-08-24,0.020635182111698274
1990-08-31,0.010632795798895867
1990-09-07,0.0041584706080005866
1990-09-14,0.006405733325355006
1990-09-21,0.006459225848704871
1990-09-28,0.01835715740480354
1990-10-05,0.01056925055175402
1990-10-12,0.01260208162794067
1990-10-19,0.00367123453049045
1990-10-26,-0.011283204720992191
1990-11-02,-0.002329736493856741
1990-11-09,-0.008171508384320705
1990-11-16,-0.007796019112075702
1990-11-23,-0.0009243759967133898
1990-11-30,-0.003972307705842797
1990-12-07,-0.010058198850462245
1990-12-14,-0.008844467737740006
1990-12-21,-0.00536328741370483
1990-12-28,-0.009856811233110331
1991-01-04,-0.00422524745318796
1991-01-11,0.0021958393975872333
1991-01-18,-0.0016679410832455086
1991-01-25,-0.006108844661403644
1991-02-01,-0.01082046618179169
1991-02-08,-0.012853059808901918
1991-02-15,-0.008783676606654914
1991-02-22,-0.010878999482120904
1991-03-01,-0.006727845173365478
1991-03-08,-0.003527502723906545
1991-03-15,-0.005282607597647064
1991-03-22,0.0024219830164232655
1991-03-29,0.002731066596194672
1991-04-05,-0.0006100927983122736
1991-04-12,0.0027274070184917947
1991-04-19,0.0028294689757884443
1991-04-26,0.00378602489691142
1991-05-03,0.003932366488960824
1991-05-10,0.0018820790984772615
1991-05-17,-0.0012499058555689433
1991-05-24,-0.0003578876290614008
1991-05-31,5.902946600568871e-05
1991-06-07,-0.002583698764939905
1991-06-14,-0.0027648913797461466
1991-06-21,-0.0024001160797367796
1991-06-28,-0.0023421153684366766
1991-07-05,0.00040191266856014625
1991-07-12,0.0038550734833419005
1991-07-19,0.004353517044519199
1991-07-26,0.0028619584669153982
1991-08-02,0.0015708513302771382
1991-08-09,0.00017788623437016874
1991-08-16,-0.0010680043893499986
1991-08-23,0.0013596999264768633
1991-08-30,0.001196545984729788
1991-09-06,0.0008511332763420649
1991-09-13,5.606750065520441e-05
1991-09-20,-8.498305129452324e-05
1991-09-27,0.0008114334298041717
1991-10-04,0.0010847583291795151
1991-10-11,0.003458261162578678
1991-10-18,0.004322894648449588
1991-10-25,0.00266190730401289
1991-11-01,0.0019896669226765504
1991-11-08,0.0008297008442885549
1991-11-15,-0.002698323863429988
1991-11-22,-0.0031106444111420137
1991-11-29,-0.004090513156718873
1991-12-06,-0.006640111683626593
1991-12-13,-0.006962496341194463
1991-12-20,-0.006907188488743337
1991-12-27,-0.006999277632466655
1992-01-03,-0.004685904806626419
1992-01-10,-0.003368096264982591
1992-01-17,-0.002386761049815857
1992-01-24,-2.8114294117681906e-06
1992-01-31,-1.3718374203515199e-06
1992-02-07,0.0026878526826835305
1992-02-14,0.0017827919613169281
1992-02-21,-0.00010700933193448872
1992-02-28,-0.0014223786831809864
1992-03-06,-0.002291086838992395
1992-03-13,-0.0019210770025317313
1992-03-20,0.0012938850751751283
1992-03-27,0.0015434351725414795
1992-04-03,0.003061427462756268
1992-04-10,0.00427212170144603
1992-04-17,0.002221998135688247
1992-04-24,0.0026888304448839002
1992-05-01,0.0027715204232636793
1992-05-08,0.0011298751288207455
1992-05-15,0.0016285984055616379
1992-05-22,0.001046949831071585
1992-05-29,0.0033252691660045027
1992-06-05,0.0035107912107724326
1992-06-12,0.003522417194651578
1992-06-19,0.004195517429007907
1992-06-26,0.002127067783779285
1992-07-03,-0.0007779501792211449
1992-07-10,-0.0019963083885805684
1992-07-17,-0.0015570421846046506
1992-07-24,-0.0016342313379129093
1992-07-31,-0.00019039433597692516
1992-08-07,-0.00032580822140256953
1992-08-14,-0.0009255956674607072
1992-08-21,-0.001297170996591899
1992-08-28,-0.0012112079242560356
1992-09-04,0.0007449222440974362
1992-09-11,0.0017494137939375297
1992-09-18,0.001894371399404318
1992-09-25,0.000660943065347824
1992-10-02,0.0003407137582913731
1992-10-09,-9.126429170908019e-05
1992-10-16,8.175987188144505e-05
1992-10-23,-0.000317061271212213
1992-10-30,-0.0020139948227996542
1992-11-06,-0.003256715454642885
1992-11-13,-0.0044070623689031595
1992-11-20,-0.0029070816442888395
1992-11-27,-0.0020637811488261053
1992-12-04,-0.0030693188285888184
1992-12-11,-0.0035585472341436463
1992-12-18,-0.002290403455438179
1992-12-25,-0.0006723501072436802
1993-01-01,-0.0003925366231942128
1993-01-08,0.0001384957847869649
1993-01-15,-0.0014160117705034447
1993-01-22,-0.003192976351163198
1993-01-29,0.0005039712945819304
1993-02-05,0.0030387162609237066
1993-02-12,0.0038918698071135427
1993-02-19,0.002258487639546866
1993-02-26,0.0029495414261287356
1993-03-05,0.0010727450929632243
1993-03-12,0.0006425296150471587
1993-03-19,0.0013718919558891158
1993-03-26,-0.0009929833431018642
1993-04-02,-0.0006160128319939301
1993-04-09,-0.00023669857872287133
1993-04-16,0.0001778096552461858
1993-04-23,5.7503439991777436e-05
1993-04-30,-0.00012248116836293259
1993-05-07,-5.773875902752943e-05
1993-05-14,-0.0006117799516359299
1993-05-21,-0.0014070545932932349
1993-05-28,-0.0009706470289333644
1993-06-04,-0.001312614988420328
1993-06-11,-0.002042875928646326
1993-06-18,-0.0017130599197598662
1993-06-25,-0.003209040217780503
1993-07-02,-0.0035252158493306435
1993-07-09,-0.004076682276011193
1993-07-16,-0.0029859164614297884
1993-07-23,-0.0026485397111724726
1993-07-30,-0.0016498966003877266
1993-08-06,-0.0009101048659447212
1993-08-13,0.000402466668385666
1993-08-20,0.0008369211767787598
1993-08-27,0.0008458607575982716
1993-09-03,0.0011763250214015656
1993-09-10,-0.0023999010665653976
1993-09-17,-0.002602621473488187
1993-09-24,-0.0018742425448941692
1993-10-01,4.15695047215513e-05
1993-10-08,0.0037836094696445744
1993-10-15,0.0045799068304644315
1993-10-22,0.0012599936522856255
1993-10-29,-0.0026940992716156013
1993-11-05,-0.0032545517695992815
1993-11-12,-0.005263747898152709
1993-11-19,-0.003931471673435221
1993-11-26,-0.004157573900930029
1993-12-03,-0.006337803240557581
1993-12-10,-0.006709574523778959
1993-12-17,-0.007987885416086143
1993-12-24,-0.00628580211939758
1993-12-31,-0.004055264988957015
1994-01-07,0.0009977381598890043
1994-01-14,0.00019265505014130587
1994-01-21,0.0025981476405282184
1994-01-28,0.0036372436381008136
1994-02-04,0.002370262529303239
1994-02-11,0.0006996711613408877
1994-02-18,-0.003074054602227216
1994-02-25,-0.0030027213235239852
1994-03-04,-0.0033875236821927757
1994-03-11,-0.0027770843783410256
1994-03-18,0.0020305309143283075
1994-03-25,0.0025637905170581266
1994-04-01,-0.000930943453439458
1994-04-08,0.004665919449745566
1994-04-15,0.0043301691334040136
1994-04-22,0.006012511077745095
1994-04-29,0.007465922819495059
1994-05-06,0.004689743271304697
1994-05-13,0.005485542141463887
1994-05-20,0.0033734793404348743
1994-05-27,0.0034428295294180095
1994-06-03,0.0033393917662317175
1994-06-10,0.001171467180425308
1994-06-17,0.004092282110527523
1994-06-24,0.003883020513225105
1994-07-01,0.002588299490586053
1994-07-08,0.003145423399399087
1994-07-15,0.002541135258905116
1994-07-22,-0.0017664570392454224
1994-07-29,0.001407011049922641
1994-08-05,0.0016976353536843132
1994-08-12,-0.0032957788464009637
1994-08-19,-0.004131317978676179
1994-08-26,-0.006609683057729262
1994-09-02,-0.006823167418156427
1994-09-09,-0.003889982642224881
1994-09-16,-0.002909192985041682
1994-09-23,0.00021376680598961706
1994-09-30,0.0010950861758675474
1994-10-07,0.001409604355832602
1994-10-14,0.001251791831598474
1994-10-21,-8.794748290307354e-05
1994-10-28,0.00026382070673675994
1994-11-04,0.0015162162999036153
1994-11-11,0.002494098328193159
1994-11-18,0.0004487731270185879
1994-11-25,-3.923846702453722e-05
1994-12-02,-0.001796622798156585
1994-12-09,-0.004388535249306001
1994-12-16,-0.0025316470607341986
1994-12-23,-0.0015868349645425828
1994-12-30,-0.0007486463199147352
1995-01-06,0.0020192187581043316
1995-01-13,0.0015263839860154035
1995-01-20,0.004436883309397533
1995-01-27,0.002267248423975579
1995-02-03,0.0023509963566996908
1995-02-10,0.002425044025871191
1995-02-17,0.0002842026626088992
1995-02-24,0.0008446466953650305
1995-03-03,0.0004641184480851289
1995-03-10,-0.0005912890453684802
1995-03-17,-0.0008913242329975201
1995-03-24,-0.0002518377882613092
1995-03-31,0.0016435795445155278
1995-04-07,0.0030730728211013983
1995-04-14,0.00379959856795615
1995-04-21,0.004257243881986845
1995-04-28,0.003243620578357942
1995-05-05,0.0023122021617922577
1995-05-12,0.00046534687353263647
1995-05-19,-0.000696545444155862
1995-05-26,-0.0023470918118665266
1995-06-02,-0.0033200703899596926
1995-06-09,-0.0021602671141686615
1995-06-16,-0.0024998224807322167
1995-06-23,-0.004684975580161807
1995-06-30,-0.0031846311700015743
1995-07-07,-0.005041112356370319
1995-07-14,-0.00433821479685902
1995-07-21,-0.0024540491171594486
1995-07-28,-0.001118556328269278
1995-08-04,0.0012218749786795814
1995-08-11,0.0013255358129203871
1995-08-18,0.0011199024543609843
1995-08-25,0.0044076647950900775
1995-09-01,0.00044965469439135297
1995-09-08,0.0015762848405059065
1995-09-15,0.0030903998238777353
1995-09-22,-0.0007883259403716066
1995-09-29,-0.0019070022211853783
1995-10-06,-0.0028780513435016993
1995-10-13,-0.004001223959117885
1995-10-20,-0.002245837972747436
1995-10-27,4.0848677618604205e-05
1995-11-03,0.0014379246887116575
1995-11-10,0.0013647988300931175
1995-11-17,0.0015525888285856577
1995-11-24,0.001209174080535422
1995-12-01,0.001885175187178064
1995-12-08,0.002573573710579445
1995-12-15,0.003157674399417211
1995-12-22,0.002628861020542524
1995-12-29,0.0030212979277392227
1996-01-05,0.003556330782910477
1996-01-12,0.0015719388128731498
1996-01-19,-0.0016392406256875163
1996-01-26,-0.0023522032841818905
1996-02-02,-0.006021500376249705
1996-02-09,-0.0045771552372476
1996-02-16,0.00044067702671136776
1996-02-23,0.007344887270917304
1996-03-01,0.005067361280213496
1996-03-08,0.00533182336876633
1996-03-15,0.005751457496713662
1996-03-22,0.004952503238602613
1996-03-29,0.0060977635219242095
1996-04-05,0.006539990906825616
1996-04-12,0.008178582287939818
1996-04-19,0.002874934992462578
1996-04-26,0.003234091917276504
1996-05-03,-0.0025665950035763294
1996-05-10,-0.00659044310416197
1996-05-17,-0.007236778005045444
1996-05-24,-0.0033882741932269858
1996-05-31,-0.0018924919038244281
1996-06-07,-0.0023831813920583583
1996-06-14,-0.0023772447396049855
1996-06-21,-0.002533350948026864
1996-06-28,-0.00012197476272683806
1996-07-05,0.0034212176681362714
1996-07-12,0.0035966544465185156
1996-07-19,0.002029997653066351
1996-07-26,0.0012307115208967856
1996-08-02,-0.00152681488543718
1996-08-09,-0.000714949484990559
1996-08-16,0.0010383994301566598
1996-08-23,0.0035571445681234415
1996-08-30,0.002725431072373414
1996-09-06,0.004901235303533305
1996-09-13,0.005100329469353064
1996-09-20,0.002059970074267385
1996-09-27,0.005447086971661628
1996-10-04,0.002548038838131865
1996-10-11,0.001034316350791624
1996-10-18,0.003942949000571991
1996-10-25,0.001666047766805704
1996-11-01,-0.0011121037142539313
1996-11-08,-0.00420178193142944
1996-11-15,-0.003148198537614768
1996-11-22,-0.002276871000584257
1996-11-29,0.0001357704760899855
1996-12-06,0.004879671394681598
1996-12-13,0.0008469509727220962
1996-12-20,0.003977621096165924
1996-12-27,0.0022535071855970456
1997-01-03,0.002078732027849477
1997-01-10,0.0029658461619393554
1997-01-17,0.0006013586888478177
1997-01-24,-0.002862076795609449
1997-01-31,-0.0025567649946747245
1997-02-07,-0.005672424851010806
1997-02-14,-0.006749791071207998
1997-02-21,-0.005061790419893299
1997-02-28,-0.007454556669991783
1997-03-07,-0.006935349682176147
1997-03-14,-0.0036255233731730127
1997-03-21,-0.0011400779461958166
1997-03-28,-0.0003297125938865768
1997-04-04,-0.001994423800859494
1997-04-11,-0.0031658301646981094
1997-04-18,-0.004815076770182348
1997-04-25,-0.0028124860304231383
1997-05-02,0.0005884394029861608
1997-05-09,0.0014163726964984778
1997-05-16,0.004379244686806902
1997-05-23,0.0038322388028821422
1997-05-30,0.0019837630755345664
1997-06-06,0.0008517437395360166
1997-06-13,-0.005599431664893143
1997-06-20,-0.006597076685509323
1997-06-27,-0.004939584835479195
1997-07-04,-0.0011085253205245788
1997-07-11,0.0014393077761820474
1997-07-18,0.0012612682446689959
1997-07-25,0.0017877843557873002
1997-08-01,0.0007150765049234905
1997-08-08,0.002260800025726099
1997-08-15,0.0012692607770520537
1997-08-22,0.0010062152641330117
1997-08-29,-0.0015826012049387907
1997-09-05,-0.0022997663288734822
1997-09-12,-0.0011262921229623743
1997-09-19,-0.0014055803896990972
1997-09-26,0.001533385305605787
1997-10-03,0.004834168247188212
1997-10-10,0.0062072532284296895
1997-10-17,0.003922261155831747
1997-10-24,0.0021391569167178407
1997-10-31,-0.001631219476063229
1997-11-07,-0.0031950942535138123
1997-11-14,-0.0008751274831776559
1997-11-21,-0.002911212708935987
1997-11-28,-0.003627672560712149
1997-12-05,-0.005511965718920993
1997-12-12,-0.005448263094550897
1997-12-19,-0.005334470757185132
1997-12-26,-0.0029534898411575456
1998-01-02,-0.0034805354764331775
1998-01-09,-0.004996671128257886
1998-01-16,-0.004989555427189243
1998-01-23,-0.006982325426822433
1998-01-30,-0.0016669753706378368
1998-02-06,-0.0009808311857667873
1998-02-13,-0.000780348737051497
1998-02-20,-0.0005889841370273454
1998-02-27,-0.0051900249083995965
1998-03-06,-0.004742898264830253
1998-03-13,-0.006448434384505162
1998-03-20,-0.006665937876840942
1998-03-27,0.0035136288567947627
1998-04-03,0.002375764979166681
1998-04-10,0.0036429257534192293
1998-04-17,0.005143348221663
1998-04-24,-0.004731777917289985
1998-05-01,-0.001293550233027764
1998-05-08,-0.0005736832258708333
1998-05-15,-0.0016308922114919584
1998-05-22,-0.001975704161771792
1998-05-29,-0.001920020425124191
1998-06-05,-0.0021449254831787034
1998-06-12,-0.006173011486284655
1998-06-19,-0.006957463224658055
1998-06-26,-0.002725240976981058
1998-07-03,-0.0019887984240730162
1998-07-10,0.00015517819580237042
1998-07-17,0.008503455570119455
1998-07-24,0.0008861198711318881
1998-07-31,-0.00043892538942560564
1998-08-07,-0.0003891471182014451
1998-08-14,-0.004933495741656548
1998-08-21,-0.0020519200635100527
1998-08-28,-0.002141257908095852
1998-09-04,0.0005219716584832544
1998-09-11,0.005130395729746747
1998-09-18,0.005496747092597526
1998-09-25,0.007334786880252167
1998-10-02,0.006993379476969512
1998-10-09,0.0018037184370943195
1998-10-16,-0.0022621577150643965
1998-10-23,-0.006686550222073577
1998-10-30,-0.004936915699072386
1998-11-06,-0.0030366057498286596
1998-11-13,-0.0020867719169810344
1998-11-20,-0.005364099559111076
1998-11-27,-0.010509998740013812
1998-12-04,-0.011908497940851536
1998-12-11,-0.010188020115041918
1998-12-18,-0.00629816101062995
1998-12-25,-0.004742371877786226
1999-01-01,0.0027049806887898082
1999-01-08,0.0056232521317637575
1999-01-15,0.004982223488681422
1999-01-22,0.005557953097626321
1999-01-29,0.004187513979384977
1999-02-05,-0.0013254263875859533
1999-02-12,-0.003982154231668206
1999-02-19,-0.0020807611411153746
1999-02-26,-0.00023810149958955273
1999-03-05,0.0021833059656175403
1999-03-12,0.009226053518029523
1999-03-19,0.012102103393019753
1999-03-26,0.011459611700018139
1999-04-02,0.013061277278138071
1999-04-09,0.008243423170605387
1999-04-16,0.006389122555723166
1999-04-23,0.00769924759596777
1999-04-30,0.004916454035750221
1999-05-07,0.006208219027493958
1999-05-14,0.00352558916817543
1999-05-21,-0.002150640926261456
1999-05-28,-0.0032618694601948537
1999-06-04,-0.005506283796501627
1999-06-11,-0.0001998254876209837
1999-06-18,0.0024513685550120535
1999-06-25,0.0025650987258537096
1999-07-02,0.006282863636993841
1999-07-09,0.005369346174172691
1999-07-16,0.0049842402181245185
1999-07-23,0.00493317323111093
1999-07-30,0.004817310087238513
1999-08-06,0.001761310114396388
1999-08-13,0.0029528243614582238
1999-08-20,0.004178673919907816
1999-08-27,0.001394038161068923
1999-09-03,0.0031555812951205844
1999-09-10,0.0036442876091307788
1999-09-17,0.0057864836956560296
1999-09-24,0.00711318779412292
1999-10-01,0.006130059376640946
1999-10-08,-0.00022431447533318994
1999-10-15,-0.0037144870683431773
1999-10-22,-0.003995248136480836
1999-10-29,-0.004448791990655884
1999-11-05,6.333042092100289e-05
1999-11-12,0.0035909860834363342
1999-11-19,0.006998474078065054
1999-11-26,0.00938461761254924
1999-12-03,0.006194795080232964
1999-12-10,0.004731437753504102
1999-12-17,0.0009576286813835266
1999-12-24,-0.0021140757828489367
1999-12-31,0.0011796826323100633
2000-01-07,-0.00236314145808121
2000-01-14,0.0008120114695701512
2000-01-21,0.0049800133773641505
2000-01-28,0.00392614258869802
2000-02-04,0.004951807356231939
2000-02-11,0.0059104616687190225
2000-02-18,0.0013235995160461376
2000-02-25,0.002591169528861599
2000-03-03,0.00556602264170218
2000-03-10,0.005702851633995647
2000-03-17,0.00231895414641987
2000-03-24,-0.0034471630327534163
2000-03-31,-0.00717518065307785
2000-04-07,-0.011363256129636422
2000-04-14,-0.011501266879864481
2000-04-21,-0.002483390094781219
2000-04-28,-0.0022178293978272483
2000-05-05,0.0014726764566317327
2000-05-12,0.0073748281552866
2000-05-19,0.006157165315813609
2000-05-26,0.00636197038847929
2000-06-02,0.005989561429523534
2000-06-09,0.00266693906723416
2000-06-16,0.0042585440120747305
2000-06-23,0.0063965400725732365
2000-06-30,0.003523758140336566
2000-07-07,0.0012602462732146252
2000-07-14,-0.0016045506684942263
2000-07-21,-0.0032082648447737706
2000-07-28,-0.008105694960929761
2000-08-04,-0.004646879954433381
2000-08-11,-0.0004996876031089981
2000-08-18,0.0019097960163391146
2000-08-25,0.007328600194240599
2000-09-01,0.007482639574912265
2000-09-08,0.007029037418381976
2000-09-15,0.004621156213511569
2000-09-22,0.005031081139123588
2000-09-29,-0.003224975272670229
2000-10-06,-0.004511007880848275
2000-10-13,-0.001203352932251101
2000-10-20,-0.0028370563266147788
2000-10-27,0.004284200341155496
2000-11-03,0.0023715532818179438
2000-11-10,-0.0006100010153513682
2000-11-17,0.0022188378327106803
2000-11-24,0.0024446700111243136
2000-12-01,0.0018862406864016087
2000-12-08,-0.005575295230034675
2000-12-15,-0.008886038163253533
2000-12-22,-0.013567082868201958
2000-12-29,-0.01329728552944293
2001-01-05,-0.004950946658255166
2001-01-12,-0.0006812570526869316
2001-01-19,0.00280962117736242
2001-01-26,0.008726578892931004
2001-02-02,0.004318855953965599
2001-02-09,0.004256909209530292
2001-02-16,-0.0013869476461645259
2001-02-23,-0.005116103431737177
2001-03-02,-0.002420502222219162
2001-03-09,-0.004269841915747722
2001-03-16,-0.005258584429711462
2001-03-23,-0.004256306856203265
2001-03-30,-0.0019272771019989226
2001-04-06,-0.0030592523247481495
2001-04-13,0.002117788947022739
2001-04-20,0.002941682967934423
2001-04-27,-0.00014814135877059073
2001-05-04,0.003171072284200269
2001-05-11,0.00017016773932099113
2001-05-18,0.0021014954201270127
2001-05-25,0.003489586641273143
2001-06-01,0.0001484077994883023
2001-06-08,-0.0001961371973892391
2001-06-15,0.00014113122023283844
2001-06-22,-0.003892261146246081
2001-06-29,-0.0036462273950042924
2001-07-06,-0.0018393379272433911
2001-07-13,-0.0032525716975106006
2001-07-20,-0.0040286368663631795
2001-07-27,-2.0207549732981745e-06
2001-08-03,0.0006274064188765934
2001-08-10,0.0014553656381543609
2001-08-17,0.004273040354101222
2001-08-24,0.001383088716460782
2001-08-31,-0.00046798317962687495
2001-09-07,-0.0007792248660747117
2001-09-14,0.0007229300731914268
2001-09-21,0.00029380852045237104
2001-09-28,-0.00980986317909805
2001-10-05,-0.009311844247900774
2001-10-12,-0.010973383978966411
2001-10-19,-0.010550154001052543
2001-10-26,-0.0012690222355780942
2001-11-02,-0.003301658490642336
2001-11-09,-0.004565911860056742
2001-11-16,-0.005736636120454717
2001-11-23,-0.008560983354026712
2001-11-30,-0.00652154192461202
2001-12-07,-0.0017235003240235307
2001-12-14,-0.006867489424644909
2001-12-21,0.003003550120967502
2001-12-28,0.0043049793259316614
2002-01-04,0.003246213579614665
2002-01-11,0.004566245679836911
2002-01-18,-0.0007936667446436565
2002-01-25,-0.0011356461353451892
2002-02-01,-0.0023129743254054046
2002-02-08,-0.0022701668447563292
2002-02-15,0.005601174848020401
2002-02-22,0.004942744240618434
2002-03-01,0.004463986620042626
2002-03-08,0.007647389306618501
2002-03-15,0.0076634977253427885
2002-03-22,0.009570772311057464
2002-03-29,0.009957904027214557
2002-04-05,0.007987902650385653
2002-04-12,0.0019029080943743213
2002-04-19,0.0009763544901359802
2002-04-26,0.001268508485862924
2002-05-03,-0.00020313292314959154
2002-05-10,0.003893085969426199
2002-05-17,0.005381251221595819
2002-05-24,0.0013231953494590928
2002-05-31,-0.003253309417075676
2002-06-07,-0.0038857731515290345
2002-06-14,-0.006473528304575274
2002-06-21,-0.0035117787147434893
2002-06-28,0.0019508298498579178
2002-07-05,0.003209321289918386
2002-07-12,0.00415861372927403
2002-07-19,0.003668308541133257
2002-07-26,0.0011646476255896174
2002-08-02,0.00013392342377600055
2002-08-09,0.00013069570422794265
2002-08-16,0.0015931714504335832
2002-08-23,0.006080872132308621
2002-08-30,0.003524512047813211
2002-09-06,0.0034329159484249127
2002-09-13,0.0026951464359739217
2002-09-20,-0.0009312331590793307
2002-09-27,0.0026799658366100884
2002-10-04,0.002614497776868764
2002-10-11,-0.0003818243241399077
2002-10-18,0.00044354813053763993
2002-10-25,-0.004718517969381742
2002-11-01,-0.005636604590223417
2002-11-08,-0.006152270694867027
2002-11-15,-0.007191066215499387
2002-11-22,-0.0016304069910863916
2002-11-29,-0.0002660914682069455
2002-12-06,0.0010605087157131428
2002-12-13,0.003892500073946253
2002-12-20,0.007354792779397772
2002-12-27,0.0088957192649561
2003-01-03,0.00829334960465329
2003-01-10,0.00709555294995885
2003-01-17,0.005783717029182453
2003-01-24,0.00474973010362083
2003-01-31,0.0018686547504834727
2003-02-07,0.003171873854378289
2003-02-14,0.004701000370811605
2003-02-21,0.0036634969154727
2003-02-28,0.004973222780644824
2003-03-07,0.0047189546728649365
2003-03-14,0.0016381402988735459
2003-03-21,-0.00957049726645839
2003-03-28,-0.009803855209287253
2003-04-04,-0.011611914996175289
2003-04-11,-0.013426213252818611
2003-04-18,-0.0031646508467916925
2003-04-25,-0.0023678606158845073
2003-05-02,-0.007210168260121691
2003-05-09,-0.0026999976774913633
2003-05-16,-0.0009407174539073878
2003-05-23,0.0015832383129103212
2003-05-30,0.006261545200930366
2003-06-06,0.007897881806095798
2003-06-13,0.00537521373063967
2003-06-20,0.0024020498414114
2003-06-27,0.0013044194384009705
2003-07-04,-0.00036934795306247937
2003-07-11,-0.0013767487339467733
2003-07-18,0.0014251456525254677
2003-07-25,0.0005077923838082922
2003-08-01,0.0010585881690538996
2003-08-08,0.0022035260654832385
2003-08-15,-0.0002813728428736292
2003-08-22,0.0009488507255280516
2003-08-29,0.0013369200152002637
2003-09-05,-0.004703795007466472
2003-09-12,-0.004348079946657727
2003-09-19,-0.006300360737834476
2003-09-26,-0.006434223062615188
2003-10-03,-0.0004522699028210985
2003-10-10,0.002961529660828472
2003-10-17,0.00697953104656118
2003-10-24,0.00422790869659822
2003-10-31,-0.00026188877647774587
2003-11-07,-0.0014962276042696685
2003-11-14,0.00010755141394860768
2003-11-21,0.0038276771229402303
2003-11-28,0.001050087970364581
2003-12-05,0.00244340126575994
2003-12-12,0.001971495265043435
2003-12-19,0.001239620342572708
2003-12-26,0.0008709514046284097
2004-01-02,0.00413968150491796
2004-01-09,0.004354768569375717
2004-01-16,0.0032000401948756333
2004-01-23,0.0032655753117075983
2004-01-30,0.001755647345530812
2004-02-06,-0.00017198019960361667
2004-02-13,-0.0006995815942022544
2004-02-20,5.1432508188044995e-05
2004-02-27,0.0030249224759097324
2004-03-05,0.004466845596122898
2004-03-12,0.004244188885234565
2004-03-19,0.003352066116628653
2004-03-26,0.0007799146916294762
2004-04-02,-0.0020080599823176356
2004-04-09,-0.001123073699531013
2004-04-16,-1.9793856056011622e-05
2004-04-23,0.00023841915759033756
2004-04-30,0.002523123843001644
2004-05-07,0.005113716333499152
2004-05-14,0.0038320154222662313
2004-05-21,0.0045047210037919925
2004-05-28,0.004267176193430211
2004-06-04,0.0011744295002794653
2004-06-11,-0.002419831581909413
2004-06-18,-0.004191947529841852
2004-06-25,-0.004144290029617007
2004-07-02,-0.0038964300721326117
2004-07-09,0.002246726735380917
2004-07-16,0.0032179365686679077
2004-07-23,0.004171574117631931
2004-07-30,0.00702824714621232
2004-08-06,0.00523182508056289
2004-08-13,0.005755375713190232
2004-08-20,0.00678493552754413
2004-08-27,0.002103262056923531
2004-09-03,-0.0006042589133825611
2004-09-10,-0.001787291481826328
2004-09-17,-0.0029340071752587083
2004-09-24,0.0027977251931543814
2004-10-01,0.007124455440680593
2004-10-08,0.008753618977329326
2004-10-15,0.009904362757919784
2004-10-22,0.006478584387352849
2004-10-29,0.0035634719684113545
2004-11-05,-0.0019243320819957235
2004-11-12,-0.0059997603679526525
2004-11-19,-0.007319121655775597
2004-11-26,-0.0057924951779245995
2004-12-03,-0.0048610855572698295
2004-12-10,-0.00754110455145293
2004-12-17,-0.003849854854149656
2004-12-24,-0.004030027708317056
2004-12-31,-0.006450275582627111
2005-01-07,0.001849033852148075
2005-01-14,0.005367562777812142
2005-01-21,0.00257428984235409
2005-01-28,0.006562423479205946
2005-02-04,0.0036410637835280514
2005-02-11,-9.500641651336674e-05
2005-02-18,-0.00014518588333607436
2005-02-25,0.002816292282436071
2005-03-04,0.005645805331758737
2005-03-11,0.008293226950493397
2005-03-18,0.008102313855098391
2005-03-25,0.001977430697194851
2005-04-01,0.0023445565213315394
2005-04-08,0.0010449236302324245
2005-04-15,-0.003765281850081033
2005-04-22,-0.0011596667506325483
2005-04-29,-0.0027964606831344593
2005-05-06,-0.0043406711999104
2005-05-13,-0.0010888124395933465
2005-05-20,-0.004611755844402673
2005-05-27,-0.0017954080364544218
2005-06-03,0.0031454633656565877
2005-06-10,0.0027627250962880545
2005-06-17,0.007814583965825597
2005-06-24,0.00906811564428634
2005-07-01,0.004382777440401118
2005-07-08,0.005757698501500758
2005-07-15,0.0034724255998343813
2005-07-22,-0.001286730095585669
2005-07-29,0.0009171135350882502
2005-08-05,0.0012590343220631804
2005-08-12,0.0045674187366558094
2005-08-19,0.006228968940519765
2005-08-26,0.00553715265940504
2005-09-02,0.005253722009978058
2005-09-09,0.00033208818894961824
2005-09-16,-0.0010108793822071927
2005-09-23,0.0001462669234753628
2005-09-30,-0.001655771275917517
2005-10-07,-0.0016971250218900016
2005-10-14,-0.0007745942327572195
2005-10-21,-0.003229874083821447
2005-10-28,-0.003721137928265111
2005-11-04,-0.0021938407536155726
2005-11-11,-0.0033422955232863677
2005-11-18,-0.00442333449733194
2005-11-25,-0.0027574917406852774
2005-12-02,-0.0021733732170002265
2005-12-09,-0.00031340598795691614
2005-12-16,0.0023401120544350794
2005-12-23,0.0005153541680796356
2005-12-30,0.0020606224946314662
2006-01-06,0.0030798073731973232
2006-01-13,0.002421933150801267
2006-01-20,0.006810018193071983
2006-01-27,0.006613816466049407
2006-02-03,0.003465396042875967
2006-02-10,-0.0005978152978206582
2006-02-17,-0.005443696851761587
2006-02-24,-0.005262928073207735
2006-03-03,-0.003708567576700489
2006-03-10,-0.0022837431828316448
2006-03-17,0.002319420935868163
2006-03-24,0.0012000576449139478
2006-03-31,0.0026574394247823986
2006-04-07,0.004459182061389711
2006-04-14,0.00475823818807045
2006-04-21,0.008087053525802277
2006-04-28,0.0038161858561023498
2006-05-05,0.0041226506312761774
2006-05-12,0.002152445464600419
2006-05-19,-0.0019776152922677905
2006-05-26,-1.0488272881734202e-05
2006-06-02,-0.0007698978699414436
2006-06-09,0.00028420963191958887
2006-06-16,-0.0001954760912070567
2006-06-23,0.00012595405208496965
2006-06-30,0.0008058565801954293
2006-07-07,0.0018496391689083128
2006-07-14,0.0036217927434041
2006-07-21,0.003029362404736425
2006-07-28,0.001711591368249741
2006-08-04,0.000618740906219987
2006-08-11,0.00028466988073138006
2006-08-18,-0.001499869168317733
2006-08-25,-0.0012012236822613262
2006-09-01,-0.0035807207227006926
2006-09-08,-0.0058725449399556
2006-09-15,-0.006234699050014186
2006-09-22,-0.007888406447746913
2006-09-29,-0.006537242186555025
2006-10-06,-0.006357519494306936
2006-10-13,-0.004406210066692078
2006-10-20,-0.00243495323674005
2006-10-27,-0.0025416757974992565
2006-11-03,-0.001021680766744515
2006-11-10,0.0011665363549373023
2006-11-17,-0.0007966232769576247
2006-11-24,-0.0004800772033661141
2006-12-01,0.0021938953871842295
2006-12-08,0.0025742235804394123
2006-12-15,0.002154497092648539
2006-12-22,0.004732673147580269
2006-12-29,-0.0008248085034227126
2007-01-05,-0.004059917353877479
2007-01-12,-0.0065435688482747435
2007-01-19,-0.009865270622126063
2007-01-26,-0.00705080439576824
2007-02-02,-0.0017819109451585248
2007-02-09,0.003728012412877536
2007-02-16,0.00601069179587151
2007-02-23,0.005745136334883235
2007-03-02,0.004470186929903405
2007-03-09,0.0016921995575488065
2007-03-16,-0.00048267125345248665
2007-03-23,-0.0011009956791414167
2007-03-30,0.0020022289587662764
2007-04-06,0.00299871070562259
2007-04-13,0.0033380681923483686
2007-04-20,0.004656629672867187
2007-04-27,0.001613892516694982
2007-05-04,-0.0009549265537730034
2007-05-11,-0.0005459534513725328
2007-05-18,0.0004315805317384409
2007-05-25,-0.00028064933650422867
2007-06-01,-0.0002804232666767648
2007-06-08,0.0032031523243259198
2007-06-15,0.0027227528888473995
2007-06-22,0.002860599217177888
2007-06-29,0.0038007931634324163
2007-07-06,0.004066226249054754
2007-07-13,0.004922355898698624
2007-07-20,0.004390307126644395
2007-07-27,0.0044035602922791305
2007-08-03,0.0035296723979746673
2007-08-10,-0.0005986507028809612
2007-08-17,-0.0019536005061807915
2007-08-24,-0.0034135698426341872
2007-08-31,-0.0025555902350079206
2007-09-07,0.002654766590274974
2007-09-14,0.0046266591288988326
2007-09-21,0.007828732122258751
2007-09-28,0.006069231807513646
2007-10-05,0.003222242075911272
2007-10-12,0.001557090160780469
2007-10-19,0.003264786325299615
2007-10-26,0.004395024908612459
2007-11-02,0.0073969574838029985
2007-11-09,0.008123278965009209
2007-11-16,0.003172114533691722
2007-11-23,0.00501002597361362
2007-11-30,-0.00011656989633255987
2007-12-07,-0.00379414823600045
2007-12-14,-0.001457603896435853
2007-12-21,-0.0032580401435171893
2007-12-28,0.001185148466970191
2008-01-04,0.005227888768708822
2008-01-11,0.0025090069934235295
2008-01-18,0.00023313480300491692
2008-01-25,-0.0022252977572392195
2008-02-01,-0.0033629468661913464
2008-02-08,-0.003638004091715146
2008-02-15,0.001174145141776926
2008-02-22,0.005379381497555983
2008-02-29,0.004908807234925884
2008-03-07,0.007776604597788355
2008-03-14,0.007899756927234207
2008-03-21,0.003197700909916188
2008-03-28,0.0020437688925884026
2008-04-04,0.00033253977583087586
2008-04-11,0.0006227851492964237
2008-04-18,0.0036887557852537554
2008-04-25,0.0063152086771511625
2008-05-02,0.005470782153939958
2008-05-09,0.0057144548725399785
2008-05-16,0.0044501206343376095
2008-05-23,0.004665598515544668
2008-05-30,0.0054609699250575275
2008-06-06,0.0028054048787972234
2008-06-13,0.0038298663678849433
2008-06-20,0.0019863645256509637
2008-06-27,0.002973416038367827
2008-07-04,0.006330533382271154
2008-07-11,0.0015957507798893232
2008-07-18,0.00032946374757546296
2008-07-25,-0.003866274562615396
2008-08-01,-0.006526880363614211
2008-08-08,-0.008184400596822853
2008-08-15,-0.008366378287524217
2008-08-22,-0.004233640556491206
2008-08-29,-0.0035247864528346155
2008-09-05,-0.0049500777447031965
2008-09-12,-0.005487699313652188
2008-09-19,-0.00865517747222231
2008-09-26,-0.0021623069480196737
2008-10-03,-0.00640794320071419
2008-10-10,-0.008882854659308947
2008-10-17,-0.012867103706260777
2008-10-24,-0.02414999314497488
2008-10-31,-0.019661200701624665
2008-11-07,-0.014675281181486172
2008-11-14,-0.012417145111886338
2008-11-21,-0.01356981983818618
2008-11-28,-0.009566202416517941
2008-12-05,-0.018309842927285477
2008-12-12,-0.0143703722307295
2008-12-19,-0.015472005971463282
2008-12-26,-0.022683219067044604
2009-01-02,-0.007853638056596121
2009-01-09,0.0018624075750730226
2009-01-16,-0.009570552027298462
2009-01-23,0.012565953980389847
2009-01-30,0.00499396865074847
2009-02-06,-0.005441893003315724
2009-02-13,-0.0011494957544764574
2009-02-20,-0.0032953494613735305
2009-02-27,-0.0027420463059439396
2009-03-06,0.0024420513174945083
2009-03-13,0.009948192570829972
2009-03-20,0.014262011098419677
2009-03-27,0.012792203380803552
2009-04-03,0.007702686846341192
2009-04-10,0.0051828942703736605
2009-04-17,0.0015005293788872879
2009-04-24,-0.005013659714751462
2009-05-01,-9.637613220098956e-05
2009-05-08,0.004762575538735901
2009-05-15,0.0075023811823646275
2009-05-22,0.011658073614880676
2009-05-29,0.012875246546728593
2009-06-05,0.010997331537570133
2009-06-12,0.009693578805509907
2009-06-19,0.008673980440053058
2009-06-26,0.003716618872619522
2009-07-03,0.0009338956824978704
2009-07-10,-0.006576629280545627
2009-07-17,-0.00745803035177583
2009-07-24,-0.0025349579654160618
2009-07-31,-0.0016665013600764417
2009-08-07,0.007624767128001762
2009-08-14,0.0063988057292802365
2009-08-21,0.004038233710627622
2009-08-28,0.0038529992471145595
2009-09-04,-0.0022792271236276316
2009-09-11,0.0005174093503287705
2009-09-18,0.001185295839448944
2009-09-25,-0.002955942267644908
2009-10-02,-0.00036932742260526835
2009-10-09,0.000350463433110776
2009-10-16,0.002988950733337662
2009-10-23,0.007948246200421177
2009-10-30,0.006559746330224868
2009-11-06,0.005476762855492969
2009-11-13,0.001644521084643057
2009-11-20,-0.0010698545656946338
2009-11-27,-0.0017292503218902125
2009-12-04,-0.0013609885807399226
2009-12-11,-0.004639822725927965
2009-12-18,-0.0043712345073633595
2009-12-25,-0.0010684196878966233
2010-01-01,0.0013050503372976432
2010-01-08,0.005497798943683909
2010-01-15,0.006264268888285543
2010-01-22,0.0023970154868895054
2010-01-29,-0.002639145383156069
2010-02-05,-0.0045662517619946
2010-02-12,-0.004608468023894759
2010-02-19,0.00044756779549361337
2010-02-26,0.003262481203038092
2010-03-05,0.0034157782916051233
2010-03-12,0.005477873209651941
2010-03-19,0.0025436248374728276
2010-03-26,0.0008912837041451203
2010-04-02,0.0019312658742897545
2010-04-09,0.0023026242751921495
2010-04-16,0.0016668557845131563
2010-04-23,0.0012749977967571678
2010-04-30,0.001120230884093402
2010-05-07,-0.0033274332551515183
2010-05-14,-0.005895638704973437
2010-05-21,-0.009079946950847842
2010-05-28,-0.008869145919253042
2010-06-04,-0.005550266139921036
2010-06-11,-0.0015106398773011057
2010-06-18,0.004678581550337213
2010-06-25,0.005270807160415511
2010-07-02,0.0012209861194499622
2010-07-09,0.0007223713206793393
2010-07-16,0.00020626328951873748
2010-07-23,0.00048707628451546086
2010-07-30,0.0012359407995140275
2010-08-06,0.005065964016092879
2010-08-13,0.001159667742003654
2010-08-20,-0.0017814860555289108
2010-08-27,-0.0034570001625336953
2010-09-03,-0.004992130286039715
2010-09-10,-0.0026185549255920196
2010-09-17,0.00024760346830696763
2010-09-24,0.0008135986483458599
2010-10-01,0.0027796718510670108
2010-10-08,0.0048018198258603945
2010-10-15,0.0041586578939093195
2010-10-22,0.0047725160866287615
2010-10-29,0.0022759914030301065
2010-11-05,0.001569578743953446
2010-11-12,0.0028045015004002313
2010-11-19,0.0006629141865627519
2010-11-26,5.6415317501465014e-05
2010-12-03,0.001702038781515414
2010-12-10,0.0006800403500631273
2010-12-17,0.0031587381711652546
2010-12-24,0.004637303757205321
2010-12-31,0.002994701981268847
2011-01-07,0.000429452466078209
2011-01-14,0.0015589909645154659
2011-01-21,0.00044039355999820896
2011-01-28,-0.002686017246872563
2011-02-04,-0.0003802743975384337
2011-02-11,-0.0027355883934456595
2011-02-18,-0.0034257412616650906
2011-02-25,0.005339537727874
2011-03-04,0.006014824874051483
2011-03-11,0.009250808853914484
2011-03-18,0.00860233232420581
2011-03-25,0.005722579990298302
2011-04-01,0.0019660051433921808
2011-04-08,0.0026052942099929676
2011-04-15,0.003840991926355558
2011-04-22,0.002254307222440324
2011-04-29,0.003573945705447293
2011-05-06,-0.0012589970997359506
2011-05-13,-0.004084052132375973
2011-05-20,-0.005373737527709822
2011-05-27,-0.0060299208878616456
2011-06-03,-0.00337320586480104
2011-06-10,0.0003388530757946963
2011-06-17,-0.0011088004700381847
2011-06-24,-0.0034247297106344337
2011-07-01,-0.0036842834083595883
2011-07-08,-0.0015797865602845905
2011-07-15,-0.00020415895528513717
2011-07-22,0.0025574155846116815
2011-07-29,0.0025805599048097714
2011-08-05,-0.003129123447219309
2011-08-12,-0.00774910325404503
2011-08-19,-0.006922567618630558
2011-08-26,-0.006990545144372397
2011-09-02,-0.0015223194523753193
2011-09-09,0.0033193595311114903
2011-09-16,0.0017263266345375415
2011-09-23,-0.0005033019933469889
2011-09-30,-0.00395851380156644
2011-10-07,-0.004926309298895553
2011-10-14,-0.002058586992525734
2011-10-21,0.0018890712532044786
2011-10-28,0.006434836951712741
2011-11-04,0.008044283792151188
2011-11-11,0.006379550856582618
2011-11-18,0.006720549263715242
2011-11-25,0.002559686861130522
2011-12-02,0.00355048909702737
2011-12-09,0.0020706793012003617
2011-12-16,-0.001809978176156947
2011-12-23,0.00034515810327463166
2011-12-30,8.50057889188566e-05
2012-01-06,0.0007294845348512176
2012-01-13,0.0011604120466167538
2012-01-20,0.002750109775874959
2012-01-27,-0.0001630200059187395
2012-02-03,-0.0017523542841848157
2012-02-10,-0.0012252180966259307
2012-02-17,0.0010091262279461532
2012-02-24,0.003799212452026036
2012-03-02,0.004568273690057826
2012-03-09,0.0038814380442134797
2012-03-16,0.0025846516123315673
2012-03-23,1.4002886280363924e-05
2012-03-30,-0.001134324714489687
2012-04-06,-0.0012112383663662424
2012-04-13,-0.0017592182572007606
2012-04-20,-0.00160959272344524
2012-04-27,-0.0009583714775597415
2012-05-04,8.584947193921583e-06
2012-05-11,-0.0027904823767857636
2012-05-18,-0.0051248307078556364
2012-05-25,-0.006639327790919719
2012-06-01,-0.009255273146066402
2012-06-08,-0.007181419862434457
2012-06-15,-0.006063358366140336
2012-06-22,-0.005799924755110257
2012-06-29,-0.004494360162247544
2012-07-06,0.0007027314887463588
2012-07-13,0.0014765745113891394
2012-07-20,0.004825249051991635
2012-07-27,0.0058372112991472965
2012-08-03,0.0020067250910817975
2012-08-10,0.004118929829529806
2012-08-17,0.0022195785457009127
2012-08-24,0.003973512251862118
2012-08-31,0.0035710121968532058
2012-09-07,0.0013161203769035054
2012-09-14,0.0019555273421812194
2012-09-21,-0.0013599501030514215
2012-09-28,-0.0022476817038670363
2012-10-05,-0.0026970487151700595
2012-10-12,-0.0032514151991146108
2012-10-19,-0.001132256517554357
2012-10-26,-0.0028128880358968766
2012-11-02,-0.0027931984887660673
2012-11-09,-0.0030707059839511115
2012-11-16,-0.0032256537057550093
2012-11-23,0.0005289450541859115
2012-11-30,0.0007003911640568385
2012-12-07,0.0007286265462169536
2012-12-14,-2.725901613387749e-05
2012-12-21,0.0005688334718761329
2012-12-28,0.0017961327137166684
2013-01-04,0.0025472285535418247
2013-01-11,0.004376836970943915
2013-01-18,0.004184341449398401
2013-01-25,0.003347019861701877
2013-02-01,0.0028719879256728837
2013-02-08,0.0015264131577669092
2013-02-15,0.0014523242711125444
2013-02-22,-0.0006106624650948288
2013-03-01,-0.002474445010748787
2013-03-08,-0.002946076975341561
2013-03-15,-0.0022183356838800677
2013-03-22,-0.0008720526880512895
2013-03-29,0.0018625458787763284
2013-04-05,0.002321691570427771
2013-04-12,0.0005111340558587166
2013-04-19,-0.002797574219266047
2013-04-26,-0.0024417479589257255
2013-05-03,-0.0008849934119484961
2013-05-10,0.001316540931861549
2013-05-17,0.00364210344410294
2013-05-24,0.0020302548903698664
2013-05-31,0.00020761194886149425
2013-06-07,-0.0007827239029461355
2013-06-14,0.0008852543527345921
2013-06-21,0.0007849754820091192
2013-06-28,0.001272220089401413
2013-07-05,0.00352321861260824
2013-07-12,0.004328647483078442
2013-07-19,0.004618974889648643
2013-07-26,0.005252634694030514
2013-08-02,0.002810886586074372
2013-08-09,0.00022115593573155626
2013-08-16,4.4262652874673585e-05
2013-08-23,-0.00019064309719908786
2013-08-30,0.0013048639758091163
2013-09-06,0.0017888472773299894
2013-09-13,0.0007852639499324402
2013-09-20,0.0002476047065991153
2013-09-27,-0.0023320847961700378
2013-10-04,-0.0025816984954720188
2013-10-11,-0.0026813447680653717
2013-10-18,-0.0022659559582562916
2013-10-25,-0.002755476821463639
2013-11-01,-0.0031071672346218056
2013-11-08,-0.004261895661275862
2013-11-15,-0.0038718117444569433
2013-11-22,-0.00190732690559893
2013-11-29,-0.0023955441055475758
2013-12-06,0.0009925606179834248
2013-12-13,0.0016384103617196153
2013-12-20,0.002129731666649292
2013-12-27,0.002956680691433268
2014-01-03,0.000899586350216788
2014-01-10,-0.002657104985471645
2014-01-17,-0.0021455818445683173
2014-01-24,-0.0013172383634500423
2014-01-31,-0.0004935422399432373
2014-02-07,0.0026823682451992863
2014-02-14,0.003916649225937999
2014-02-21,0.0037452601647596086
2014-02-28,0.0028339339124483255
2014-03-07,0.0028819385731598556
2014-03-14,-0.0002976917803172997
2014-03-21,-0.0013013191607771806
2014-03-28,-0.0010393849193334026
2014-04-04,-0.0012807666669494976
2014-04-11,0.001565149725038763
2014-04-18,0.0020750688332209174
2014-04-25,0.0008885977663437435
2014-05-02,-3.302317363886181e-05
2014-05-09,-0.0009480788570808051
2014-05-16,-0.0009618048670280257
2014-05-23,0.0008312219019637855
2014-05-30,0.0016334819135902854
2014-06-06,0.0014701281834442513
2014-06-13,0.002143856666518655
2014-06-20,0.0018765860363028019
2014-06-27,0.0011999444628741454
2014-07-04,0.0011036436290466922
2014-07-11,-0.0009010783912664104
2014-07-18,-0.00227992368340784
2014-07-25,-0.0012527123217529997
2014-08-01,-0.0017167520713334335
2014-08-08,-0.0028672249057695104
2014-08-15,-0.0026026371894091772
2014-08-22,-0.004717967424983212
2014-08-29,-0.002965855169378363
2014-09-05,-0.001780260656331848
2014-09-12,-0.002531922296245788
2014-09-19,-0.0011458826946071803
2014-09-26,-0.0012016676253375764
2014-10-03,-0.0018128301877725988
2014-10-10,-0.0026771125572998423
2014-10-17,-0.006044379010273564
2014-10-24,-0.006297662293692138
2014-10-31,-0.005877396796798223
2014-11-07,-0.005656274257474654
2014-11-14,-0.004007788024294136
2014-11-21,-0.004282938536684652
2014-11-28,-0.006010383826596327
2014-12-05,-0.00785563049554312
2014-12-12,-0.011592386057662586
2014-12-19,-0.014880899601547875
2014-12-26,-0.014982293747208709
2015-01-02,-0.011525211422011296
2015-01-09,-0.013638826613925412
2015-01-16,-0.009779133737356624
2015-01-23,-0.0091444079924311
2015-01-30,-0.009019835114474363
2015-02-06,0.0009274342131239202
2015-02-13,0.004167432344287817
2015-02-20,0.00446905903168474
2015-02-27,0.004613382387778217
2015-03-06,0.0006095898543345172
2015-03-13,-0.0033081753838152357
2015-03-20,-0.007790793798084538
2015-03-27,-0.0004975574379776761
2015-04-03,-0.0016818791372809833
2015-04-10,0.0031314993183680162
2015-04-17,0.010739125084186191
2015-04-24,0.007743828835355712
2015-05-01,0.00851051908032847
2015-05-08,0.007149690961102737
2015-05-15,0.004589070392631319
2015-05-22,0.002439987094398801
2015-05-29,0.00043009477872294914
2015-06-05,-3.7410921006525773e-06
2015-06-12,9.588834239300269e-05
2015-06-19,0.0006534514088627715
2015-06-26,0.0014349313847976449
2015-07-03,-0.0015955025958725064
2015-07-10,-0.0066978312694340155
2015-07-17,-0.007432366900633603
2015-07-24,-0.009966302866141084
2015-07-31,-0.00974094434550882
2015-08-07,-0.0076692277212498106
2015-08-14,-0.008973056518337543
2015-08-21,-0.008710834364105741
2015-08-28,-0.008228149342251969
2015-09-04,0.0019407525045420707
2015-09-11,0.0020130374692805355
2015-09-18,0.004278754264106277
2015-09-25,0.006854516159050283
2015-10-02,-0.0017110901619830678
2015-10-09,0.003221542361120358
2015-10-16,0.0014681110086865589
2015-10-23,-0.0004577442943810708
2015-10-30,-3.4225000536790805e-05
2015-11-06,-0.002521385261930899
2015-11-13,-0.004633146479245405
2015-11-20,-0.0052946946050273155
2015-11-27,-0.004807208302677933
2015-12-04,-0.006953873336350658
2015-12-11,-0.00808833229550155
2015-12-18,-0.006683052243300814
2015-12-25,-0.005157269441109533
2016-01-01,-0.004386392893707184
2016-01-08,-0.005492352500727221
2016-01-15,-0.008593241303277793
2016-01-22,-0.009307209478131623
2016-01-29,-0.007675432120414859
2016-02-05,-0.006236421258461518
2016-02-12,-0.005397083618207891
2016-02-19,0.00256329174069968
2016-02-26,-0.0002276330873088755
2016-03-04,0.003962402794661761
2016-03-11,0.01414142397000413
2016-03-18,0.012413010650733983
2016-03-25,0.011639077172506122
2016-04-01,0.004623794709771497
2016-04-08,-0.000682205389058877
2016-04-15,0.0039310119857158664
2016-04-22,0.002958000318408384
2016-04-29,0.009211779198165333
2016-05-06,0.009364340308229994
2016-05-13,0.004855488833245111
2016-05-20,0.006864571695243802
2016-05-27,0.004802094671860797
2016-06-03,0.005241861190296114
2016-06-10,0.005338749025729671
2016-06-17,0.0001913029110006418
2016-06-24,0.00032595863198196464
2016-07-01,-0.0009431147331516778
2016-07-08,-0.004444130514048127
2016-07-15,-0.002671716995035873
2016-07-22,-0.004856321338821661
2016-07-29,-0.0065629792095736866
2016-08-05,-0.006765061599752015
2016-08-12,-0.0028045707468445273
2016-08-19,0.0029596554805532576
2016-08-26,0.005882617703354231
2016-09-02,0.0049828068361952044
2016-09-09,0.0035814127474466787
2016-09-16,-0.0022197229194170745
2016-09-23,-0.0028607016933485793
2016-09-30,0.0008767161215620268
2016-10-07,0.0040491687757510265
2016-10-14,0.00630937785936459
2016-10-21,0.0062813791508364875
2016-10-28,0.002944804662437469
2016-11-04,-0.004197823086222617
2016-11-11,-0.005994548283540771
2016-11-18,-0.005658331807338983
2016-11-25,-0.002352229848376946
2016-12-02,0.0022498494844395943
2016-12-09,0.006513431983826418
2016-12-16,0.007496334998285906
2016-12-23,0.005087262947162285
2016-12-30,0.00572276866196912
2017-01-06,0.002193652854303876
2017-01-13,0.00024127617870597782
2017-01-20,2.6047785451740107e-05
2017-01-27,0.00028122235942808416
2017-02-03,-5.6056763926810644e-05
2017-02-10,0.00047268507105428375
2017-02-17,0.001229519760331576
2017-02-24,0.001306404796824491
2017-03-03,0.0003386029658778385
2017-03-10,-0.0023359709816965554
2017-03-17,-0.005208130704916793
2017-03-24,-0.006553742570613248
2017-03-31,-0.004327563557693544
2017-04-07,0.0007884045113938333
2017-04-14,0.005177408475198809
2017-04-21,0.0036483375003038138
2017-04-28,0.0006638015814503897
2017-05-05,-0.0037975301056733675
2017-05-12,-0.005965992442764875
2017-05-19,-0.0018334445226877005
2017-05-26,0.0010898408885993258
2017-06-02,0.001079037767483006
2017-06-09,-0.00017506687975442763
2017-06-16,-0.0036706300696254177
2017-06-23,-0.007794197699248743
2017-06-30,-0.004372074263669083
2017-07-07,-0.0023283481740645107
2017-07-14,-0.0002814481227429262
2017-07-21,0.0028368426387521866
2017-07-28,0.00516415408914052
2017-08-04,0.0046153410376639035
2017-08-11,0.003781541794974293
2017-08-18,0.0011887955623311667
2017-08-25,-0.0006010360266609998
2017-09-01,-0.002954536118563943
2017-09-08,-0.0005841617885735641
2017-09-15,0.0015490162681446498
2017-09-22,0.0023087941292355375
2017-09-29,0.005111921936130111
2017-10-06,0.001940277415466908
2017-10-13,0.0017092040406570942
2017-10-20,0.0015872750674052894
2017-10-27,0.00069753930399546
2017-11-03,0.004163843798112353
2017-11-10,0.005836746395385768
2017-11-17,0.0037873881761956137
2017-11-24,0.004844658256165128
2017-12-01,0.0031769082273162413
2017-12-08,7.67255171437404e-05
2017-12-15,0.0011045288249667974
2017-12-22,0.0005734435747120831
2017-12-29,0.001873890916032725
2018-01-05,0.003411850576858916
2018-01-12,0.00516884976054097
2018-01-19,0.005403593792131618
2018-01-26,0.005133394255514908
2018-02-02,0.0035440619786649133
2018-02-09,-0.00057232429084405
2018-02-16,-0.0026582797807269223
2018-02-23,-0.001872330484481285
2018-03-02,-0.002673580808104606
2018-03-09,-0.001288013530982915
2018-03-16,0.001035825476880727
2018-03-23,0.0013776677434908877
2018-03-30,0.0021114890356393836
2018-04-06,0.0012770117599519896
2018-04-13,0.003763077734931887
2018-04-20,0.003167332412848755
2018-04-27,0.0020895905415935804
2018-05-04,0.0040384799915919815
2018-05-11,0.0033292221458833962
2018-05-18,0.002706610612757855
2018-05-25,0.002194983191575613
2018-06-01,-0.0008119910906783205
2018-06-08,-0.003690260736177791
2018-06-15,-0.0036296872597136156
2018-06-22,-0.0038642216567480064
2018-06-29,0.004850695750379599
2018-07-06,0.006112069644287069
2018-07-13,0.004042141293679235
2018-07-20,0.0025485005538560973
2018-07-27,-0.002057733867669824
2018-08-03,-0.003038540672657968
2018-08-10,-0.0028952063779622136
2018-08-17,-0.0020779125941392885
2018-08-24,-0.0013781132011463242
2018-08-31,0.00014259704723659731
2018-09-07,0.0003949213690528967
2018-09-14,0.0018298515670474393
2018-09-21,0.0021327095020088256
2018-09-28,0.002252564318193913
2018-10-05,0.004416071377395134
2018-10-12,0.0028110081565429447
2018-10-19,-3.3292419852568814e-05
2018-10-26,-0.003864503455172104
2018-11-02,-0.0072060981273055075
2018-11-09,-0.008476597733982022
2018-11-16,-0.01052295036821715
2018-11-23,-0.010214212098719479
2018-11-30,-0.013377250446258593
2018-12-07,-0.008798737438425136
2018-12-14,-0.006307499900919063
2018-12-21,-0.008419596840680858
2018-12-28,-0.005956204069201591
2019-01-04,-0.004803857560196186
2019-01-11,-0.0014403844959883197
2019-01-18,0.0006144198815744151
2019-01-25,0.006676588222440678
2019-02-01,0.007913870016819268
2019-02-08,0.003396176636610833
2019-02-15,0.0022585292662887814
2019-02-22,0.0035160508241345386
2019-03-01,0.0025976670482983862
2019-03-08,0.0021024052829112807
2019-03-15,0.0040497542869306884
2019-03-22,0.0025230494162575287
2019-03-29,0.0029171201181592715
2019-04-05,0.005068092521004939
2019-04-12,0.005169706256172476
2019-04-19,0.0034249922515932436
2019-04-26,0.00485785986636498
2019-05-03,0.0009001560809393618
2019-05-10,-0.0016975368472447552
2019-05-17,-0.0013595002214025838
2019-05-24,-0.0036453828000839556
2019-05-31,-0.005205167465160676
2019-06-07,-0.007777087272065141
2019-06-14,-0.00820150061103512
2019-06-21,-0.005893413010481651
2019-06-28,0.0010335100759055753
2019-07-05,0.004130772091662267
2019-07-12,0.005511394679748731
2019-07-19,0.0035191676860774207
2019-07-26,-0.0014883175491728674
2019-08-02,-0.001171103416389988
2019-08-09,-0.005125666115675663
2019-08-16,-0.0012756080972889728
2019-08-23,-0.0005046892981830989
2019-08-30,-0.001183373236044378
2019-09-06,0.0025219469794146333
2019-09-13,0.0008374146595234054
2019-09-20,0.0031832120388116973
2019-09-27,0.0016902745315808356
2019-10-04,-0.002271658817950566
2019-10-11,-0.002633440849516665
2019-10-18,-0.005159815138605013
2019-10-25,-0.0015147460289387643
2019-11-01,0.0018909111224624116
2019-11-08,0.0031141474175169176
2019-11-15,0.0031666000864505896
2019-11-22,0.002017912860016978
2019-11-29,0.0021962950003347166
2019-12-06,0.0015133833258998372
2019-12-13,0.0020996732935090147
2019-12-20,0.0033072467502132997
2019-12-27,0.0027918659080739105
2020-01-03,0.003848727826172466
2020-01-10,0.0015879943136373656
2020-01-17,-0.0016629500520744076
2020-01-24,-0.004036782148516006
2020-01-31,-0.007720613317613459
2020-02-07,-0.010086525089511088
2020-02-14,-0.006930921711862296
2020-02-21,-0.0037369280932562764
2020-02-28,-0.00481605103425407
2020-03-06,-0.005298339469353336
2020-03-13,-0.022238510128312933
2020-03-20,-0.03971310134999509
2020-03-27,-0.04610983549681299
2020-04-03,-0.03842481089936998
2020-04-10,-0.014429547089730215
2020-04-17,-0.013607883157267362
2020-05-22,0.04688259637112474
2020-05-29,0.043017784546793114
2020-06-05,0.025555855037509574
2020-06-12,0.019881302843477444
2020-06-19,0.0086613423017765
2020-06-26,0.007075305052389123
2020-07-03,0.004012961828861438
2020-07-10,0.002452147238533713
2020-07-17,0.0037416037357622554
2020-07-24,0.0023418562208306743
2020-07-31,0.00137454079109049
2020-08-07,0.0013720518796612392
2020-08-14,0.0018229648809275877
2020-08-21,0.001653069941382691
2020-08-28,0.002691328770449021
2020-09-04,0.0003116233566357587
2020-09-11,-0.0059325351784232806
2020-09-18,-0.0038304828999385586
2020-09-25,-0.003663210330447271
2020-10-02,-0.004324541833187965
2020-10-09,0.003023176170971493
2020-10-16,0.0010034064975058688
2020-10-23,0.0008018034462178792
2020-10-30,-0.002206026930451575
2020-11-06,-0.003192631641397191
2020-11-13,0.0004064783704953379
2020-11-20,0.0013342734593432368
2020-11-27,0.007342392960034577
2020-12-04,0.010329783818729196
2020-12-11,0.007574373307116876
2020-12-18,0.007884525261260312
2020-12-25,0.0054771418085623035
2021-01-01,0.0030592655910386983
2021-01-08,0.00451945092945534
2021-01-15,0.005601059045356571
2021-01-22,0.004747037297440804
2021-01-29,0.004564026836961491
2021-02-05,0.0057977044455260664
2021-02-12,0.005226650245690163
2021-02-19,0.006511787607687703
2021-02-26,0.008510980538366578
2021-03-05,0.006694269700956908
2021-03-12,0.005714117846985031
2021-03-19,0.0025598053255111446
2021-03-26,-0.001937684368433353
2021-04-02,-0.0005518254312731879
2021-04-09,-0.0046375567126136375
2021-04-16,-0.001679312123294912
2021-04-23,0.001758870293203392
2021-04-30,0.0022200981960303883
2021-05-07,0.00462475396268455
2021-05-14,0.002487466131972423
2021-05-21,0.001518760319179141
2021-05-28,0.002258937959141325
2021-06-04,0.002694965662935044
2021-06-11,0.0037910923044369277
2021-06-18,0.005232172524083074
2021-06-25,0.0054853299525784455
2021-07-02,0.004087622824549632
2021-07-09,0.0024100783853446945
2021-07-16,0.0012164168433748785
2021-07-23,-0.002331652469160877
2021-07-30,-0.0007410936531213587
2021-08-06,-0.0029702293592053764
2021-08-13,-0.003427328112936881
2021-08-20,-0.0034331418401290364
2021-08-27,-0.003681769340614703
2021-09-03,-0.00024595698342214437
2021-09-10,0.00048125988550317485
2021-09-17,0.003939982746999554
2021-09-24,0.004287258744405091
2021-10-01,0.004435927530716174
2021-10-08,0.006412458159407065
2021-10-15,0.00621762941943471
2021-10-22,0.007278378229535529
2021-10-29,0.005267585461559253
2021-11-05,0.002036862305700914
2021-11-12,0.00045910741517093403
2021-11-19,-0.0027705193649482547
2021-11-26,-0.00402110266086237
2021-12-03,-0.010808331948869928
2021-12-10,-0.006662365231976339
2021-12-17,-0.006118005933868939
2021-12-24,-0.003969766473649335
2021-12-31,0.004774802436131866
2022-01-07,0.005158630255145464
2022-01-14,0.0066551397925952525
2022-01-21,0.009631476049657986
2022-01-28,0.0068811107187798145
2022-02-04,0.0074964319840498065
2022-02-11,0.005890575538022967
2022-02-18,0.004139116162461184
2022-02-25,0.003035189867541349
2022-03-04,0.009201689680811585
2022-03-11,0.011217628050827046
2022-03-18,0.003668762295832903
2022-03-25,0.010583550016279138
2022-04-01,-0.0013094377379156137
2022-04-08,-0.006611285463448813
2022-04-15,0.0010237336472658511
2022-04-22,-0.003407251433604882
2022-04-29,-0.002056370831118295
2022-05-06,0.0035417739042283582
2022-05-13,0.0020409092865866776
2022-05-20,0.0037827785170359064
2022-05-27,0.004876690456809002
2022-06-03,0.004706931184714701
2022-06-10,0.006954845053217545
2022-06-17,0.002035925542380924
2022-06-24,-0.0019213886056946676
2022-07-01,-0.0020249817391541315
2022-07-08,-0.0073795786659876204
2022-07-15,-0.008955082505165489
2022-07-22,-0.0036121062171197557
2022-07-29,-0.005282980139978173
2022-08-05,-0.00537886775155109
2022-08-12,-0.002688878244618639
2022-08-19,-0.005356610651526523
2022-08-26,-0.0026460327578410126
2022-09-02,-0.0017676808986326654
2022-09-09,-0.005188842299282457
2022-09-16,-0.00269365590798298
2022-09-23,-0.006203228034726638
2022-09-30,-0.006952028594811731
2022-10-07,0.00144265467700748
2022-10-14,0.0009801031696294624
2022-10-21,0.0011388398280361505
2022-10-28,0.0046541160531382445
2022-11-04,0.0005297947971832282
2022-11-11,-0.00032130379207958584
2022-11-18,-0.0008100226721734745
2022-11-25,-0.0054949567831368805
2022-12-02,-0.0053228691787371805
2022-12-09,-0.009918824271932157
2022-12-16,-0.006652877687156856
2022-12-23,-0.001105130820281496
2022-12-30,6.145039863271934e-05
2023-01-06,-0.0009327908662596587
2023-01-13,0.0023448932631326474
2023-01-20,0.0032650394493281545
2023-01-27,0.0009895973523298231
2023-02-03,0.00010162853570624241
2023-02-10,0.0010645376300831364
2023-02-17,-0.0011023749353815241
2023-02-24,-0.0032454763359227087
2023-03-03,-0.00014902338473572795
2023-03-10,0.0007057441568908426
2023-03-17,-0.006501195605287899
2023-03-24,-0.004327990456139277
2023-03-31,-0.0024765360968497198
2023-04-07,0.001988157388302613
2023-04-14,0.006764684915761624
2023-04-21,0.007045732358917712
2023-04-28,0.0025698743441705195
2023-05-05,-0.0056398575133075396
2023-05-12,-0.00640144718760938
2023-05-19,-0.005036115896285621
2023-05-26,-0.002477299706629174
2023-06-02,-0.0008702362037339408
2023-06-09,-0.0005065196678084435
2023-06-16,-0.001350533709765147
2023-06-23,-0.0015778478502268005
2023-06-30,-0.0006890589469762342
2023-07-07,-0.00017879334052452737
2023-07-14,0.004141624637610386
2023-07-21,0.0031284347253922517
2023-07-28,0.007186745612798161
2023-08-04,0.006443200568650472
2023-08-11,0.004965919950106595
2023-08-18,0.003399650858471373
2023-08-25,0.00018281417655420786
2023-09-01,0.0006648500348820603
2023-09-08,0.0024457831873012908
2023-09-15,0.0046002654551186
2023-09-22,0.0059637016425502535
2023-09-29,0.005759613074949231
2023-10-06,-0.0008020806211765189
2023-10-13,-0.002132973523164873
2023-10-20,-0.0013568606385290006
2023-10-27,-0.0034488257014582183
2023-11-03,-0.002986696617969451
2023-11-10,-0.003664068620032414
2023-11-17,-0.006555257900596086
2023-11-24,-0.005695529962865959
2023-12-01,-0.00480349718877205
2023-12-08,-0.006106660716889941
2023-12-15,-0.004642164385722655
2023-12-22,-0.0024476688570543724
2023-12-29,-0.00163159933599604
2024-01-05,0.00046015131767152955
2024-01-12,0.0016939607619466744
2024-01-19,0.0009961960083530637
2024-01-26,0.0014446859057497914
2024-02-02,0.002561670745994224
2024-02-09,0.0018972294131282673
2024-02-16,0.0032299439426036894
2024-02-23,0.0018614627788396312
2024-03-01,0.0017006391629856635
2024-03-08,0.0035155215952710414
2024-03-15,0.0017267978675226177
2024-03-22,0.0024035876977443545
2024-03-29,0.002150823540163261
2024-04-05,0.003872313770028514
2024-04-12,0.00401734129412336
2024-04-19,0.0010049994733353506
2024-04-26,0.001242354996224286
2024-05-03,-0.002754632336625978
2024-05-10,-0.0042693543629557466
