,return,S&P500,sentiment
2000-02-04,-0.3652007689942685,-0.520646318065682,1.0
2000-02-11,-0.523913005810865,-0.5555800082070464,0.0
2000-02-18,-0.03636519456136107,-0.5940586747828356,1.0
2000-02-25,0.11241696570838022,-0.6059970692311828,0.0
2000-03-03,0.14008271187222385,-0.5349010934858739,0.0
2000-03-10,0.9727395690497864,-0.5481244073781267,2.0
2000-03-17,1.1367429233063526,-0.48303987184298597,0.0
2000-03-24,1.287341766573021,-0.4239667765180131,1.0
2000-03-31,1.2987023608342563,-0.45105094140008745,2.0
2000-04-07,0.5419372485227907,-0.4343859117058409,0.0
2000-04-14,0.6948949927914202,-0.5842396418513294,1.0
2000-04-21,0.5807895037317495,-0.5111086760815313,1.0
2000-04-28,0.636261883503063,-0.4943311129042699,0.0
2000-05-05,0.7198243338063257,-0.5128999389591855,0.0
2000-05-12,0.6350219492172934,-0.5238443067208407,0.0
2000-05-19,0.21470518813152453,-0.5369831346411048,0.0
2000-05-26,0.42563818736484177,-0.5641141216946471,2.0
2000-06-02,0.3129027801254562,-0.4710451534133128,2.0
2000-06-09,0.24648342601581583,-0.49009227539095096,1.0
2000-06-16,0.44978903244908697,-0.4830492591732069,0.0
2000-06-23,0.9049644344690924,-0.5046002797678357,0.0
2000-06-30,0.8558816170546824,-0.4922961228797808,1.0
2000-07-07,0.9320507561113718,-0.46950711949235135,0.0
2000-07-14,0.6297529623281901,-0.440359802595125,1.0
2000-07-21,0.11182920571005782,-0.4682974131698504,1.0
2000-07-28,0.10497332221349988,-0.5248477207377538,2.0
2000-08-04,-0.07839058330832223,-0.4844840324617376,0.0
2000-08-11,0.12369367573905508,-0.47612816376869876,0.0
2000-08-18,0.24330796858270232,-0.4574843535516521,0.0
2000-08-25,0.5163231593917286,-0.4436703247332987,0.0
2000-09-01,0.6021844389935707,-0.43024071853545803,0.0
2000-09-08,0.5261045944365708,-0.4548771943022307,2.0
2000-09-15,0.6737747714640682,-0.4817831143897433,0.0
2000-09-22,0.6356619846250797,-0.4978104925067844,0.0
2000-09-29,0.8425665937982759,-0.5092612037021882,2.0
2000-10-06,0.8881109284748502,-0.5350699509502147,0.0
2000-10-13,0.8547516994840515,-0.5677246949609815,0.0
2000-10-20,1.1121996582582523,-0.5463799666719407,1.0
2000-10-27,0.9182093641100477,-0.5626511864154535,2.0
2000-11-03,0.7752071454770605,-0.518470632567515,0.0
2000-11-10,0.35734149447360875,-0.5754054772355679,1.0
2000-11-17,-0.23778597424709658,-0.5737736844920336,0.0
2000-11-24,-0.2767138828797637,-0.5981099946510087,2.0
2000-12-01,-0.28135499275216536,-0.6229996993744741,2.0
2000-12-08,0.32748188635373754,-0.5717385799879076,0.0
2000-12-15,0.679165595081348,-0.6258881350916142,0.0
2000-12-22,1.2536223233408006,-0.6317026703264155,2.0
2000-12-29,1.5003305444646704,-0.6182636767983538,1.0
2001-01-05,1.2891118873865108,-0.6388300580365115,1.0
2001-01-12,1.0778326501557471,-0.6198860822116672,0.0
2001-01-19,0.7566121835391634,-0.5973878571018144,1.0
2001-01-26,0.30525171227489123,-0.5857496282612648,0.0
2001-02-02,0.3782646906065388,-0.5908888481183396,2.0
2001-02-09,0.6107208583579669,-0.6234404459763127,1.0
2001-02-16,0.5307571220452092,-0.6358477490171615,0.0
2001-02-23,0.2787787112065722,-0.688056072918952,0.0
2001-03-02,0.12109202266611455,-0.6990097135311912,2.0
2001-03-09,-0.21179644945645817,-0.6997224637501646,0.0
2001-03-16,-0.110319219409888,-0.7774581439526259,0.0
2001-03-23,-0.006696739228250021,-0.7874928565199409,1.0
2001-03-30,0.1356326762044435,-0.7682676042273778,1.0
2001-04-06,0.21975057630868183,-0.7981838808452665,0.0
2001-04-13,0.16102431514890864,-0.7465383388381873,0.0
2001-04-20,0.018598489002779228,-0.6907569909909462,0.0
2001-04-27,-0.025681938136744163,-0.6813131078293687,2.0
2001-05-04,-0.17075926913872763,-0.6685963663301381,1.0
2001-05-11,-0.29409484016590026,-0.6882342032338769,2.0
2001-05-18,-0.6224731522705818,-0.6448227235862375,1.0
2001-05-25,-0.6365293406819121,-0.6580177610081905,2.0
2001-06-01,-0.6819815450976286,-0.6741669454588307,0.0
2001-06-08,-0.7052527299450346,-0.6701437875813205,0.0
2001-06-15,-0.46958012114547976,-0.7175973142465488,1.0
2001-06-22,-0.05032472975528173,-0.707290712541736,0.0
2001-06-29,0.12250613232824112,-0.7082003677360761,1.0
2001-07-06,0.2655241029287987,-0.7398892470508138,2.0
2001-07-13,0.2920215625216911,-0.7163593314537482,0.0
2001-07-20,-0.07430387481439653,-0.7208890617242806,0.0
2001-07-27,-0.2717122377640825,-0.7256063096399589,0.0
2001-08-03,-0.4331892296747978,-0.7176067015767699,1.0
2001-08-10,-0.47809312045334007,-0.7402924443317686,2.0
2001-08-17,-0.5252226086535563,-0.7667295703064164,1.0
2001-08-24,-0.46249952520586074,-0.7451972098925927,1.0
2001-08-31,-0.4661004611362751,-0.7933542139262102,1.0
2001-09-07,-0.6757261963046779,-0.838181806681575,2.0
2001-09-14,-0.09286800508083408,-0.8318421533525834,1.0
2001-09-21,0.41038492559218553,-0.9507011514613206,1.0
2001-09-28,1.9246733243029626,-0.8802336116824515,2.0
2001-10-05,2.0367137425846082,-0.8516863970415467,2.0
2001-10-12,1.8816862943240789,-0.8326768243847925,0.0
2001-10-19,1.6398268865097003,-0.8497170038489676,0.0
2001-10-26,0.03337646240362065,-0.8205227503006364,2.0
2001-11-02,-0.15624918224851977,-0.8368501795458383,0.0
2001-11-09,-0.012111859383849864,-0.8057989518083061,1.0
2001-11-16,1.0103158682495486,-0.788599416689648,2.0
2001-11-23,1.5468144556089696,-0.7776363887471877,0.0
2001-11-30,1.9028057766985969,-0.7878492316294275,0.0
2001-12-07,1.9373290483409629,-0.7701618987781892,0.0
2001-12-14,1.369445328537527,-0.8031919070385215,0.0
2001-12-21,0.918351764227154,-0.7827474466135997,1.0
2001-12-28,0.5586179153004576,-0.7676204508403146,2.0
2002-01-04,0.7425127039397725,-0.7568449405430002,1.0
2002-01-11,0.9198693073539647,-0.7820816330457313,0.0
2002-01-18,1.036401821853351,-0.7989811170362286,0.0
2002-01-25,1.0156556306507891,-0.793635490393929,1.0
2002-02-01,0.7412384318133085,-0.8040265780707306,1.0
2002-02-08,0.3084923193148648,-0.8283910502203686,2.0
2002-02-15,0.6466718393156673,-0.8209259475815911,2.0
2002-02-22,0.6523718586733038,-0.8343743284398738,1.0
2002-03-01,0.7548740923731643,-0.7950422161714336,1.0
2002-03-08,0.7777612082133849,-0.7645349956681707,1.0
2002-03-15,0.041714025663170236,-0.7628000567718424,0.0
2002-03-22,-0.053481697166983554,-0.7791744226681491,1.0
2002-03-29,-0.28457866130060044,-0.780402903651092,1.0
2002-04-05,0.06795763101861922,-0.8035295074875661,1.0
2002-04-12,0.404705392228025,-0.8145206974206893,1.0
2002-04-19,0.5718885048637595,-0.8012411740267475,1.0
2002-04-26,0.5119887613181752,-0.8470536350978572,1.0
2002-05-03,0.18458359057997017,-0.8497638260204357,1.0
2002-05-10,-0.32049834478376055,-0.8670572344413036,1.0
2002-05-17,-0.4470170651477107,-0.8186658905910722,1.0
2002-05-24,-0.34486389274025225,-0.8400200062103341,1.0
2002-05-31,-0.2745847868594167,-0.8556627327475889,0.0
2002-06-07,-0.21103344015831885,-0.8928096577080042,1.0
2002-06-14,-0.25906759114729855,-0.9118098430345375,1.0
2002-06-21,-0.28327847437247505,-0.9288124731778287,1.0
2002-06-28,-0.25501316389148654,-0.9281747643608049,1.0
2002-07-05,-0.5769982413049046,-0.9289156193306227,1.0
2002-07-12,-0.5411830413993108,-0.9923495874617871,2.0
2002-07-19,-0.7835273824206738,-1.06141045870297,1.0
2002-07-26,-0.6264975080228924,-1.0566369440457843,1.0
2002-08-02,-0.5046717954968212,-1.0459458624806404,1.0
2002-08-09,-0.4666916788618584,-1.0043067565705763,1.0
2002-08-16,-0.3770104647230609,-0.985428492057279,1.0
2002-08-23,-0.576201934690505,-0.9740903143448901,1.0
2002-08-30,-0.6209957769865595,-0.9973387817547817,2.0
2002-09-06,-0.5633786831480825,-1.0181114552985273,1.0
2002-09-13,-0.558337694669786,-1.0219658701913334,1.0
2002-09-20,-0.4820290826406087,-1.063623693522021,1.0
2002-09-27,-0.4559385116891122,-1.0805231775125181,1.0
2002-10-04,-0.7055858431495008,-1.1056472792924161,1.0
2002-10-11,-0.8967521011319576,-1.0730675194437802,1.0
2002-10-18,-0.9895228859162809,-1.027048823306901,2.0
2002-10-25,-0.6192031828921427,-1.0146133582753891,2.0
2002-11-01,-0.4228869406327437,-1.0115091856826217,1.0
2002-11-08,-0.2335956100985214,-1.0173424383380465,1.0
2002-11-15,-0.10098351963526118,-1.00319075183083,1.0
2002-11-22,-0.05570698113933354,-0.9837592072326791,1.0
2002-11-29,-0.10667414907181963,-0.9783573710886905,1.0
2002-12-06,-0.17696406553293867,-1.0009400249307137,1.0
2002-12-13,-0.1916199436988179,-1.0222753658895336,1.0
2002-12-20,-0.22011152319002797,-1.0163858464926014,1.0
2002-12-27,-0.02562541722458085,-1.0354797906417077,1.0
2003-01-03,0.1568882315099148,-1.0043536359818628,1.0
2003-01-10,0.3572919753645493,-0.9865538841272463,1.0
2003-01-17,0.3315736261866522,-1.0107401687221411,1.0
2003-01-24,0.2274547813749964,-1.0486092312317508,1.0
2003-01-31,0.06819762927355434,-1.0539548006342319,1.0
2003-02-07,-0.18052188384615706,-1.078347434774533,1.0
2003-02-14,-0.18987260873571568,-1.0734707739645533,2.0
2003-02-21,-0.22152435576913565,-1.061016591512418,1.0
2003-02-28,-0.14976063128339337,-1.067600029228063,1.0
2003-03-07,-0.26933268083269885,-1.0790976770745717,1.0
2003-03-14,-0.254356432548243,-1.0749900332250728,1.0
2003-03-21,0.8066049233047755,-1.0163577417417569,1.0
2003-03-28,1.537402391727303,-1.0466398380391717,1.0
2003-04-04,1.847494424613868,-1.0322443671453019,1.0
2003-04-11,1.8947030323743828,-1.0421383269991205,1.0
2003-04-18,1.2768624013233894,-1.01843028108713,1.0
2003-04-25,0.7290099533163862,-1.0135255155263059,1.0
2003-05-02,0.17862754305388445,-0.9841999538345176,1.0
2003-05-09,-0.08909048631850303,-0.9810770638211267,1.0
2003-05-16,0.002255474417148888,-0.9708642209388868,1.0
2003-05-23,-0.06139168770998837,-0.98125525137587,1.0
2003-05-30,-0.20871303261259688,-0.9527736908066937,1.0
2003-06-06,-0.02967106774238518,-0.9301066654723185,1.0
2003-06-13,-0.21995430649533396,-0.9293095437609934,0.0
2003-06-20,-0.3054214593728449,-0.9226697820640223,1.0
2003-06-27,-0.21477800690908605,-0.9409291124207377,1.0
2003-07-04,-0.2219436622685922,-0.9320385665838321,1.0
2003-07-11,-0.21535590960945208,-0.920372118512801,1.0
2003-07-18,-0.33952358599269417,-0.9248924042132941,0.0
2003-07-25,-0.3441220062770242,-0.9198657178392341,1.0
2003-08-01,-0.5254976759375717,-0.9372434405126355,1.0
2003-08-08,-0.19308449893479193,-0.9396442502166507,1.0
2003-08-15,-0.13848407233177074,-0.9273776426494796,1.0
2003-08-22,-0.2621629307015128,-0.9251362458397658,1.0
2003-08-29,-0.22349629472140223,-0.9111158674760061,1.0
2003-09-05,-0.2846526259748351,-0.8985678689614794,1.0
2003-09-12,-0.28495969446155067,-0.9011562535504591,0.0
2003-09-19,-0.26460350818604783,-0.8845849826787854,0.0
2003-09-26,-0.21016258607725502,-0.9215819393149387,1.0
2003-10-03,-0.4352549230763521,-0.8906339722098373,1.0
2003-10-10,-0.3614313384999258,-0.882934415274809,1.0
2003-10-17,-0.11801650889016327,-0.8817528709429711,1.0
2003-10-24,0.18037275013943216,-0.8915154654135146,1.0
2003-10-31,0.08346043489517133,-0.8710711194682296,1.0
2003-11-07,0.17391768681148814,-0.8687265765057219,1.0
2003-11-14,-0.00266379251267227,-0.8714087199172743,1.0
2003-11-21,-0.18320601138143552,-0.8855415745242304,1.0
2003-11-28,0.15220449758371338,-0.8640468779109275,1.0
2003-12-05,-0.03597941802938738,-0.8609520354085626,1.0
2003-12-12,0.07800944424079541,-0.8490980124525673,1.0
2003-12-19,-0.12760486024086934,-0.8354808886095807,1.0
2003-12-26,-0.3472253445667599,-0.8287004886787505,1.0
2004-01-02,-0.3459125970051928,-0.81689340237386,1.0
2004-01-09,-0.08813488463383812,-0.8043454038593334,1.0
2004-01-16,-0.19160156957595065,-0.7874928565199409,1.0
2004-01-23,-0.13570692202302811,-0.7858797239572116,1.0
2004-01-30,-0.2072574241677412,-0.7956518202376129,1.0
2004-02-06,-0.3570168767702542,-0.7847450017968417,1.0
2004-02-13,-0.26231471091431763,-0.7818846135907276,1.0
2004-02-20,-0.39594509329990635,-0.7834789714930149,1.0
2004-02-27,-0.43766200019681983,-0.7827006244421316,1.0
2004-03-05,-0.4485527225483349,-0.7715218023842257,1.0
2004-03-12,-0.44137177296188806,-0.8055552246614711,0.0
2004-03-19,-0.12939217574382297,-0.8156741942415012,1.0
2004-03-26,-0.06819683660375406,-0.8172872123245937,1.0
2004-04-02,-0.09024439960666356,-0.7856358823307399,1.0
2004-04-09,0.11584740268778872,-0.7879711524426635,1.0
2004-04-16,-0.017281532691048408,-0.7923882347505441,1.0
2004-04-23,-0.02252931742852255,-0.7867707189707467,1.0
2004-04-30,-0.10914794195397082,-0.817999962543567,1.0
2004-05-07,-0.16538856301730215,-0.826065281918303,1.0
2004-05-14,-0.20375195997751977,-0.8288787334733122,1.0
2004-05-21,-0.05862486245535269,-0.8308855615071383,1.0
2004-05-28,0.15778830734759156,-0.8054519640290404,1.0
2004-06-04,0.6875265279326815,-0.803745187123375,1.0
2004-06-11,0.6428176886719661,-0.7906439085239948,1.0
2004-06-18,0.5125101898642118,-0.7920036976503946,1.0
2004-06-25,0.3695786575490932,-0.792556977735248,1.0
2004-07-02,0.05315405141919493,-0.8010442690513806,1.0
2004-07-09,0.035716186749736756,-0.8128325806958291,0.0
2004-07-16,0.2469252232606236,-0.8235424941612335,1.0
2004-07-23,0.24667239005409694,-0.8377879967308414,1.0
2004-07-30,-0.031093047266807113,-0.8232330557028518,1.0
2004-08-06,-0.19112838785338537,-0.8586356544367179,2.0
2004-08-13,-0.2744797594004968,-0.8578571929061978,1.0
2004-08-20,-0.24399229791307436,-0.8263934950371267,1.0
2004-08-27,-0.109762148580299,-0.8175592159417284,1.0
2004-09-03,0.06893566639812923,-0.8120636209751668,1.0
2004-09-10,0.08551182665997652,-0.8024134455080013,1.0
2004-09-17,0.3224151421614938,-0.7980713473622516,1.0
2004-09-24,0.3896415506307083,-0.8153647557831195,0.0
2004-10-01,0.1832038546883964,-0.7953048324583473,1.0
2004-10-08,0.003899055540218722,-0.8040827875724197,1.0
2004-10-15,-0.33421982532870687,-0.8171560186607737,1.0
2004-10-22,-0.4760486956040091,-0.8288411841524282,1.0
2004-10-29,-0.31037044567457317,-0.796524040590706,1.0
2004-11-05,0.014733840669506105,-0.7627906694416214,1.0
2004-11-12,0.2608541605627992,-0.7459099601115661,1.0
2004-11-19,0.6838334671771518,-0.7588800450471261,1.0
2004-11-26,0.7261353766248735,-0.7473354605495126,1.0
2004-12-03,0.8370211623674908,-0.7393452398165445,1.0
2004-12-10,1.0084128833289512,-0.7423181615056735,2.0
2004-12-17,1.1458272444929853,-0.7365037407505092,1.0
2004-12-24,1.3649399397083342,-0.72156426262237,1.0
2004-12-31,1.329955645928932,-0.7198855332277306,1.0
2005-01-07,1.0082051532673457,-0.7440156655607547,1.0
2005-01-14,0.8695395922077834,-0.7455817469927423,1.0
2005-01-21,0.12152339948698757,-0.7611964260189709,2.0
2005-01-28,-0.08300274542791025,-0.7579234532016811,1.0
2005-02-04,-0.15899792106407817,-0.7282227417399644,0.0
2005-02-11,-0.3582847172791532,-0.7260938784132656,1.0
2005-02-18,-0.37409756479783296,-0.72957325801578,1.0
2005-02-25,-0.3550690284352188,-0.7204013784713371,1.0
2005-03-04,-0.5105478662797998,-0.7103198437325541,1.0
2005-03-11,-0.5673861988057756,-0.7309893711235056,1.0
2005-03-18,-0.6484837373096516,-0.7407707402544911,1.0
2005-03-25,-0.7563410126056354,-0.7578671292203553,1.0
2005-04-01,-0.5012216137932579,-0.7564604034428506,1.0
2005-04-08,-0.23121154954210793,-0.7486953641555492,0.0
2005-04-15,-0.09017744279857837,-0.7848763099402986,1.0
2005-04-22,0.10604287569153005,-0.7759670466827694,1.0
2005-04-29,0.008774027484737068,-0.7715311897144467,1.0
2005-05-06,-0.16392000916994737,-0.7579328405319021,1.0
2005-05-13,-0.22583534394677596,-0.7741570091446732,1.0
2005-05-20,-0.24955860101924038,-0.7411177280337568,1.0
2005-05-27,-0.3634757237525401,-0.7322084647762275,1.0
2005-06-03,-0.24775805567361375,-0.734796849365207,1.0
2005-06-10,-0.03677930625947433,-0.7328368435028488,1.0
2005-06-17,0.11273061150915724,-0.7151590124614682,1.0
2005-06-24,0.20642088032515485,-0.7389702045262527,1.0
2005-07-01,0.20685545270225297,-0.7362786737844794,1.0
2005-07-08,0.11818054809320887,-0.7199418572090566,0.0
2005-07-15,-0.13237680451255834,-0.7048804582676814,1.0
2005-07-22,-0.26217284743907204,-0.6994786221236928,1.0
2005-07-29,-0.41386115686557906,-0.6990097135311912,1.0
2005-08-05,-0.5994889488897184,-0.7062871840451861,1.0
2005-08-12,-0.5109910680021854,-0.7025640772958367,1.0
2005-08-19,-0.2934654744941178,-0.7125800152027097,1.0
2005-08-26,-0.2004278030973339,-0.7262815105380482,1.0
2005-09-02,0.009408196919340495,-0.7141648712951393,1.0
2005-09-09,-0.014076973105414323,-0.6921637167684509,1.0
2005-09-16,-0.15092247899487835,-0.6955116737478717,1.0
2005-09-23,0.13099505277669682,-0.7167250938934557,1.0
2005-09-30,0.0955050478459569,-0.7040457872354723,1.0
2005-10-07,0.058691808028218787,-0.7349093828482218,1.0
2005-10-14,0.08969428326555379,-0.7436592904512681,1.0
2005-10-21,-0.3437018098330519,-0.7502052360858477,1.0
2005-10-28,-0.3940547557695072,-0.7325554525554931,1.0
2005-11-04,-0.3640420076214473,-0.7121767034421183,1.0
2005-11-11,-0.301149764556679,-0.6985033700974427,1.0
2005-11-18,-0.2579305601001038,-0.6857959014487962,1.0
2005-11-25,-0.29463420492156434,-0.6670583324091767,1.0
2005-12-02,-0.4209620628485513,-0.6700312540983057,1.0
2005-12-09,-0.5298830867479521,-0.6753861535911895,1.0
2005-12-16,-0.363023769761226,-0.6679305527622698,1.0
2005-12-23,-0.24762639034757356,-0.666673795309027,1.0
2005-12-30,-0.2379941042610544,-0.6857771267883542,1.0
2006-01-06,-0.07892667159222679,-0.6509279226189785,1.0
2006-01-13,-0.263832177183882,-0.6489022054450735,1.0
2006-01-20,-0.45469856185558866,-0.6733979857381684,1.0
2006-01-27,-0.4270909471841428,-0.652550328032292,1.0
2006-02-03,-0.5527444655138306,-0.6710158934547767,1.0
2006-02-10,-0.47228682900140734,-0.6682399912206515,1.0
2006-02-17,-0.5073720053557303,-0.6492491932243392,1.0
2006-02-24,-0.41446757553662444,-0.6471953140597713,1.0
2006-03-03,-0.28628867599775176,-0.6492585805545602,1.0
2006-03-10,-0.24201956283907572,-0.6547072388700169,1.0
2006-03-17,-0.15062413384371068,-0.6304834621940567,1.0
2006-03-24,-0.1496602693474938,-0.6345161218814247,1.0
2006-03-31,-0.28783406457773425,-0.6420936435235802,0.0
2006-04-07,-0.46369732975560546,-0.6415028141178428,1.0
2006-04-14,-0.5988359057334792,-0.6474860923373479,1.0
2006-04-21,-0.7339670005222765,-0.6267040314633815,2.0
2006-04-28,-0.8062703096019491,-0.6273324101900027,1.0
2006-05-05,-0.5829242216976909,-0.6131244569412788,1.0
2006-05-12,-0.3089189764823363,-0.6454979244843269,1.0
2006-05-19,-0.20727378448840605,-0.6682024418997675,1.0
2006-05-26,-0.1436343244528284,-0.6558888976814917,1.0
2006-06-02,-0.23528477376055368,-0.6483301506997781,1.0
2006-06-09,-0.43948580680114885,-0.682016470718121,0.0
2006-06-16,-0.40540865077674093,-0.6827292209370943,0.0
2006-06-23,-0.48254972916227695,-0.6893314905529997,0.0
2006-06-30,-0.5948703970084597,-0.6652296346902754,1.0
2006-07-07,-0.6575020408960683,-0.6696561043283771,1.0
2006-07-14,-0.8415125528698939,-0.69711541898038,1.0
2006-07-21,-0.7442355546241718,-0.6932796642683788,1.0
2006-07-28,-0.7082601039091923,-0.6573987696117902,1.0
2006-08-04,-0.6004903530922072,-0.6566391972213489,1.0
2006-08-11,-0.5383081363695641,-0.6684744455169023,1.0
2006-08-18,-0.5832146312737938,-0.6351256114679672,1.0
2006-08-25,-0.5697603782775987,-0.6418873512179925,1.0
2006-09-01,-0.6145893768007038,-0.6269572604200742,1.0
2006-09-08,-0.6590723730578772,-0.638295438132463,1.0
2006-09-15,-0.6429040509213606,-0.6188451188738702,1.0
2006-09-22,-0.4812464411928737,-0.6234216713158707,0.0
2006-09-29,-0.3968485452612355,-0.6036619135988961,1.0
2006-10-06,-0.17284878548891824,-0.5907763146353248,1.0
2006-10-13,-0.1919261064340085,-0.5757430776846126,1.0
2006-10-20,-0.28938716282066035,-0.5729484007900454,1.0
2006-10-27,-0.2501552600681468,-0.5647518877514894,1.0
2006-11-03,-0.25163271423919054,-0.5769809459977765,1.0
2006-11-10,-0.1575566199464556,-0.5614132036226528,1.0
2006-11-17,-0.09782809662671851,-0.5423755834548725,1.0
2006-11-24,-0.23147231608870916,-0.5426100377511233,1.0
2006-12-01,-0.43408782931274204,-0.5465863734571653,1.0
2006-12-08,-0.5491286071028845,-0.5342728292388894,1.0
2006-12-15,-0.7595555668175853,-0.5180954827975864,0.0
2006-12-22,-0.7088661250930651,-0.5334099962160174,1.0
2006-12-29,-0.7744685027708991,-0.5263388180076104,1.0
2007-01-05,-0.5248643902727139,-0.5343947500521253,1.0
2007-01-12,-0.1444427977965972,-0.5146818145066188,1.0
2007-01-19,0.012322648929758585,-0.5148974941424276,2.0
2007-01-26,0.26039763192868404,-0.522700082750613,2.0
2007-02-02,0.44300515133126245,-0.49811993096516616,1.0
2007-02-09,0.31501553352105227,-0.5078075412735786,1.0
2007-02-16,0.3535909490179427,-0.4914145151964668,1.0
2007-02-23,0.14767623821705733,-0.4954941115349396,1.0
2007-03-02,-0.28413532067071207,-0.5555330715559416,1.0
2007-03-09,-0.4093041181044775,-0.5408375495339109,1.0
2007-03-16,-0.7399615113607219,-0.5557394783411663,1.0
2007-03-23,-0.8587011621417661,-0.5096363534721168,1.0
2007-03-30,-0.6845796808645962,-0.5239380655434137,1.0
2007-04-06,-0.6773138429073046,-0.5024620291109159,1.0
2007-04-13,-0.6326639436693149,-0.4939373029535362,1.0
2007-04-20,-0.5148546734452587,-0.4643960616259393,2.0
2007-04-27,-0.541782815155718,-0.4552805060628223,1.0
2007-05-04,-0.6284436438471332,-0.444448671784182,1.0
2007-05-11,-0.6734053233896548,-0.4442329921483732,1.0
2007-05-18,-0.6874549817602384,-0.42838385882589386,1.0
2007-05-25,-0.669362142166754,-0.4349673537813573,0.0
2007-06-01,-0.6556909909777447,-0.41563895533600037,1.0
2007-06-08,-0.6079851999081076,-0.442526100763071,1.0
2007-06-15,-0.5081180796779283,-0.41885560417196427,1.0
2007-06-22,-0.6098441162707512,-0.44731833284088024,1.0
2007-06-29,-0.6445714839605835,-0.4465775351108809,2.0
2007-07-06,-0.6885071392937903,-0.4211720996234459,1.0
2007-07-13,-0.8722043663289794,-0.4004837975720523,0.0
2007-07-20,-0.8094684049168869,-0.4177396566720363,1.0
2007-08-03,-0.6516333955299973,-0.512496627198594,1.0
2007-08-10,-0.3169281955085537,-0.4931963907439,0.0
2007-08-17,-0.3275890078037237,-0.5004176517562058,1.0
2007-08-24,-0.3268328301358932,-0.46906637289051273,1.0
2007-08-31,-0.43715454370157697,-0.47411183392501477,1.0
2007-09-07,-0.8185385974309761,-0.49328076223625195,1.0
2007-09-14,-0.8267630282666302,-0.4644898204485123,0.0
2007-09-21,-0.9377618995761424,-0.42557040727088463,1.0
2007-09-28,-0.9173461943626349,-0.42463259008588156,1.0
2007-10-05,-0.7863721134413136,-0.395710340154685,1.0
2007-10-12,-0.6034839062787434,-0.39176205195966896,1.0
2007-10-19,-0.48450039767622993,-0.4491283703789764,1.0
2007-10-26,-0.44209710651185397,-0.41663298202269244,1.0
2007-11-02,-0.20469697197167072,-0.44066924105350674,1.0
2007-11-09,-0.10106220909794184,-0.493140181242211,1.0
2007-11-16,-0.03225140968709929,-0.48841354599631165,1.0
2007-11-23,0.07462100844007315,-0.5053318046472509,1.0
2007-11-30,-0.036374140203088046,-0.4674064181563154,1.0
2007-12-07,-0.18587627076442115,-0.4453489396483012,1.0
2007-12-14,-0.1152623642008684,-0.4797762863559171,1.0
2007-12-21,-0.19141974300201517,-0.4642929154731454,1.0
2007-12-28,-0.33610320213444994,-0.46989165659250093,1.0
2008-01-04,-0.3299153522371578,-0.5325940998442502,1.0
2008-01-11,-0.3053676962886918,-0.5425443264395764,0.0
2008-01-18,-0.4343368798328521,-0.6136590768453272,1.0
2008-01-25,-0.35876648801659694,-0.6085760664899412,1.0
2008-02-01,-0.35659459985437486,-0.5477960797796663,1.0
2008-02-08,-0.4030596297211549,-0.6079383004330989,1.0
2008-02-15,-0.368103330999591,-0.5904011648653962,1.0
2008-02-22,-0.21033579881931969,-0.5874751798273721,1.0
2008-02-29,-0.24966878460235203,-0.6085572918294994,1.0
2008-03-07,-0.12335473248859537,-0.6435003693010849,2.0
2008-03-14,-0.19621205403040315,-0.6484051348619091,1.0
2008-03-21,0.0762330723727566,-0.6096076424975173,1.0
2008-03-28,0.17695103862091482,-0.623009086704695,1.0
2008-04-04,0.2339063173936067,-0.571260284065185,1.0
2008-04-11,0.22499204346106286,-0.6064941398143473,1.0
2008-04-18,-0.10882285219204135,-0.5525696516766704,1.0
2008-04-25,-0.4041690579002032,-0.5455266354589263,1.0
2008-05-02,-0.5546153088916294,-0.5304652365175513,1.0
2008-05-09,-0.39728246124462774,-0.5544921082181447,1.0
2008-05-16,-0.30080190718413646,-0.5197272755411207,2.0
2008-05-23,-0.1511186526078632,-0.5660741275570053,1.0
2008-05-30,-0.03287128889285989,-0.5431445431755347,1.0
2008-06-06,0.017022186308813456,-0.5803758396283022,1.0
2008-06-13,0.6404781293984877,-0.5809854436944815,0.0
2008-06-20,0.6195662695815425,-0.6204675242871837,1.0
2008-06-27,0.5856777092039419,-0.65755823974591,1.0
2008-07-04,0.5263323847744718,-0.6720756314530157,1.0
2008-07-11,-0.03652951357094493,-0.6940299638082361,1.0
2008-07-18,0.16726528312860436,-0.6741575581286098,1.0
2008-07-25,0.23680881433938256,-0.676896025521488,1.0
2008-08-01,0.2964887227633278,-0.6745045459078755,1.0
2008-08-08,0.23706170580219102,-0.6407338543971806,1.0
2008-08-15,0.08609405198669084,-0.6389707535101893,1.0
2008-08-22,0.0007067865857708359,-0.6445976566202077,2.0
2008-08-29,0.1828207716941197,-0.6533849990645011,1.0
2008-09-05,0.2679266093241647,-0.6913852552379308,2.0
2008-09-12,0.20641333379415636,-0.6825792526128323,1.0
2008-09-19,0.6947164125138854,-0.6794094259483364,1.0
2008-09-26,0.9688028284254615,-0.7186195029239039,1.0
2008-10-03,1.6476018222809987,-0.8255682113351385,1.0
2008-10-10,2.1275642231746876,-1.0131410356659747,1.0
2008-10-17,2.566509675086177,-0.9743810353826483,1.0
2008-10-24,2.5674318866029426,-1.0341949856774388,1.0
2008-10-31,2.5484183135602354,-0.947934579317598,0.0
2008-11-07,3.0847099525437636,-0.983346565381685,1.0
2008-11-14,2.9343240960443118,-1.0374586284043261,1.0
2008-11-21,2.9225782221076515,-1.106163067296204,1.0
2008-11-28,3.251657310115984,-1.015935712560542,1.0
2008-12-05,3.492936964834364,-1.0348514691549047,1.0
2008-12-12,3.5490189701017365,-1.0314190834433137,1.0
2008-12-19,3.6957403738478054,-1.0237758504896113,1.0
2008-12-26,3.671443231409247,-1.0379181496666068,1.0
2009-01-02,3.6205512144867487,-0.9825869357514252,1.0
2009-01-09,3.6157839321016927,-1.0214594695177663,2.0
2009-01-16,3.128943317045978,-1.0591878365536982,1.0
2009-01-23,3.1178364172512287,-1.076227958778055,1.0
2009-01-30,2.8761817423107834,-1.081920515959802,1.0
2009-02-06,1.8366655363816218,-1.0418569932915833,1.0
2009-02-13,1.3537073206749712,-1.0810201908558643,1.0
2009-02-20,1.7756726346481118,-1.1342788654256728,1.0
2009-02-27,1.5362204560271062,-1.1670649175798966,1.0
2009-03-06,1.9692859343397748,-1.2155594648227401,1.0
2009-03-13,2.1957421139328495,-1.1469393974232143,1.0
2009-03-20,2.0669324718979905,-1.1356949785333983,1.0
2009-03-27,1.9893269771504225,-1.0912424210683251,1.0
2009-04-03,1.878033292894961,-1.0663339989242362,1.0
2009-04-10,1.8333079563148014,-1.0531482915926857,1.0
2009-04-17,1.6102065142331414,-1.0409191761065804,1.0
2009-05-01,1.5371717716141413,-1.0334916227886866,1.0
2009-05-08,1.4190174387285304,-0.9849971327856614,1.0
2009-05-15,1.1366215335415457,-1.0284649364146266,1.0
2009-05-22,0.5245473312646742,-1.0246011341915993,1.0
2009-05-29,0.17496742255596984,-0.9944596761280441,1.0
2009-06-05,0.20509462190552888,-0.974812394654266,1.0
2009-06-12,0.20109426155698615,-0.9690729580612326,1.0
2009-06-19,0.03369948276070982,-0.992499670265686,1.0
2009-06-26,0.10125021759733659,-0.9946847430940738,1.0
2009-07-03,-0.02899781391383997,-1.0157669123360196,1.0
2009-07-10,0.12406167832888747,-1.0319817508583882,0.0
2009-07-17,0.20685107191929256,-0.9745404482769497,1.0
2009-07-24,0.2642895364343806,-0.9380781115448447,1.0
2009-07-31,0.37405348835494395,-0.9303692817592322,1.0
2009-08-07,0.3811147647214198,-0.9087994865041614,1.0
2009-08-14,0.1970200957383434,-0.9147920948140691,1.0
2009-08-21,0.1636462075400928,-0.8941226246629359,1.0
2009-08-28,-0.047938995303282134,-0.8914966907530726,1.0
2009-09-04,-0.1601556936220427,-0.9032475675562741,1.0
2009-09-11,-0.004548372258891807,-0.8785548822878122,1.0
2009-09-18,0.21689003013201955,-0.854574832758687,1.0
2009-09-25,0.46054964467421067,-0.8770074610366297,1.0
2009-10-02,0.5950622251951335,-0.8949854576858081,1.0
2009-10-09,0.593346326005941,-0.8515832508887529,1.0
2009-10-16,0.48741015005666904,-0.8363999311341419,1.0
2009-10-23,0.34489016798102407,-0.8439775672559343,1.0
2009-10-30,0.11270158477811994,-0.8846882433112161,1.0
2009-11-06,0.14806045176258442,-0.8536370155736839,1.0
2009-11-13,0.07357045262608182,-0.8309606601489061,1.0
2009-11-20,0.0013581999161998218,-0.8329300533414852,1.0
2009-11-27,-0.06713361699922943,-0.8328269071886913,1.0
2009-12-04,-0.27554493496913957,-0.8192379453363677,1.0
2009-12-11,-0.30372963687616666,-0.8188346335757761,2.0
2009-12-18,-0.48012265285950945,-0.8225296928140994,1.0
2009-12-25,-0.5329324649039697,-0.8000126930438046,1.0
2010-01-01,-0.6161804888603342,-0.8106850571883251,1.0
2010-01-08,-0.6305062196773298,-0.7826630751212478,0.0
2010-01-15,-0.7874062927771501,-0.7910564931351706,1.0
2010-01-22,-0.7041514665173346,-0.8325736782319986,1.0
2010-01-29,-0.6945325455575528,-0.84935124140926,1.0
2010-02-05,-0.3540291886087429,-0.8565537277611238,1.0
2010-02-12,0.01618614398283644,-0.8478132074882986,1.0
2010-02-19,0.1382206444771776,-0.8162462489867968,1.0
2010-02-26,0.08753401455703984,-0.8206352837836514,1.0
2010-03-05,-0.02331837633817821,-0.7885525945181798,1.0
2010-03-12,-0.5459550771780103,-0.7779646018660114,1.0
2010-03-19,-0.571165937693937,-0.7686708015083326,1.0
2010-03-26,-0.5828391999691062,-0.7623968594908876,1.0
2010-04-02,-0.6159395553660888,-0.7516025745331313,1.0
2010-04-09,-0.5712267340562304,-0.7363442706163894,1.0
2010-04-16,-0.7088483816579709,-0.7384449719524253,1.0
2010-04-23,-0.8060007021846264,-0.7148588468536706,1.0
2010-04-30,-0.8527254810007472,-0.7435467569682532,1.0
2010-05-07,-0.27032817883683613,-0.8146426182339253,1.0
2010-05-14,0.11433518671415843,-0.7913847062539943,1.0
2010-05-21,0.26590546923215935,-0.8363906582835577,1.0
2010-05-28,0.405904762588677,-0.8347775257208284,1.0
2010-06-04,0.33552691506104354,-0.8577822087440667,1.0
2010-06-11,0.15108041691173654,-0.8327237610358974,1.0
2010-06-18,0.09228808039941559,-0.8084248857181694,1.0
2010-06-25,-0.010371528819785786,-0.8466409360070447,1.0
2010-07-02,-0.1574890061015866,-0.8974518642217332,1.0
2010-07-09,-0.24845240805095034,-0.8455156011768957,1.0
2010-07-16,-0.3170640058165817,-0.8577822087440667,1.0
2010-07-23,-0.29320958379572387,-0.8223514480195376,1.0
2010-07-30,-0.3072704329865896,-0.8233455891858666,1.0
2010-08-06,-0.3615827091823032,-0.8045516961649212,1.0
2010-08-13,-0.3806619003495706,-0.844305780374758,1.0
2010-08-20,-0.33596617671191203,-0.851395733243607,1.0
2010-08-27,-0.32917860299173335,-0.8580542123612014,1.0
2010-09-03,-0.37257818133013987,-0.8206165091232094,1.0
2010-09-10,-0.455522666600953,-0.81588987387731,1.0
2010-09-17,-0.6480604443132306,-0.8008473640760138,1.0
2010-09-24,-0.7758613215651641,-0.7792024701791752,1.0
2010-10-01,-0.9641123070394287,-0.7814814163097729,1.0
2010-10-08,-0.8932405039533612,-0.7637472612870664,1.0
2010-10-15,-0.8377552985749507,-0.7533938374107855,1.0
2010-10-22,-0.40229271181492476,-0.7469322632685579,1.0
2010-10-29,-0.33548973912567165,-0.7467634058042172,1.0
2010-11-05,-0.4099987964548392,-0.7068218039492344,1.0
2010-11-12,-0.42495757538287665,-0.7318052674952729,1.0
2010-11-19,-0.6839956171141347,-0.7313175842423293,1.0
2010-11-26,-0.6958182569562391,-0.7410051945507419,1.0
2010-12-03,-0.4596256937783914,-0.7078909292776944,1.0
2010-12-10,-0.406565059958321,-0.693176518115585,1.0
2010-12-17,-0.5821853209461453,-0.6898847706378533,1.0
2010-12-24,-0.725579624671403,-0.6778244553762701,2.0
2010-12-31,-1.055939377483095,-0.6770085590045029,1.0
2011-01-07,-1.160717939642846,-0.6640104265579166,0.0
2011-01-14,-0.8801651350344115,-0.6436222901143207,1.0
2011-01-21,-0.8634051836605906,-0.6528973158115576,1.0
2011-01-28,-0.7067109456636848,-0.6594714234368001,1.0
2011-02-04,-0.6172993903660668,-0.627088568563531,1.0
2011-02-11,-0.7251931170946484,-0.6099452429465619,1.0
2011-02-18,-0.6767369757841426,-0.5969471104999757,1.0
2011-02-25,-0.33910862484334964,-0.6186388265682824,1.0
2011-03-04,-0.27073922013067003,-0.6174477804265865,0.0
2011-03-11,-0.21326089736042042,-0.633268751758403,1.0
2011-03-18,0.030802016634446587,-0.6567798926950268,1.0
2011-03-25,-0.10799730467843643,-0.6243407138404318,1.0
2011-04-01,-0.3255496158183184,-0.606887949765081,1.0
2011-04-08,-0.3343325186945184,-0.610864285471123,1.0
2011-04-15,-0.40846767347037405,-0.6188263442134283,1.0
2011-04-22,-0.6522217312315153,-0.6022270258307285,1.0
2011-04-29,-0.6027146266026612,-0.5776280993848397,1.0
2011-05-06,-0.24850119777794688,-0.5995824317400601,1.0
2011-05-13,0.6487597660586534,-0.601861263391021,1.0
2011-05-20,0.6873603674739049,-0.6060814407235348,1.0
2011-05-27,0.7605454481261351,-0.6081165452276607,1.0
2011-06-03,0.6016127359198784,-0.6371325539814302,1.0
2011-06-10,-0.37661727129667516,-0.6644981098108601,1.0
2011-06-17,-0.5955103607732684,-0.6640104265579166,1.0
2011-06-24,-0.37047632569909617,-0.6668708147640308,1.0
2011-07-01,0.04553213433004287,-0.6000793878435877,1.0
2011-07-08,0.1922733268518354,-0.5962061982903395,1.0
2011-07-15,0.22240272762782654,-0.622146253681823,1.0
2011-07-22,0.13372926724235326,-0.5950620887997486,1.0
2011-07-29,-0.2685300429898449,-0.6445225579784399,1.0
2011-08-05,-0.5175137969393652,-0.731645797361153,1.0
2011-08-12,-0.0055349961872519044,-0.7509366464856261,0.0
2011-08-19,0.1319939873627103,-0.802779207947709,1.0
2011-08-26,0.18356567577326283,-0.7528216681858532,1.0
2011-09-02,0.21446537797801624,-0.7554757640863795,2.0
2011-09-09,-0.27596945771818876,-0.7739882661599693,1.0
2011-09-16,-0.6300290220378456,-0.7160498929953664,1.0
2011-09-23,-0.4520449398804205,-0.7906813433652419,1.0
2011-09-30,-0.10771588316910449,-0.7953798166204783,1.0
2011-10-07,0.0802993047484502,-0.7728347693391574,1.0
2011-10-14,0.2972925851491013,-0.7080128500909303,1.0
2011-10-21,0.4014237242479794,-0.695192847959269,1.0
2011-10-28,0.16864784523106738,-0.6512655230680232,1.0
2011-11-04,-0.023571142196755695,-0.6811443648446648,1.0
2011-11-11,-0.2884087210657086,-0.6711847509191176,1.0
2011-11-18,-0.5370383640630869,-0.7163874934444111,0.0
2011-11-25,-0.4844588323750489,-0.7698242983291445,1.0
2011-12-02,-0.5232451651903173,-0.6895377828585876,1.0
2011-12-09,-0.529568528926694,-0.6793062797955425,0.0
2011-12-16,-0.4561185373409111,-0.7126268373741778,1.0
2011-12-23,-0.3965957434998922,-0.6697967998020549,1.0
2011-12-30,-0.5032875510229415,-0.6770461083253868,1.0
2012-01-06,-0.29367099333750474,-0.6580927451703216,1.0
2012-01-13,-0.38999224551127787,-0.6475142543280109,1.0
2012-01-20,-0.6537536012031762,-0.6228590039007962,1.0
2012-01-27,-0.7542397999147281,-0.621968123366898,1.0
2012-02-03,-1.0381657266610627,-0.5951746222827635,1.0
2012-02-10,-1.1025598295535102,-0.5972940982792414,1.0
2012-02-17,-1.1221524883640532,-0.5798601088643326,1.0
2012-02-24,-1.0751012317511706,-0.5756305442015978,1.0
2012-03-02,-0.8668877831398206,-0.5719824216143794,1.0
2012-03-09,-0.740033033245226,-0.5708195374633465,1.0
2012-03-16,-0.7175317114164784,-0.5395901794108893,1.0
2012-03-23,-0.6975285959067339,-0.5462112236872367,1.0
2012-03-30,-0.840872335049858,-0.5355576342031582,1.0
2012-04-06,-0.9244293927104096,-0.5453015684928966,2.0
2012-04-13,-0.8489639270600933,-0.5713915922086419,1.0
2012-04-20,-0.7917260695344794,-0.5636358257719246,1.0
2012-04-27,-0.8602333355725162,-0.5403498662809675,1.0
2012-05-04,-0.9369353763965386,-0.5724794921975438,1.0
2012-05-11,-0.9654742961030032,-0.5872125635404584,1.0
2012-05-18,-1.0267889931848249,-0.6417654304047565,0.0
2012-05-25,-0.718028415087346,-0.6205707849196144,1.0
2012-06-01,-0.5211459678558447,-0.6578770655345128,2.0
2012-06-08,-0.44524199246310786,-0.6132182157638517,1.0
2012-06-15,-0.4385077094725898,-0.5971065806340955,1.0
2012-06-22,-0.4592412207627561,-0.6044402606497794,0.0
2012-06-29,-0.23712339569186686,-0.5789878885112395,1.0
2012-07-06,0.1636007669785152,-0.5860027427383206,1.0
2012-07-13,0.32074340575836724,-0.5840333495457415,1.0
2012-07-20,0.3139023638734869,-0.5785189799187379,1.0
2012-07-27,0.22954558872996222,-0.5566585208657274,1.0
2012-08-03,-0.4163807640635605,-0.5519506602802701,1.0
2012-08-10,-0.5755043306198899,-0.5379959359882388,1.0
2012-08-17,-0.6365080686680339,-0.5264701261510673,1.0
2012-08-24,-0.7881543717853093,-0.5330630084367517,1.0
2012-08-31,-0.8232343565358141,-0.5373301224203705,1.0
2012-09-07,-0.9873926526468654,-0.5079388494170355,1.0
2012-09-14,-1.0299576694795733,-0.4818206637106272,1.0
2012-09-21,-0.636256630189243,-0.487091191711159,1.0
2012-09-28,-0.5496121292198796,-0.5053598521582771,1.0
2012-10-05,-0.39499372157468426,-0.48635966683174375,1.0
2012-10-12,-0.17993141896564716,-0.5166887570200818,1.0
2012-10-19,-0.26780581906885564,-0.512374820864995,1.0
2012-10-26,-0.33018697420071486,-0.5323034360463104,2.0
2012-11-02,-0.34216032559265397,-0.5301839600498325,1.0
2012-11-09,-0.24960800984712345,-0.5623979574587608,2.0
2012-11-16,-0.27731203278973854,-0.5811261391681594,1.0
2012-11-23,-0.40544995599528266,-0.5349198681463159,1.0
2012-11-30,-0.540778918718691,-0.5283269858606314,1.0
2012-12-07,-0.7381224383321642,-0.526554612123056,1.0
2012-12-14,-1.1294614566254841,-0.530765402125349,1.0
2012-12-21,-1.1135002998579262,-0.5152257072612513,1.0
2012-12-28,-1.0599821340425506,-0.5412219721544237,1.0
2013-01-04,-1.044772207050665,-0.4811642374729798,1.0
2013-01-11,-1.106505006201305,-0.47593114431369504,1.0
2013-01-18,-1.1408217188124197,-0.46286741503519885,1.0
2013-01-25,-1.1903172007680498,-0.4469432975505885,1.0
2013-02-01,-1.2849828213133228,-0.43736810624555406,1.0
2013-02-08,-1.2384840405609494,-0.43290408728656843,1.0
2013-02-15,-1.2762281354924971,-0.43115976106001913,1.0
2013-02-22,-1.2335017990780979,-0.4350892745945932,1.0
2013-03-01,-1.1312774491436572,-0.4326509728095126,1.0
2013-03-08,-1.124867439368478,-0.4017216658852162,1.0
2013-03-15,-1.1532227259708434,-0.39279374244688187,1.0
2013-03-22,-1.0817159643382046,-0.3963667663923324,0.0
2013-03-29,-1.1692331642906553,-0.38483168370457665,1.0
2013-04-05,-1.0338238864564588,-0.3997522726926371,1.0
2013-04-12,-0.8288210425984667,-0.3663941657931179,1.0
2013-04-19,-0.7192498373688584,-0.3979048003132939,1.0
2013-04-26,-0.7225534744790368,-0.3725931236484318,1.0
2013-05-03,-0.6852846411661465,-0.3424141162639926,0.0
2013-05-10,-0.6878278648767213,-0.32433308794165727,1.0
2013-05-17,-0.8378788070666155,-0.2926629832873615,2.0
2013-05-24,-0.8871657631447314,-0.309421771804181,1.0
2013-05-31,-0.9547297291883619,-0.3271089901757826,1.0
2013-06-07,-1.081345644094274,-0.3152549672197873,1.0
2013-06-14,-1.0760679482232633,-0.3308696462460159,0.0
2013-06-21,-0.8748696804171469,-0.3630367070038393,1.0
2013-06-28,-0.7668576314924134,-0.35004796188747406,1.0
2013-07-05,-0.8398053081266117,-0.3260304775171017,1.0
2013-07-12,-0.800677352983213,-0.28073397616923523,1.0
2013-07-19,-0.8230060682885154,-0.2695739287717713,1.0
2013-07-26,-1.1615572649309167,-0.26998651338294694,1.0
2013-08-02,-1.1839409557028953,-0.2530870293924496,0.0
2013-08-09,-1.2917364283254569,-0.27020219301875575,1.0
2013-08-16,-1.2482939529187476,-0.30357918905835374,0.0
2013-08-23,-1.2530310965937355,-0.2963860900367109,0.0
2013-08-30,-0.9957099797500285,-0.32501767616996763,0.0
2013-09-06,-0.8874210243669274,-0.3041980659751173,1.0
2013-09-13,-0.7717885562023776,-0.27341895633435653,1.0
2013-09-20,-0.6784265637908227,-0.25286196242641984,1.0
2013-09-27,-0.6952427024285446,-0.269892754560374,1.0
2013-10-04,-0.953347802460285,-0.27106502604162785,1.0
2013-10-11,-1.0296316991894578,-0.2591547935839435,1.0
2013-10-18,-1.104291611444552,-0.22042289805146176,1.0
2013-10-25,-1.1169310274575746,-0.20610241131972287,1.0
2013-11-01,-0.9178033198468528,-0.2043486977629526,0.0
2013-11-08,-0.7935443178002347,-0.19593650508858784,1.0
2013-11-15,-0.7837401764419256,-0.17008082118945642,1.0
2013-11-22,-0.7421147312112126,-0.16391002532480545,1.0
2013-11-29,-0.8189304547735107,-0.16292527148869748,1.0
2013-12-06,-0.8899017008756855,-0.1636005868664237,1.0
2013-12-13,-0.9458781386543763,-0.19151942278070716,2.0
2013-12-20,-0.9975446259759205,-0.1511932838255749,1.0
2013-12-27,-1.1056680243462809,-0.12954838992873632,1.0
2014-01-03,-1.0725057739237314,-0.13895472376943002,1.0
2014-01-10,-1.0812390594692451,-0.1286387347343962,1.0
2014-01-17,-1.154892359603103,-0.13208056501602672,1.0
2014-01-24,-1.1808458185739386,-0.1774802125166871,1.0
2014-01-31,-1.147040658472123,-0.1847014735289929,1.0
2014-02-07,-1.313988208544029,-0.1711687211783583,1.0
2014-02-14,-1.2031130355625117,-0.13214616184793673,1.0
2014-02-21,-1.1611432251532863,-0.13437817132742952,1.0
2014-02-28,-1.179916769855505,-0.11262085842721291,1.0
2014-03-07,-1.0483480075256197,-0.0951867545326672,1.0
2014-03-14,-1.1065424114988573,-0.12980161888542904,1.0
2014-03-21,-1.0752529187352815,-0.10599042682064452,1.0
2014-03-28,-1.1040869319425977,-0.11433702266309927,1.0
2014-04-04,-1.1867947714736178,-0.10733155576623914,1.0
2014-04-11,-1.129011251108023,-0.15365974760131845,2.0
2014-04-18,-1.1343116032587324,-0.10755662273226914,1.0
2014-04-25,-1.139222402693628,-0.10891641185866865,1.0
2014-05-02,-1.1273260001651881,-0.09227954415508524,0.0
2014-05-09,-1.2259863363519423,-0.09477416992149153,1.0
2014-05-16,-1.2922062212795138,-0.09535561199700796,1.0
2014-05-23,-1.2972521981461123,-0.07409525520031897,1.0
2014-05-30,-1.4128251288580618,-0.05248802510400115,2.0
2014-06-06,-1.4838458885032402,-0.028226699107157048,1.0
2014-06-13,-1.3610292453761499,-0.040680824319473896,1.0
2014-06-20,-1.2361003946467073,-0.01563176394152553,1.0
2014-06-27,-1.224965759232146,-0.01742302681917972,1.0
2014-07-04,-1.2001088537699922,0.005534719552953684,1.0
2014-07-11,-1.2050115886010924,-0.011224068963865809,1.0
2014-07-18,-1.284587245694974,-0.001236293047655682,1.0
2014-07-25,-1.2475585424692315,-0.0011237595646407866,1.0
2014-08-01,-1.1877021125367206,-0.05100620068472871,1.0
2014-08-08,-1.2050680006890064,-0.044966712963534584,1.0
2014-08-15,-1.172690434722597,-0.022956056626988394,1.0
2014-08-22,-1.1146042858416456,0.008310736266715841,1.0
2014-08-29,-1.192940131993214,0.022349832051099045,1.0
2014-09-05,-0.9348223569013013,0.02641992657971408,1.0
2014-09-12,-0.9167178334964512,0.005628592855163465,1.0
2014-09-19,-0.9214565144863668,0.028942714336783512,1.0
2014-09-26,-0.8171226717985052,0.00310580509809382,1.0
2014-10-03,-0.9081766435319197,-0.010914516025847216,1.0
2014-10-10,-0.9574171207640508,-0.06884350186022911,1.0
2014-10-17,-0.676423313180305,-0.08700901615455321,0.0
2014-10-24,-0.5817336975213958,-0.01402813318865406,1.0
2014-10-31,-0.5669871114776915,0.03611703869798441,1.0
2014-11-07,-0.5280697100342917,0.0491245584747916,1.0
2014-11-14,-0.7310387578388955,0.05653322265260643,1.0
2014-11-21,-0.6928469594328793,0.07874078396451947,1.0
2014-11-28,-0.3947251009730147,0.08254837668585764,1.0
2014-12-05,0.6289880946173817,0.08987278385095736,1.0
2014-12-12,0.8312730085865819,0.02137446554521206,1.0
2014-12-19,0.8849312719036424,0.085446085253582,0.0
2014-12-26,1.008012279211812,0.1024394425462891,1.0
2015-01-02,0.09479055954411458,0.07377030709214843,1.0
2015-01-09,0.3794744586333104,0.06121303572703767,1.0
2015-01-16,0.565237146992097,0.03740184366225315,1.0
2015-01-23,0.5397809307582337,0.06778714335228019,0.0
2015-01-30,0.5681470073645302,0.014490919461587795,1.0
2015-02-06,1.159871040639921,0.07121008449383194,1.0
2015-02-13,1.241932483927657,0.11014827233190154,1.0
2015-02-20,1.7049677224960536,0.12263067401451816,1.0
2015-02-27,1.7972545882436115,0.11719128854964558,1.0
2015-03-06,1.4458572332520707,0.08601825447851429,1.0
2015-03-13,1.1083205896103658,0.06926873881227893,1.0
2015-03-20,0.7241676086240445,0.12056752199936613,1.0
2015-03-27,0.6465557537284691,0.07641501566245375,1.0
2015-04-03,0.5687542068944739,0.08198559479114632,1.0
2015-04-10,1.0425355824187663,0.11490306956846377,1.0
2015-04-17,0.984018527045441,0.09532132768677723,1.0
2015-04-24,0.997184892822951,0.1295610422696105,1.0
2015-05-01,0.6533308158056417,0.12074565231429103,1.0
2015-05-08,-0.024675819404520263,0.12807005947939074,1.0
2015-05-15,-0.24150105622416748,0.13428767751550977,1.0
2015-05-22,-0.46056275829243826,0.1374106820085376,1.0
2015-05-29,-0.2554158662365592,0.11990147947222406,1.0
2015-06-05,-0.005746328813914411,0.10624703526762727,0.0
2015-06-12,0.07645882293990502,0.10744746873954406,2.0
2015-06-19,0.08209008856895914,0.12233989573694153,1.0
2015-06-26,-0.13066389321573485,0.11436844966441538,1.0
2015-07-03,-0.3182512658496758,0.09119502365647317,1.0
2015-07-10,0.4548490684574786,0.0910450553322112,1.0
2015-07-17,0.4274223467794562,0.13795446028353328,2.0
2015-07-24,0.41418264537246186,0.09388643991860968,1.0
2015-07-31,0.38498149709566654,0.11657241163288208,1.0
2015-08-07,-0.30690389974904425,0.09193593586610939,1.0
2015-08-14,-0.1771886577944267,0.10503721446548951,1.0
2015-08-21,-0.14726972857002024,-0.008110451801059178,1.0
2015-08-28,0.6474799926298793,0.008751482868554445,1.0
2015-09-04,1.832723698018259,-0.05469187259283101,1.0
2015-09-11,1.9238998549166393,-0.017338540847190918,1.0
2015-09-18,2.08024002929466,-0.020170767062642102,1.0
2015-09-25,1.9261382605529327,-0.04520116725978535,1.0
2015-10-02,0.6100142229932363,-0.026426048899281882,1.0
2015-10-09,0.40302192670186354,0.03315350433907616,1.0
2015-10-16,0.4400473586844919,0.050240505974719574,1.0
2015-10-23,0.09407189194015188,0.08966626258609584,1.0
2015-10-30,0.12395664043306052,0.09361466526074869,0.0
2015-11-06,0.11031779343821743,0.11222081167727455,1.0
2015-11-13,-0.10776803401532364,0.040796737292778815,1.0
2015-11-20,0.04523277862922602,0.10281447783658086,1.0
2015-11-27,-0.014183756799147546,0.10369619999953175,1.0
2015-12-04,-0.06482134246534271,0.1051777954595305,1.0
2015-12-11,0.21524536416957188,0.030790186716126728,1.0
2015-12-18,0.26438091545714526,0.024394323885445962,2.0
2015-12-25,0.33869878559072,0.07638685367179081,1.0
2016-01-01,0.4867167988953798,0.06039702487563363,1.0
2016-01-08,0.43481380871380054,-0.05393218572275284,1.0
2016-01-15,0.6837040980621085,-0.0930392310251632,1.0
2016-01-22,1.3092896227676878,-0.06812136431103484,1.0
2016-01-29,1.978340133641246,-0.03685457141733061,1.0
2016-02-05,2.1385180712395484,-0.09330173283244007,1.0
2016-02-12,2.424005845957461,-0.10762221956417893,1.0
2016-02-19,2.846598928828361,-0.05791790875901591,1.0
2016-02-26,2.3885019187525174,-0.029530164252230904,1.0
2016-03-04,2.1485831429182367,0.019180005386603177,1.0
2016-03-11,1.9686080451958068,0.03999950110181672,1.0
2016-03-18,1.0038589226492634,0.06568644201624424,1.0
2016-03-25,0.5364003541227308,0.05289448739560902,1.0
2016-04-01,0.4449897976178428,0.08744375491646086,1.0
2016-04-08,0.37815860961417536,0.06382946782704299,1.0
2016-04-15,0.6017205938370429,0.09489935574538058,1.0
2016-04-22,0.6046494326549332,0.10507476378637343,0.0
2016-04-29,0.7344039527277424,0.08042890068937975,1.0
2016-05-06,0.5322041650224169,0.0727761659258195,1.0
2016-05-13,0.4599690760960481,0.0629010379722611,1.0
2016-05-20,0.3996987819793787,0.06825605194478172,1.0
2016-05-27,0.16295995211245246,0.11208961801345455,1.0
2016-06-03,-0.07392500394093493,0.1121551003657277,1.0
2016-06-10,-0.533636580786227,0.10928555378866629,1.0
2016-06-17,-0.6415194562975938,0.08598070515763039,1.0
2016-06-24,-0.14423049759645928,0.05427316566208754,2.0
2016-07-01,0.32405033202672845,0.11573762612103608,1.0
2016-07-08,0.6062515046890762,0.14101175346501424,1.0
2016-07-15,0.8611036206918129,0.17087193506085072,1.0
2016-07-22,0.7286251920475443,0.18333556208302537,1.0
2016-07-29,0.4420816973555883,0.1819945476170676,1.0
2016-08-05,0.20505618179566262,0.19068813123878803,1.0
2016-08-12,-0.08878712643679715,0.191794691408495,1.0
2016-08-19,0.015861182405935342,0.1916259484237911,1.0
2016-08-26,0.06157476790627027,0.1777180463032279,1.0
2016-09-02,0.012222225532019203,0.18797771135693586,1.0
2016-09-09,-0.02819657398472351,0.13905186208229298,1.0
2016-09-16,-0.008105835888572704,0.14969594975651368,1.0
2016-09-23,-0.06556265116362832,0.17363844996475505,1.0
2016-09-30,0.32820356318500943,0.17699590875403365,1.0
2016-10-07,0.4257208081809552,0.1633693975808261,0.0
2016-10-14,0.1795642672442071,0.1439003036617913,1.0
2016-10-21,0.1105748770552652,0.15157158412651983,1.0
2016-10-28,-0.32636034564083494,0.13773878064772446,1.0
2016-11-04,-0.5438711501681138,0.09907259642678953,1.0
2016-11-11,-0.5764934123103472,0.17341338299872525,1.0
2016-11-18,-0.1566291782002873,0.18977824708517418,0.0
2016-11-25,0.05939808760186949,0.21927278072093986,1.0
2016-12-02,0.6631155535220273,0.19920335558630983,1.0
2016-12-09,1.201353976244569,0.2625811142157853,1.0
2016-12-16,1.1219515334345285,0.26121193775916457,1.0
2016-12-23,0.9698505915786239,0.2665762245822693,1.0
2016-12-30,0.45625792904826945,0.24316834427807635,1.0
2017-01-06,-0.6225131258349925,0.2789459783022342,1.0
2017-01-13,-0.42923298403736854,0.2767514036639885,1.0
2017-01-20,-0.44674994712819655,0.27362862813023436,1.0
2017-01-27,-0.40833846909128707,0.2955546840151549,1.0
2017-02-03,-0.3826404702027573,0.2981149066134714,0.0
2017-02-10,-0.5942123375452842,0.31563349648000594,1.0
2017-02-17,-0.7711629551987976,0.34851319297716576,1.0
2017-02-24,-0.8504101076576405,0.3636872398811926,1.0
2017-03-03,-0.9104542121678669,0.378486022535654,0.0
2017-03-10,-0.6826869244994848,0.3686201674326797,1.0
2017-03-17,-0.5401890467177148,0.3739187429442376,1.0
2017-03-24,-0.5733385555346996,0.3417797296974403,1.0
2017-03-31,-0.565946509186888,0.359354414586027,1.0
2017-04-07,-0.7679127885892995,0.35262095130630156,1.0
2017-04-14,-0.9857008257252873,0.32768430993173125,1.0
2017-04-21,-0.8369567010862816,0.34619681200532104,1.0
2017-04-28,-0.7159454684161074,0.37949870940315117,1.0
2017-05-05,-0.5969516026098067,0.39365045315018615,1.0
2017-05-12,-0.36610734025233554,0.38578203875081707,1.0
2017-05-19,-0.3349582776378855,0.37718232843130645,1.0
2017-05-26,-0.3320377879865638,0.4091525986933998,1.0
2017-06-02,-0.16061432407235035,0.43095684824472136,1.0
2017-06-09,-0.2905914346548987,0.42411073700234414,1.0
2017-06-16,-0.21604712826118472,0.425404814817197,1.0
2017-06-23,-0.17312612560621374,0.43023471069552705,1.0
2017-06-30,-0.38990227355775336,0.416270484593638,1.0
2017-07-07,-0.5447633517703898,0.41793043932783536,1.0
2017-07-14,-0.6359337631251984,0.4499007095899287,1.0
2017-07-21,-0.7621574132383896,0.46234556195166143,0.0
2017-07-28,-0.6072181488180034,0.4619329773404858,1.0
2017-08-04,-0.5796901959978752,0.46636883430880843,1.0
2017-08-11,-0.6982725475296858,0.43306693691097825,1.0
2017-08-18,-0.6099487577127635,0.41827754158673786,1.0
2017-08-25,-0.6616368624115309,0.4346893423242917,1.0
2017-09-01,-0.6310617041062732,0.4661062180218947,1.0
2017-09-08,-0.4551084970710133,0.45192631228419683,1.0
2017-09-15,-0.5267460311878467,0.48831366485417094,1.0
2017-09-22,-0.7619632468124151,0.4901799118939561,1.0
2017-09-29,-0.5960203729861632,0.5062542266621021,2.0
2017-10-06,-0.6894026514609747,0.5343605802215314,1.0
2017-10-13,-0.5824905866733568,0.5379616516780081,1.0
2017-10-20,-0.5567241135894121,0.5586311790689596,1.0
2017-10-27,-0.742838929612041,0.5641268885151581,1.0
2017-11-03,-0.7803965469508957,0.5704759291743708,1.0
2017-11-10,-0.6667212124142683,0.56528038533597,1.0
2017-11-17,-0.6964649759103577,0.5620449618395641,1.0
2017-11-24,-0.6745816205442268,0.5841491480394095,1.0
2017-12-01,-0.761036421244834,0.6214743177943868,1.0
2017-12-08,-0.9120523247283631,0.6301772887463282,1.0
2017-12-15,-0.6950675700403955,0.6529756794639786,1.0
2017-12-22,-0.758991681962408,0.6600374703421645,1.0
2017-12-29,-0.6449562687558664,0.6509125274488266,1.0
2018-01-05,-0.6726425950434378,0.7161281421681506,1.0
2018-01-12,-0.9094971331663817,0.7565387670952717,1.0
2018-01-19,-1.0394615261398532,0.7791027035166713,0.0
2018-01-26,-1.0950634386966551,0.8377819888909104,0.0
2018-02-02,-1.1801247835835411,0.733927894022767,2.0
2018-02-09,-1.0762179218444092,0.6002140754773346,1.0
2018-02-16,-0.8179431899763185,0.7058778644446636,1.0
2018-02-23,-0.7788546410193744,0.7200202208614775,1.0
2018-03-02,-0.7272580152455076,0.6674555218502004,0.0
2018-03-09,-0.6015909043955429,0.7568483200332902,1.0
2018-03-16,-0.7003935415097821,0.7244373031693583,1.0
2018-03-23,-0.6007472254612725,0.5708697391251045,1.0
2018-03-30,-0.5284730004138037,0.6202084019701968,1.0
2018-04-06,-0.529634372802308,0.5860717190605206,2.0
2018-04-13,-0.41998363963712537,0.6346788570261976,1.0
2018-04-20,-0.38741679559415704,0.647658100332705,1.0
2018-04-27,-0.5289504867374037,0.6474424206968962,0.0
2018-05-04,-0.5842355916578506,0.6413559963245972,1.0
2018-05-11,-0.688909379672306,0.7016576871121497,1.0
2018-05-18,-0.7370538560610232,0.6878248836333544,1.0
2018-05-25,-0.7453411283246983,0.6956651360420605,1.0
2018-06-01,-0.5527789254107955,0.7081287630642351,1.0
2018-06-08,-0.5547699054507852,0.7497771418248832,1.0
2018-06-15,-0.5735838035814912,0.7503678567509838,1.0
2018-06-22,-0.3159220158420433,0.7271287194314947,1.0
2018-06-29,-0.27914287894853357,0.6928892338079352,1.0
2018-07-06,-0.34943950650219,0.7317617103344579,1.0
2018-07-13,-0.027992055447630462,0.7706717361818646,1.0
2018-07-20,0.2729144981540249,0.7711594194348081,2.0
2018-07-27,0.07019162387226577,0.7870929242496394,1.0
2018-08-03,-0.01492217830043837,0.8072841557178685,1.0
2018-08-10,-0.36679396261057906,0.8006537241113001,1.0
2018-08-17,-0.961683343416304,0.8164558063030377,0.0
2018-08-24,-0.8136965830543593,0.839488651316939,1.0
2018-08-31,-0.7298059377374781,0.8646503596575391,1.0
2018-09-07,-0.8019964953573695,0.8366658124317088,1.0
2018-09-14,-0.8369268831865664,0.8678951704841659,1.0
2018-09-21,-0.8981451157513742,0.8910498218316661,1.0
2018-09-28,-0.8501550290307648,0.8763355251491936,1.0
2018-10-05,-0.7406434885459201,0.8496922213485948,1.0
2018-10-12,-0.6273139752264075,0.7386169799477824,2.0
2018-10-19,-0.5133405017828638,0.7392266984935987,1.0
2018-10-26,-0.41988890795261374,0.6369201393562746,1.0
2018-11-02,-0.4103406565185502,0.697287541455374,1.0
2018-11-09,-0.4071034469543048,0.7516340015344475,1.0
2018-11-16,-0.05525331633970084,0.7096760698357808,0.0
2018-11-23,0.3670107641699265,0.6124150862125955,1.0
2018-11-30,0.8822518703681433,0.7320898089736448,1.0
2018-12-07,1.0267504917950845,0.612902769465539,1.0
2018-12-14,1.0596756289139804,0.5818327670675648,1.0
2018-12-21,1.0539508391633616,0.40990289823325704,2.0
2018-12-28,1.2234419202205726,0.4747247030018473,1.0
2019-01-04,1.4077884419714608,0.5180518111571347,2.0
2019-01-11,1.2994121577127247,0.5783722766051291,1.0
2019-01-18,1.297743423156638,0.6481927202367535,1.0
2019-01-25,0.7340404187654602,0.6426127537778399,1.0
2019-02-01,0.009716851251118777,0.6817853959121603,1.0
2019-02-08,-0.326357581769191,0.6830513117363501,1.0
2019-02-15,-0.5919589442802436,0.7465604929889194,1.0
2019-02-22,-0.669673371951499,0.7625688674862448,1.0
2019-03-01,-0.6065720633952372,0.7729036311817206,1.0
2019-03-08,-0.6746646726081644,0.7160532724856564,1.0
2019-03-15,-0.7549586584689453,0.7905252527214122,1.0
2019-03-22,-0.9354991991075388,0.7701089542871533,1.0
2019-03-29,-1.2314050243784194,0.8017039602996813,1.0
2019-04-05,-1.2070091445609241,0.8564162972980992,1.0
2019-04-12,-1.1443695426601495,0.8701740021351267,1.0
2019-04-19,-1.1078068620460895,0.8679421071352708,1.0
2019-04-26,-0.9547034299530589,0.9006248986570637,1.0
2019-05-03,-0.7778028581388418,0.9060267348010524,1.0
2019-05-10,-0.7150535660365381,0.8457813679948258,1.0
2019-05-17,-0.7308254393041869,0.8252714252176309,1.0
2019-05-24,-0.7086444998787007,0.7938827115106908,1.0
2019-05-31,-0.38688164290707433,0.7244842398204632,1.0
2019-06-07,-0.06326676780447339,0.8382227354927491,1.0
2019-06-14,0.16893822631189628,0.8510144611541105,0.0
2019-06-21,0.31566289373794937,0.9105470777413639,1.0
2019-06-28,0.14044919518281312,0.9023881140236919,1.0
2019-07-05,0.14022778258662036,0.948012828490382,1.0
2019-07-12,0.14893848863161802,0.9699203386741343,1.0
2019-07-19,0.12684179153207137,0.9350711345047585,1.0
2019-07-26,0.03177570172851421,0.98125863086616,1.0
2019-08-02,-0.22499773173502619,0.8932819457907958,1.0
2019-08-09,0.023893968419015428,0.8807150581361903,1.0
2019-08-16,0.2145500798583892,0.8526087045767611,1.0
2019-08-23,0.2582350840986846,0.8136238090468603,1.0
2019-08-30,0.23188742540174584,0.8880394653012901,1.0
2019-09-06,0.042058880894786835,0.9370404132177008,1.0
2019-09-13,-0.23318460526099455,0.9639369459749924,1.0
2019-09-20,1.484880852348251,0.9495697515514223,1.0
2019-09-27,1.5645486634775596,0.9211726197144163,1.0
2019-10-04,1.5499272254613488,0.9120007401699735,1.0
2019-10-11,1.526963965939409,0.9291252911265006,1.0
2019-10-18,-0.2797278694205666,0.9440646547750029,0.0
2019-10-25,-0.4089505571744604,0.9781544010335742,1.0
2019-11-01,-0.6923063507933841,1.0197558431431173,1.0
2019-11-08,-0.6511935961517946,1.044298674566954,0.0
2019-11-15,-0.7878058996034959,1.069975999191887,1.0
2019-11-22,-0.6541745337253152,1.0604384716873732,1.0
2019-11-29,-0.5685454031786491,1.0892200261448919,1.0
2019-12-06,-0.47307273994324284,1.0938434007583604,1.0
2019-12-13,-0.41882452496369615,1.115310164340274,1.0
2019-12-20,-0.5335001070813818,1.1644704679111677,1.0
2019-12-27,-0.691971299260884,1.1821014767810802,2.0
2020-01-03,-0.7693000803733802,1.177253035201582,1.0
2020-01-10,-0.5950682590365098,1.2058564593441758,1.0
2020-01-17,-0.5026135668764016,1.2661299881410653,1.0
2020-01-24,-0.4284883691038063,1.234103393897646,1.0
2020-01-31,-0.2924340285950182,1.1685031275985356,1.0
2020-02-07,-0.006062683884327565,1.2643386107837744,0.0
2020-02-14,0.17023229835888745,1.3135270763453308,1.0
2020-02-21,0.24873312856826807,1.273754331954689,0.0
2020-02-28,0.3973390335365223,0.9140732795153464,2.0
2020-03-06,0.38740220434116635,0.9310947987987165,1.0
2020-03-13,4.670662965568463,0.6859961859144531,0.0
2020-03-20,5.846275313525106,0.30514853550099447,0.0
2020-03-27,6.393096777413804,0.5269892364053268,1.0
2020-04-03,7.341722334960769,0.4774536685848677,1.0
2020-04-10,6.6681811709320105,0.7598962258845502,0.0
2020-04-17,6.073275321117519,0.8393668449833399,1.0
2020-04-24,7.123821973581327,0.803898534937927,0.0
2020-05-01,7.332544087975462,0.7982434698372456,0.0
2020-05-08,6.139000244823005,0.8911718571245388,1.0
2020-05-15,6.173784390202144,0.829182049612126,1.0
2020-05-22,4.06484942950118,0.9152267763361583,1.0
2020-05-29,3.0477573535360682,0.998561312137612,1.0
2020-06-05,2.198408452882411,1.13887740029895,1.0
2020-06-12,1.9442385092888443,0.9957478605826028,1.0
2020-06-19,1.6739703331797786,1.0486688202237298,1.0
2020-06-26,1.6237720372500501,0.9654938690360326,1.0
2020-07-03,1.0696744572536148,1.078932199100521,2.0
2020-07-10,0.555535073469735,1.130540306266353,0.0
2020-07-17,0.039001527799391075,1.1677622153888993,2.0
2020-07-24,-0.18737629534776978,1.159227987421662,1.0
2020-07-31,-0.5026953360423192,1.2112676828183855,1.0
2020-08-07,-0.6762491546494666,1.2864430259428934,1.0
2020-08-14,-0.6893561011152111,1.3066718067320064,1.0
2020-08-21,-0.7613156939610548,1.3294699684903832,1.0
2020-08-28,-0.7428111894870599,1.4334270950316836,1.0
2020-09-04,-0.815519487839569,1.3574169663953295,1.0
2020-09-11,-0.032328736836600085,1.2767740758152861,0.0
2020-09-18,0.1169667547739429,1.2566110063377198,1.0
2020-09-25,0.34180859616227316,1.2369074581224344,1.0
2020-10-02,0.4188434892780746,1.2837607680517042,1.0
2020-10-09,0.407830764654121,1.4044765686301872,2.0
2020-10-16,0.3232153193969105,1.410731964946464,1.0
2020-10-23,0.17174547891759165,1.3934572167064012,1.0
2020-10-30,0.44827308261062665,1.2101796683498467,0.0
2020-11-06,0.47772093805310906,1.4347681094976414,1.0
2020-11-13,0.967274608386854,1.5057702119407406,0.0
2020-11-20,0.9587728705387509,1.4798772076799989,1.0
2020-11-27,0.8275279211241737,1.555662269350323,2.0
2020-12-04,0.46820342078368204,1.612653437999702,1.0
2020-12-11,-0.3571203421340945,1.579210730648557,1.0
2020-12-18,-0.5548594361894701,1.6223033845075936,1.0
2020-12-25,-0.6179360518512702,1.6163483827583884,1.0
2021-01-01,-0.7555936487083298,1.6660620808937723,1.0
2021-01-08,-0.4830344001130932,1.7304055897396402,1.0
2021-01-15,-0.3577475302994907,1.6774846300985131,1.0
2021-01-22,-0.33353785593174445,1.7461515769093257,1.0
2021-01-29,-0.4900994992235579,1.626833114778126,1.0
2021-02-05,-0.6142119756395708,1.7886910651631456,1.0
2021-02-12,-0.8074195340047,1.8337062900432932,1.0
2021-02-19,-0.8155713239379256,1.8073347609005552,0.0
2021-02-26,-0.5252924741635142,1.7177168957514357,1.0
2021-03-05,-0.14109441850857427,1.7465923235111642,1.0
2021-03-12,0.1467657940987461,1.8416871234460404,1.0
2021-03-19,0.3022136067796373,1.813327540929918,0.0
2021-03-26,0.9104297319467421,1.8709469738262814,1.0
2021-04-02,1.0405259967357763,1.9134583000894385,1.0
2021-04-09,0.7952738597537287,2.0156144329839534,0.0
2021-04-16,0.756468062885476,2.0687609175096573,0.0
2021-04-23,0.06819454247078759,2.0637902116780125,1.0
2021-04-30,-0.6542270629334658,2.0647280288630157,1.0
2021-05-07,-0.5912927600815847,2.112960131538401,0.0
2021-05-14,-0.5957666054559141,2.05786337191947,1.0
2021-05-21,-0.47274034591491787,2.0409918209603624,1.0
2021-05-28,-0.28289255837734334,2.0862415001367607,1.0
2021-06-04,-0.3683836610281121,2.1104186836005265,1.0
2021-06-11,-0.4229878464889931,2.1268771920299114,2.0
2021-06-18,-0.7065375368273924,2.050923616334157,1.0
2021-06-25,-1.0098873406041142,2.158069229720758,1.0
2021-07-02,-1.0305800532697666,2.2252541231530247,1.0
2021-07-09,-0.9304287623145978,2.2413939202734436,1.0
2021-07-16,-0.77168805091472,2.2016401795025176,1.0
2021-07-23,0.030006028828960512,2.2810075379688763,1.0
2021-07-30,0.09801441056840252,2.265505163466389,0.0
2021-08-06,0.30928054029445595,2.304199738637261,0.0
2021-08-13,0.34033384664216965,2.3337222053044155,1.0
2021-08-20,-0.27412316964622246,2.309029405556317,1.0
2021-08-27,0.15148359997937075,2.372519812148444,1.0
2021-09-03,-0.007877390292925416,2.39695938293985,1.0
2021-09-10,-0.07214481764603252,2.3248880406886543,1.0
2021-09-17,-0.04821951078457732,2.3008894454583606,1.0
2021-09-24,-0.4415732359209477,2.321980715831435,2.0
2021-10-01,-0.6411899230070195,2.229662047089958,0.0
2021-10-08,-0.6188189646334629,2.2618289933681446,1.0
2021-10-15,-0.6946497286377278,2.3368827591183274,1.0
2021-10-22,-0.8238542743568766,2.4058402552474427,0.0
2021-10-29,-0.8754749826385733,2.4625594202796868,1.0
2021-11-05,-0.8866734724245877,2.5489791822940107,2.0
2021-11-12,-0.6449415985211395,2.535212319086036,2.0
2021-11-19,-0.543372355985572,2.549382608534239,1.0
2021-11-26,0.009411380236841653,2.4524687271699563,1.0
2021-12-03,1.1569835119411704,2.3997728344948595,1.0
2021-12-10,1.2612388399258194,2.562568373105608,1.0
2021-12-17,1.2572145779385357,2.4768707486404784,1.0
2021-12-24,1.2814228334482833,2.5754821340598424,1.0
2021-12-31,-0.03223277986298823,2.6133606983793096,2.0
2022-01-07,-0.4229890900099351,2.5297539300014478,2.0
2022-01-14,-0.4100512531826911,2.5164559753859743,1.0
2022-01-21,-0.5498905818512355,2.2680186783728744,0.0
2022-01-28,-0.6693134092511445,2.299820205650264,0.0
2022-02-04,-0.560799631483383,2.3642291968484046,1.0
2022-02-11,-0.5210768440774167,2.287431677269857,1.0
2022-02-18,-0.3206491337730482,2.2220001539554506,0.0
2022-02-25,-0.18711826626668082,2.2555550513507,1.0
2022-03-04,0.6448957570154045,2.203243810255389,1.0
2022-03-11,2.12228478558153,2.0864292467411802,1.0
2022-03-18,2.9269543718721764,2.3291457673420517,1.0
2022-03-25,3.3417583469652965,2.404114818160972,1.0
2022-04-01,3.2479399165030314,2.4067405231115617,1.0
2022-04-08,2.3087026462047286,2.352740936332117,1.0
2022-04-15,1.779961876611109,2.2630012648493985,1.0
2022-04-22,1.3581255205020855,2.1497035157789512,1.0
2022-04-29,1.033393873891525,2.018550148791109,1.0
2022-05-06,0.9303370979900896,2.0104939877873202,1.0
2022-05-13,0.991660338271364,1.9172281145306191,1.0
2022-05-20,0.8378138676957192,1.802317576336353,2.0
2022-05-27,0.6686348395859522,2.0432241738787655,1.0
2022-06-03,0.7402250203641934,1.9966144766166936,1.0
2022-06-10,0.32823008258533126,1.8018486677438514,1.0
2022-06-17,-0.036460279698313086,1.5898832092727144,1.0
2022-06-24,0.2377967860424978,1.8120520088162335,1.0
2022-07-01,0.15109951819337192,1.7310153082854562,1.0
2022-07-08,0.7108650734575694,1.8004604876675152,0.0
2022-07-15,1.0814733202076172,1.7664927767018166,1.0
2022-07-22,1.1308934641568913,1.8588396074339566,2.0
2022-07-29,1.031149771486416,2.0170120003905105,1.0
2022-08-05,1.2526350549056506,2.030985384863347,0.0
2022-08-12,0.8602994549659787,2.157553155517878,1.0
2022-08-19,0.7403428207231559,2.109096214835737,0.0
2022-08-26,0.8090721812168739,1.948898219184915,1.0
2022-09-02,0.3984108524250524,1.8237934982892139,1.0
2022-09-09,0.6724555847747224,1.9579952290468636,2.0
2022-09-16,0.7209651183964984,1.7760305331656039,1.0
2022-09-23,0.6544487579343986,1.6071295665628405,0.0
2022-09-30,0.550984988807763,1.5062111875018527,1.0
2022-10-07,0.21877025528184185,1.5568906358536292,1.0
2022-10-14,0.1606858642612069,1.5038197078882403,1.0
2022-10-21,0.20190860521900855,1.6629484637309655,1.0
2022-10-28,-0.12559886362899586,1.8020361853889975,1.0
2022-11-04,-0.2502327559569746,1.679641655415875,1.0
2022-11-11,-0.23896415707063812,1.8881933311164076,1.0
2022-11-18,-0.1663370561808024,1.862319101516108,1.0
2022-11-25,-0.024874265436810764,1.9193196574957077,1.0
2022-12-02,0.06637052126064227,1.962065209095842,2.0
2022-12-09,0.16357591315868875,1.8332840891426228,1.0
2022-12-16,0.20486118530789862,1.7563645342712022,1.0
2022-12-23,0.17987959804315498,1.7492933560627952,1.0
2022-12-30,0.23342348808391472,1.7443041045299823,0.0
2023-01-06,0.510310738638063,1.7964280569394209,2.0
2023-01-13,0.41207858092852256,1.8939704315099617,1.0
2023-01-20,0.29150104347022954,1.8691370507678222,1.0
2023-01-27,0.1912576845554278,1.9609961982470188,2.0
2023-02-03,-0.226173900685013,2.022817033815454,1.0
2023-02-10,-0.39848284641230286,1.9796586686448705,1.0
2023-02-17,-0.4433930953406939,1.9689958063102078,1.0
2023-02-24,-0.3697150506717749,1.8667267964937677,1.0
2023-03-03,-0.3745154567961231,1.937625638304436,1.0
2023-03-10,-0.4784912945185761,1.7650205685720388,1.0
2023-03-17,-0.10917054882588091,1.8166472214390392,1.0
2023-03-24,0.03620151043374458,1.8676176770276658,1.0
2023-03-31,0.1538896530673524,1.997336614165888,1.0
2023-04-07,0.43095536858341216,1.993313341808741,1.0
2023-04-14,0.18167271183417993,2.023905048283993,1.0
2023-04-21,-0.062368107166114704,2.0200411315813285,1.0
2023-04-28,-0.04770356444721001,2.0537650009205555,1.0
2023-05-05,0.02572338620664687,2.022601354179645,1.0
2023-05-12,0.2036936315138967,2.0111881923051254,1.0
2023-05-19,0.20075643246070454,2.0748658875831247,1.0
2023-05-26,0.0908718525747862,2.087498486549277,1.0
2023-06-02,0.0301435307779315,2.159635311152746,0.0
2023-06-09,-0.2583961714966835,2.175099678415802,0.0
2023-06-16,0.013378871079827645,2.278944156994451,0.0
2023-06-23,0.15125802180208828,2.221493696042065,2.0
2023-06-30,0.07226647647917356,2.31719775660421,2.0
2023-07-07,-0.021690071691784697,2.268966111847372,0.0
2023-07-14,-0.08915299081411611,2.368815251100263,1.0
2023-07-21,-0.35532086419952535,2.3978124851935907,1.0
2023-07-28,-0.5206416389607164,2.4408490440305752,0.0
2023-08-04,-0.5819770365231071,2.343128310185836,0.0
2023-08-11,-0.653246739039645,2.3300176442562344,1.0
2023-08-18,-0.717427542373129,2.2415441175569795,1.0
2023-08-25,-0.823167188586847,2.27530553621709,1.0
2023-09-01,-0.902770537188248,2.3785217505487544,2.0
2023-09-08,-0.9451883281187099,2.323865966490936,0.0
2023-09-15,-0.9832604286178429,2.317141432622884,1.0
2023-09-22,-1.0061427743751423,2.1949815859052864,2.0
2023-09-29,-0.9651679561374172,2.164961819695693,1.0
2023-10-06,-0.2994524153516496,2.1841403642964248,0.0
2023-10-13,0.1383008317356914,2.2022212781391235,2.0
2023-10-20,0.40167316548159065,2.105045009447201,0.0
2023-10-27,0.517626089345436,2.0048954756272384,2.0
2023-11-03,0.37673613538390116,2.230881026263043,0.0
2023-11-10,0.27684310378310556,2.284243190424556,0.0
2023-11-17,0.2159169037605055,2.376880570474999,0.0
2023-11-24,0.3516845146856261,2.4193822804486613,0.0
2023-12-01,0.12835173635451977,2.4524778855409037,1.0
2023-12-08,0.14343503651074974,2.461612444723736,0.0
2023-12-15,0.16663481884904796,2.5692924490551126,1.0
2023-12-22,-0.015469624914852091,2.602528635141396,0.0
2023-12-29,0.0380396252933006,2.6167836395208615,0.0
2024-01-05,-0.1576052851805541,2.5487076365954233,2.0
