,return,S&P500_return,sentiment
2000-02-04,-0.3652007689942685,-0.04350443759752838,1.0
2000-02-11,-0.523913005810865,-1.8905506422043483,0.0
2000-02-18,-0.03636519456136107,-2.7490902781221767,1.0
2000-02-25,0.11241696570838022,-1.3345818513867878,0.0
2000-03-03,0.14008271187222385,1.7406568758494774,0.0
2000-03-10,0.9727395690497864,-0.427024845230197,2.0
2000-03-17,1.1367429233063526,0.3590164865326431,0.0
2000-03-24,1.287341766573021,0.00034742174239388296,1.0
2000-03-31,1.2987023608342563,0.628748469649811,2.0
2000-04-07,0.5419372485227907,0.878564351203491,0.0
2000-04-14,0.6948949927914202,-5.345480145400702,1.0
2000-04-21,0.5807895037317495,0.43328369088090807,1.0
2000-04-28,0.636261883503063,-0.7674736846593823,0.0
2000-05-05,0.7198243338063257,1.4369304502716531,0.0
2000-05-12,0.6350219492172934,0.820695531359189,0.0
2000-05-19,0.21470518813152453,-1.8983049414768327,0.0
2000-05-26,0.42563818736484177,-0.23162428803666618,2.0
2000-06-02,0.3129027801254562,1.7231925625158298,2.0
2000-06-09,0.24648342601581583,-0.29367655184467023,1.0
2000-06-16,0.44978903244908697,-0.8683521589498547,0.0
2000-06-23,0.9049644344690924,-0.6636956077499833,0.0
2000-06-30,0.8558816170546824,0.7435220416196755,1.0
2000-07-07,0.9320507561113718,1.340740195571913,0.0
2000-07-14,0.6297529623281901,0.8305810481214677,1.0
2000-07-21,0.11182920571005782,-0.9252543440670747,1.0
2000-07-28,0.10497332221349988,-1.8487331444373487,2.0
2000-08-04,-0.07839058330832223,0.6265245546780126,0.0
2000-08-11,0.12369367573905508,0.6969420783147787,0.0
2000-08-18,0.24330796858270232,-0.264986725603679,0.0
2000-08-25,0.5163231593917286,-0.11578751219213394,0.0
2000-09-01,0.6021844389935707,0.17480674432010954,0.0
2000-09-08,0.5261045944365708,-0.48138309340508423,2.0
2000-09-15,0.6737747714640682,-0.9150075119965972,0.0
2000-09-22,0.6356619846250797,-0.026313931757379797,0.0
2000-09-29,0.8425665937982759,-1.3441754808523334,2.0
2000-10-06,0.8881109284748502,-1.711905893225802,0.0
2000-10-13,0.8547516994840515,2.913874749391423,0.0
2000-10-20,1.1121996582582523,0.5155467846872924,1.0
2000-10-27,0.9182093641100477,0.9752182917787593,2.0
2000-11-03,0.7752071454770605,-0.1075936941207589,0.0
2000-11-10,0.35734149447360875,-2.2024800838911,1.0
2000-11-17,-0.23778597424709658,-0.3046256177850661,0.0
2000-11-24,-0.2767138828797637,1.289706844415204,2.0
2000-12-01,-0.28135499275216536,0.01287919665416699,2.0
2000-12-08,0.32748188635373754,1.720400139487941,0.0
2000-12-15,0.679165595081348,-1.9353781061732187,0.0
2000-12-22,1.2536223233408006,2.1364998689967476,2.0
2000-12-29,1.5003305444646704,-0.9400175359508397,1.0
2001-01-05,1.2891118873865108,-2.370785850317737,1.0
2001-01-12,1.0778326501557471,-0.562039403908404,0.0
2001-01-19,0.7566121835391634,-0.36498368622776034,1.0
2001-01-26,0.30525171227489123,-0.1739105128275309,0.0
2001-02-02,0.3782646906065388,-1.573641530649074,2.0
2001-02-09,0.6107208583579669,-1.199878346907882,1.0
2001-02-16,0.5307571220452092,-1.7032765475998244,0.0
2001-02-23,0.2787787112065722,-0.5014422954549548,0.0
2001-03-02,0.12109202266611455,-0.5125628553388056,2.0
2001-03-09,-0.21179644945645817,-2.2358787710414574,0.0
2001-03-16,-0.110319219409888,-1.768448249816939,0.0
2001-03-23,-0.006696739228250021,1.7469386270030494,1.0
2001-03-30,0.1356326762044435,0.9478014729722335,1.0
2001-04-06,0.21975057630868183,-1.8010623543785766,0.0
2001-04-13,0.16102431514890864,1.3270324307540096,0.0
2001-04-20,0.018598489002779228,-0.7689710440479789,0.0
2001-04-27,-0.025681938136744163,1.3187606162280283,2.0
2001-05-04,-0.17075926913872763,1.2688554951008137,1.0
2001-05-11,-0.29409484016590026,-0.6823602823273913,2.0
2001-05-18,-0.6224731522705818,0.23309813792078107,1.0
2001-05-25,-0.6365293406819121,-1.0630289424429846,2.0
2001-06-01,-0.6819815450976286,0.3367141271665217,0.0
2001-06-08,-0.7052527299450346,-0.8456500961653797,0.0
2001-06-15,-0.46958012114547976,-0.408622981486853,1.0
2001-06-22,-0.05032472975528173,-0.850381799573532,0.0
2001-06-29,0.12250613232824112,-0.138135661474113,1.0
2001-07-06,0.2655241029287987,-2.120547268595276,2.0
2001-07-13,0.2920215625216911,0.5471943128101625,0.0
2001-07-20,-0.07430387481439653,-0.31177336738334266,0.0
2001-07-27,-0.2717122377640825,0.20731603410048857,0.0
2001-08-03,-0.4331892296747978,-0.47348162175589975,1.0
2001-08-10,-0.47809312045334007,0.49820608213714135,2.0
2001-08-17,-0.5252226086535563,-1.5002779179586394,1.0
2001-08-24,-0.46249952520586074,1.7247230134578837,1.0
2001-08-31,-0.4661004611362751,0.35158099103034546,1.0
2001-09-07,-0.6757261963046779,-1.678963656582153,2.0
2001-09-14,-0.09286800508083408,0.5458613843572349,1.0
2001-09-21,0.41038492559218553,-1.7149661566502103,1.0
2001-09-28,1.9246733243029626,1.9222657081951766,2.0
2001-10-05,2.0367137425846082,0.13931138208813182,2.0
2001-10-12,1.8816862943240789,-0.4756430171225867,0.0
2001-10-19,1.6398268865097003,0.3982765247789257,0.0
2001-10-26,0.03337646240362065,0.35856238495347514,2.0
2001-11-02,-0.15624918224851977,0.24785762055333682,0.0
2001-11-09,-0.012111859383849864,0.13454897132012794,1.0
2001-11-16,1.0103158682495486,-0.2859753201742109,2.0
2001-11-23,1.5468144556089696,1.028827436372896,0.0
2001-11-30,1.9028057766985969,-0.06456711963501846,0.0
2001-12-07,1.9373290483409629,-0.6783109999333808,0.0
2001-12-14,1.369445328537527,0.28817626431301213,0.0
2001-12-21,0.918351764227154,0.3800211113316325,1.0
2001-12-28,0.5586179153004576,0.29238418316790526,2.0
2002-01-04,0.7425127039397725,0.5447298490178804,1.0
2002-01-11,0.9198693073539647,-0.8519840905175066,0.0
2002-01-18,1.036401821853351,-0.8927681143693603,0.0
2002-01-25,1.0156556306507891,0.0826550317067523,1.0
2002-02-01,0.7412384318133085,-0.6377300637807829,1.0
2002-02-08,0.3084923193148648,1.3055130330659432,2.0
2002-02-15,0.6466718393156673,-0.9911363932912809,2.0
2002-02-22,0.6523718586733038,0.7222839242822808,1.0
2002-03-01,0.7548740923731643,1.984225893747464,1.0
2002-03-08,0.7777612082133849,0.5125099949968538,1.0
2002-03-15,0.041714025663170236,1.000057700135957,0.0
2002-03-22,-0.053481697166983554,-0.3837998778042127,1.0
2002-03-29,-0.28457866130060044,0.21199293896760846,1.0
2002-04-05,0.06795763101861922,-0.29151872234166304,1.0
2002-04-12,0.404705392228025,0.5817700938177373,1.0
2002-04-19,0.5718885048637595,0.04928908135887739,1.0
2002-04-26,0.5119887613181752,-1.2498110807785823,1.0
2002-05-03,0.18458359057997017,-0.9233246132785166,1.0
2002-05-10,-0.32049834478376055,-1.5121110011237884,1.0
2002-05-17,-0.4470170651477107,0.6682879828594968,1.0
2002-05-24,-0.34486389274025225,-1.0873909893059088,1.0
2002-05-31,-0.2745847868594167,0.20083867800939814,0.0
2002-06-07,-0.21103344015831885,-0.14614152843859224,1.0
2002-06-14,-0.25906759114729855,-0.20798961636969232,1.0
2002-06-21,-0.28327847437247505,-1.5346220648816844,1.0
2002-06-28,-0.25501316389148654,-0.07969320376915795,1.0
2002-07-05,-0.5769982413049046,3.2015521030455334,1.0
2002-07-12,-0.5411830413993108,-0.5813203476801571,2.0
2002-07-19,-0.7835273824206738,-3.483614825810866,1.0
2002-07-26,-0.6264975080228924,1.4827710367463032,1.0
2002-08-02,-0.5046717954968212,-2.0826757344206244,1.0
2002-08-09,-0.4666916788618584,0.30569834243093547,1.0
2002-08-16,-0.3770104647230609,-0.14764132099553898,1.0
2002-08-23,-0.576201934690505,-2.0466306616146697,1.0
2002-08-30,-0.6209957769865595,-0.17382785541139567,2.0
2002-09-06,-0.5633786831480825,1.4754737606181834,1.0
2002-09-13,-0.558337694669786,0.2842327845515101,1.0
2002-09-20,-0.4820290826406087,0.21194793191358,1.0
2002-09-27,-0.4559385116891122,-2.921949655451872,1.0
2002-10-04,-0.7055858431495008,-2.0234257088924883,1.0
2002-10-11,-0.8967521011319576,3.40106438114833,1.0
2002-10-18,-0.9895228859162809,0.5173253458925994,2.0
2002-10-25,-0.6192031828921427,1.507554580905114,2.0
2002-11-01,-0.4228869406327437,1.5069646275262258,1.0
2002-11-08,-0.2335956100985214,-0.7887384570072387,1.0
2002-11-15,-0.10098351963526118,0.5390259231833101,1.0
2002-11-22,-0.05570698113933354,-0.31227834701443163,1.0
2002-11-29,-0.10667414907181963,-0.24885302200839196,1.0
2002-12-06,-0.17696406553293867,0.5493570413882021,1.0
2002-12-13,-0.1916199436988179,-1.2075731104035963,1.0
2002-12-20,-0.22011152319002797,1.143966299202416,1.0
2002-12-27,-0.02562541722458085,-1.4429169948657874,1.0
2003-01-03,0.1568882315099148,-0.04910833397751098,1.0
2003-01-10,0.3572919753645493,-0.006055785123841754,1.0
2003-01-17,0.3315736261866522,-1.2613154806199813,1.0
2003-01-24,0.2274547813749964,-2.644351619525784,1.0
2003-01-31,0.06819762927355434,1.1539429821308682,1.0
2003-02-07,-0.18052188384615706,-0.9081828308579892,1.0
2003-02-14,-0.18987260873571568,1.8798472172554315,2.0
2003-02-21,-0.22152435576913565,1.162182824015507,1.0
2003-02-28,-0.14976063128339337,0.40401121305136106,1.0
2003-03-07,-0.26933268083269885,0.7253816113046518,1.0
2003-03-14,-0.254356432548243,0.14026546654886365,1.0
2003-03-21,0.8066049233047755,2.0139940596920476,1.0
2003-03-28,1.537402391727303,-0.5215224622964311,1.0
2003-04-04,1.847494424613868,0.23710885123372075,1.0
2003-04-11,1.8947030323743828,-0.3413343739283736,1.0
2003-04-18,1.2768624013233894,1.364815406398977,1.0
2003-04-25,0.7290099533163862,-1.2459280571626934,1.0
2003-05-02,0.17862754305388445,1.321289757905313,1.0
2003-05-09,-0.08909048631850303,1.254648484276503,1.0
2003-05-16,0.002255474417148888,-0.22895571210349255,1.0
2003-05-23,-0.06139168770998837,0.12267223341793201,1.0
2003-05-30,-0.20871303261259688,1.2907112809050385,1.0
2003-06-06,-0.02967106774238518,-0.22005914976487903,1.0
2003-06-13,-0.21995430649533396,-0.8921147932299159,0.0
2003-06-20,-0.3054214593728449,0.08240272936236985,1.0
2003-06-27,-0.21477800690908605,-0.8762483795053428,1.0
2003-07-04,-0.2219436622685922,-0.7293249611550731,1.0
2003-07-11,-0.21535590960945208,0.8389493606340023,1.0
2003-07-18,-0.33952358599269417,1.037602235935263,0.0
2003-07-25,-0.3441220062770242,1.5279230088539568,1.0
2003-08-01,-0.5254976759375717,-0.9230691397071347,1.0
2003-08-08,-0.19308449893479193,0.3101468552903428,1.0
2003-08-15,-0.13848407233177074,0.008304730333119311,1.0
2003-08-22,-0.2621629307015128,-0.9156443799216165,1.0
2003-08-29,-0.22349629472140223,0.4511979489645827,1.0
2003-09-05,-0.2846526259748351,-0.5770781430309634,1.0
2003-09-12,-0.28495969446155067,0.1870825843102577,0.0
2003-09-19,-0.26460350818604783,-0.28705593727018336,0.0
2003-09-26,-0.21016258607725502,-0.5769167149476059,1.0
2003-10-03,-0.4352549230763521,0.8276251430716454,1.0
2003-10-10,-0.3614313384999258,-0.06342494125836244,1.0
2003-10-17,-0.11801650889016327,-0.9210949580539225,1.0
2003-10-24,0.18037275013943216,-0.4250912440582375,1.0
2003-10-31,0.08346043489517133,0.3135818738880449,1.0
2003-11-07,0.17391768681148814,-0.4137731108216548,1.0
2003-11-14,-0.00266379251267227,-0.6858227209591918,1.0
2003-11-21,-0.18320601138143552,0.13406096852079313,1.0
2003-11-28,0.15220449758371338,-0.02706151902192738,1.0
2003-12-05,-0.03597941802938738,-0.6920035191954331,1.0
2003-12-12,0.07800944424079541,0.23684257431004405,1.0
2003-12-19,-0.12760486024086934,-0.0485217069310194,1.0
2003-12-26,-0.3472253445667599,0.1441832329103291,1.0
2004-01-02,-0.3459125970051928,-0.28159439312980056,1.0
2004-01-09,-0.08813488463383812,-0.7999063313886047,1.0
2004-01-16,-0.19160156957595065,0.6029727007703917,1.0
2004-01-23,-0.13570692202302811,-0.19202715708320586,1.0
2004-01-30,-0.2072574241677412,-0.2400183252756368,1.0
2004-02-06,-0.3570168767702542,1.1034757609907242,1.0
2004-02-13,-0.26231471091431763,-0.49363878479854456,1.0
2004-02-20,-0.39594509329990635,-0.23504899020218406,1.0
2004-02-27,-0.43766200019681983,-0.003732962801690228,1.0
2004-03-05,-0.4485527225483349,0.14703915131892756,1.0
2004-03-12,-0.44137177296188806,1.0950413157095293,0.0
2004-03-19,-0.12939217574382297,-1.005209868918592,1.0
2004-03-26,-0.06819683660375406,-0.09668446542970431,1.0
2004-04-02,-0.09024439960666356,0.7478906896460817,1.0
2004-04-09,0.11584740268778872,-0.100452268093757,1.0
2004-04-16,-0.017281532691048408,0.4473157064004216,1.0
2004-04-23,-0.02252931742852255,0.046188074756814364,1.0
2004-04-30,-0.10914794195397082,-0.5337053618156147,1.0
2004-05-07,-0.16538856301730215,-1.2350273249408878,1.0
2004-05-14,-0.20375195997751977,-0.06609079952776262,1.0
2004-05-21,-0.05862486245535269,0.35001516720947157,1.0
2004-05-28,0.15778830734759156,-0.0536498274702395,1.0
2004-06-04,0.6875265279326815,0.45938362179168535,1.0
2004-06-11,0.6428176886719661,0.39703905889294544,1.0
2004-06-18,0.5125101898642118,0.22693264245820782,1.0
2004-06-25,0.3695786575490932,-0.49228339188035225,1.0
2004-07-02,0.05315405141919493,-0.28690547020106166,1.0
2004-07-09,0.035716186749736756,0.29010610650772933,0.0
2004-07-16,0.2469252232606236,-0.43293281502649134,1.0
2004-07-23,0.24667239005409694,-0.8728796661974415,1.0
2004-07-30,-0.031093047266807113,0.09811880265720131,1.0
2004-08-06,-0.19112838785338537,-1.3934205548969094,2.0
2004-08-13,-0.2744797594004968,0.12516050898713946,1.0
2004-08-20,-0.24399229791307436,0.572262997405164,1.0
2004-08-27,-0.109762148580299,0.20933972895312922,1.0
2004-09-03,0.06893566639812923,-0.378975914004529,1.0
2004-09-10,0.08551182665997652,0.433351106360586,1.0
2004-09-17,0.3224151421614938,0.39275339527362213,1.0
2004-09-24,0.3896415506307083,0.1342357488822695,0.0
2004-10-01,0.1832038546883964,1.3337176718800392,1.0
2004-10-08,0.003899055540218722,-0.6778840738355676,1.0
2004-10-15,-0.33421982532870687,0.38879802523880946,1.0
2004-10-22,-0.4760486956040091,-0.8742084901714933,1.0
2004-10-29,-0.31037044567457317,0.21136599356081054,1.0
2004-11-05,0.014733840669506105,0.33774494252440324,1.0
2004-11-12,0.2608541605627992,0.800344740538476,1.0
2004-11-19,0.6838334671771518,-1.004148346995818,1.0
2004-11-26,0.7261353766248735,0.06088969506990059,1.0
2004-12-03,0.8370211623674908,0.05668082326086952,1.0
2004-12-10,1.0084128833289512,-0.09882249556461271,2.0
2004-12-17,1.1458272444929853,-0.6744487798719848,1.0
2004-12-24,1.3649399397083342,0.03510833504365869,1.0
2004-12-31,1.329955645928932,-0.12557560405290788,1.0
2005-01-07,1.0082051532673457,-0.13341173652122204,1.0
2005-01-14,0.8695395922077834,0.5262944103560172,1.0
2005-01-21,0.12152339948698757,-0.5783215732025514,2.0
2005-01-28,-0.08300274542791025,-0.24789967490343093,1.0
2005-02-04,-0.15899792106407817,0.9705491323802584,0.0
2005-02-11,-0.3582847172791532,0.6076724740486518,1.0
2005-02-18,-0.37409756479783296,0.05612755488141296,1.0
2005-02-25,-0.3550690284352188,0.8177123797894627,1.0
2005-03-04,-0.5105478662797998,0.8456863352885903,1.0
2005-03-11,-0.5673861988057756,-0.6829551604675074,1.0
2005-03-18,-0.6484837373096516,-0.047899889556653176,1.0
2005-03-25,-0.7563410126056354,-0.09027589482294476,1.0
2005-04-01,-0.5012216137932579,-0.5856490201105383,1.0
2005-04-08,-0.23121154954210793,-0.7512365802664814,0.0
2005-04-15,-0.09017744279857837,-1.5054727273745112,1.0
2005-04-22,0.10604287569153005,-0.6083475097322292,1.0
2005-04-29,0.008774027484737068,1.0478624806934989,1.0
2005-05-06,-0.16392000916994737,-0.1031767379502342,1.0
2005-05-13,-0.22583534394677596,-0.41426645937645695,1.0
2005-05-20,-0.24955860101924038,-0.14053623544545502,1.0
2005-05-27,-0.3634757237525401,0.08003534005381954,1.0
2005-06-03,-0.24775805567361375,-0.6188120896887748,1.0
2005-06-10,-0.03677930625947433,-0.2151149539429335,1.0
2005-06-17,0.11273061150915724,0.433450060263792,1.0
2005-06-24,0.20642088032515485,-0.6870296890459463,1.0
2005-07-01,0.20685545270225297,0.2257781006990991,1.0
2005-07-08,0.11818054809320887,1.0264697229751552,0.0
2005-07-15,-0.13237680451255834,0.09684053033249457,1.0
2005-07-22,-0.26217284743907204,0.4738486414166868,1.0
2005-07-29,-0.41386115686557906,-0.6907707841591713,1.0
2005-08-05,-0.5994889488897184,-0.68789325431428,1.0
2005-08-12,-0.5109910680021854,-0.5407116123476663,1.0
2005-08-19,-0.2934654744941178,0.044258972336864724,1.0
2005-08-26,-0.2004278030973339,-0.5408943052528403,1.0
2005-09-02,0.009408196919340495,-0.26630442562322876,1.0
2005-09-09,-0.014076973105414323,0.6993920298224987,1.0
2005-09-16,-0.15092247899487835,0.7282378222156541,1.0
2005-09-23,0.13099505277669682,0.0429852900916609,1.0
2005-09-30,0.0955050478459569,0.07575531073148949,1.0
2005-10-07,0.058691808028218787,0.32246734800445637,1.0
2005-10-14,0.08969428326555379,0.7261316119498411,1.0
2005-10-21,-0.3437018098330519,0.12897985716612376,1.0
2005-10-28,-0.3940547557695072,1.453525509196434,1.0
2005-11-04,-0.3640420076214473,0.008526709774600533,1.0
2005-11-11,-0.301149764556679,0.2651503369232898,1.0
2005-11-18,-0.2579305601001038,0.3844672307267877,1.0
2005-11-25,-0.29463420492156434,0.1792422270106285,1.0
2005-12-02,-0.4209620628485513,0.02276196206600566,1.0
2005-12-09,-0.5298830867479521,0.2435480364296538,1.0
2005-12-16,-0.363023769761226,-0.25969656055946333,1.0
2005-12-23,-0.24762639034757356,0.031804968190842366,1.0
2005-12-30,-0.2379941042610544,-0.44166597001050456,1.0
2006-01-06,-0.07892667159222679,0.825870297524053,1.0
2006-01-13,-0.263832177183882,0.10104810386223202,1.0
2006-01-20,-0.45469856185558866,-1.6508147833955389,1.0
2006-01-27,-0.4270909471841428,0.6816803739879205,1.0
2006-02-03,-0.5527444655138306,-0.48384385074195846,1.0
2006-02-10,-0.47228682900140734,0.2195208837324655,1.0
2006-02-17,-0.5073720053557303,-0.15376696017420974,1.0
2006-02-24,-0.41446757553662444,0.10711730048757305,1.0
2006-03-03,-0.28628867599775176,-0.13790570358796178,1.0
2006-03-10,-0.24201956283907572,0.6339824049160965,1.0
2006-03-17,-0.15062413384371068,0.1246481117677749,1.0
2006-03-24,-0.1496602693474938,0.0813380978120688,1.0
2006-03-31,-0.28783406457773425,-0.3747554372321418,0.0
2006-04-07,-0.46369732975560546,-0.9306255162590261,1.0
2006-04-14,-0.5988359057334792,0.06295103891590975,1.0
2006-04-21,-0.7339670005222765,-0.01825689061512699,2.0
2006-04-28,-0.8062703096019491,0.05435132633870798,1.0
2006-05-05,-0.5829242216976909,0.9047586404767126,1.0
2006-05-12,-0.3089189764823363,-1.0113204983358153,1.0
2006-05-19,-0.20727378448840605,0.3610525072588948,1.0
2006-05-26,-0.1436343244528284,0.5010791839462774,1.0
2006-06-02,-0.23528477376055368,0.16737480758596884,1.0
2006-06-09,-0.43948580680114885,-0.4049363223756359,0.0
2006-06-16,-0.40540865077674093,-0.3337081410187808,0.0
2006-06-23,-0.48254972916227695,-0.084617900709349,0.0
2006-06-30,-0.5948703970084597,-0.19278279516600888,1.0
2006-07-07,-0.6575020408960683,-0.6083203215493076,1.0
2006-07-14,-0.8415125528698939,-0.4423420042953626,1.0
2006-07-21,-0.7442355546241718,-0.6375961431158523,1.0
2006-07-28,-0.7082601039091923,1.06800898109822,1.0
2006-08-04,-0.6004903530922072,-0.06928640067230837,1.0
2006-08-11,-0.5383081363695641,-0.36125789920082646,1.0
2006-08-18,-0.5832146312737938,0.3236783974870221,1.0
2006-08-25,-0.5697603782775987,-0.07263943693366977,1.0
2006-09-01,-0.6145893768007038,0.48297617975438784,1.0
2006-09-08,-0.6590723730578772,0.3300323357738949,1.0
2006-09-15,-0.6429040509213606,0.22199360463200626,1.0
2006-09-22,-0.4812464411928737,-0.22559440655429996,0.0
2006-09-29,-0.3968485452612355,-0.2075274371090457,1.0
2006-10-06,-0.17284878548891824,-0.2449132635148569,1.0
2006-10-13,-0.1919261064340085,0.1758059469435085,1.0
2006-10-20,-0.28938716282066035,0.10056660756401174,1.0
2006-10-27,-0.2501552600681468,-0.7607988290913936,1.0
2006-11-03,-0.25163271423919054,-0.20397379622873282,1.0
2006-11-10,-0.1575566199464556,0.15959892164012013,1.0
2006-11-17,-0.09782809662671851,0.08537339755977225,1.0
2006-11-24,-0.23147231608870916,-0.33171482137584973,1.0
2006-12-01,-0.43408782931274204,-0.2552814994727975,1.0
2006-12-08,-0.5491286071028845,0.1549226922636572,1.0
2006-12-15,-0.7595555668175853,0.09369640846742215,0.0
2006-12-22,-0.7088661250930651,-0.48005687097929006,1.0
2006-12-29,-0.7744685027708991,-0.4082839976871864,1.0
2007-01-05,-0.5248643902727139,-0.5487712497393636,1.0
2007-01-12,-0.1444427977965972,0.4244611900496441,1.0
2007-01-19,0.012322648929758585,0.2510472890695989,2.0
2007-01-26,0.26039763192868404,-0.11353410447183183,2.0
2007-02-02,0.44300515133126245,0.14449326204862434,1.0
2007-02-09,0.31501553352105227,-0.6376244160461776,1.0
2007-02-16,0.3535909490179427,-0.08361148586686111,1.0
2007-02-23,0.14767623821705733,-0.3235163898970562,1.0
2007-03-02,-0.28413532067071207,-1.0258545548958347,1.0
2007-03-09,-0.4093041181044775,0.05418035325814782,1.0
2007-03-16,-0.7399615113607219,-0.34713597874320956,1.0
2007-03-23,-0.8587011621417661,0.09120806771112087,1.0
2007-03-30,-0.6845796808645962,-0.110512988653922,1.0
2007-04-06,-0.6773138429073046,0.264744401223442,1.0
2007-04-13,-0.6326639436693149,0.3035699603940075,1.0
2007-04-20,-0.5148546734452587,0.8136493781674774,2.0
2007-04-27,-0.541782815155718,-0.016771517614614213,1.0
2007-05-04,-0.6284436438471332,0.1849153219385866,1.0
2007-05-11,-0.6734053233896548,0.8471939095103702,1.0
2007-05-18,-0.6874549817602384,0.5798370858028048,1.0
2007-05-25,-0.669362142166754,0.477498900494737,0.0
2007-06-01,-0.6556909909777447,0.3256347517870995,1.0
2007-06-08,-0.6079851999081076,0.9993351432405505,1.0
2007-06-15,-0.5081180796779283,0.5724414296709245,1.0
2007-06-22,-0.6098441162707512,-1.160256126425862,1.0
2007-06-29,-0.6445714839605835,-0.1455401205773905,2.0
2007-07-06,-0.6885071392937903,0.2872631168744316,1.0
2007-07-13,-0.8722043663289794,0.2693056883203858,0.0
2007-07-20,-0.8094684049168869,-1.0994736625888717,1.0
2007-08-03,-0.6516333955299973,-2.402171455117078,1.0
2007-08-10,-0.3169281955085537,0.027598737807861172,0.0
2007-08-17,-0.3275890078037237,2.1520806831560715,1.0
2007-08-24,-0.3268328301358932,1.013810230474865,1.0
2007-08-31,-0.43715454370157697,0.985824670915969,1.0
2007-09-07,-0.8185385974309761,-1.5224727010181607,1.0
2007-09-14,-0.8267630282666302,0.011922392316567474,0.0
2007-09-21,-0.9377618995761424,0.402856074585263,1.0
2007-09-28,-0.9173461943626349,-0.2753163277671418,1.0
2007-10-05,-0.7863721134413136,0.8400414104576084,1.0
2007-10-12,-0.6034839062787434,0.41570506564688475,1.0
2007-10-19,-0.48450039767622993,-2.3135611632053323,1.0
2007-10-26,-0.44209710651185397,1.211615269427638,1.0
2007-11-02,-0.20469697197167072,0.0652508403094707,1.0
2007-11-09,-0.10106220909794184,-1.285671436622503,1.0
2007-11-16,-0.03225140968709929,0.45783004903520275,1.0
2007-11-23,0.07462100844007315,1.4833629609924812,1.0
2007-11-30,-0.036374140203088046,0.6822290799136792,1.0
2007-12-07,-0.18587627076442115,-0.16429559156230533,1.0
2007-12-14,-0.1152623642008684,-1.2369022692218798,1.0
2007-12-21,-0.19141974300201517,1.4640662391233388,1.0
2007-12-28,-0.33610320213444994,0.127564376265385,1.0
2008-01-04,-0.3299153522371578,-2.21651521042734,1.0
2008-01-11,-0.3053676962886918,-1.2232995132446152,0.0
2008-01-18,-0.4343368798328521,-0.5452677942579949,1.0
2008-01-25,-0.35876648801659694,-1.4287652157363444,1.0
2008-02-01,-0.35659459985437486,1.0755410712702793,1.0
2008-02-08,-0.4030596297211549,-0.3806534522777509,1.0
2008-02-15,-0.368103330999591,0.06840857837607124,1.0
2008-02-22,-0.21033579881931969,0.6919693783649283,1.0
2008-02-29,-0.24966878460235203,-2.448198881461512,1.0
2008-03-07,-0.12335473248859537,-0.7570978628967,2.0
2008-03-14,-0.19621205403040315,-1.873652976818546,1.0
2008-03-21,0.0762330723727566,2.098079142873314,1.0
2008-03-28,0.17695103862091482,-0.7158399347841006,1.0
2008-04-04,0.2339063173936067,0.06469889532282641,1.0
2008-04-11,0.22499204346106286,-1.8365116516440056,1.0
2008-04-18,-0.10882285219204135,1.5924746238055756,1.0
2008-04-25,-0.4041690579002032,0.5696119704471896,1.0
2008-05-02,-0.5546153088916294,0.2812007273195684,1.0
2008-05-09,-0.39728246124462774,-0.6061267586971826,1.0
2008-05-16,-0.30080190718413646,0.10506462722558822,2.0
2008-05-23,-0.1511186526078632,-1.1886000130977743,1.0
2008-05-30,-0.03287128889285989,0.12866505551236732,1.0
2008-06-06,0.017022186308813456,-2.796151737437271,1.0
2008-06-13,0.6404781293984877,1.3219456140455506,0.0
2008-06-20,0.6195662695815425,-1.670431986443194,1.0
2008-06-27,0.5856777092039419,-0.33723882446595527,1.0
2008-07-04,0.5263323847744718,0.09116652274999082,1.0
2008-07-11,-0.03652951357094493,-0.9977221186546609,1.0
2008-07-18,0.16726528312860436,0.01934844916439806,1.0
2008-07-25,0.23680881433938256,0.36376382522753814,1.0
2008-08-01,0.2964887227633278,-0.5034953278464745,1.0
2008-08-08,0.23706170580219102,2.093595745073755,1.0
2008-08-15,0.08609405198669084,0.3556541519786931,1.0
2008-08-22,0.0007067865857708359,0.9960183685531929,2.0
2008-08-29,0.1828207716941197,-1.2348643746335302,1.0
2008-09-05,0.2679266093241647,0.3870733370414911,2.0
2008-09-12,0.20641333379415636,0.18239876775715805,1.0
2008-09-19,0.6947164125138854,3.5035243156219322,1.0
2008-09-26,0.9688028284254615,0.29421434765209387,1.0
2008-10-03,1.6476018222809987,-1.2152887858670705,1.0
2008-10-10,2.1275642231746876,-1.0579305882145835,1.0
2008-10-17,2.566509675086177,-0.5602457781246978,1.0
2008-10-24,2.5674318866029426,-3.1291206993914473,1.0
2008-10-31,2.5484183135602354,1.3498993351076594,0.0
2008-11-07,3.0847099525437636,2.523480234415339,1.0
2008-11-14,2.9343240960443118,-3.7936209785498187,1.0
2008-11-21,2.9225782221076515,5.447448941065924,1.0
2008-11-28,3.251657310115984,0.8473360499508357,1.0
2008-12-05,3.492936964834364,3.1817733194391886,1.0
2008-12-12,3.5490189701017365,0.6167498831282279,1.0
2008-12-19,3.6957403738478054,0.2547207597093634,1.0
2008-12-26,3.671443231409247,0.468963392668417,1.0
2009-01-02,3.6205512144867487,2.7611404128857266,1.0
2009-01-09,3.6157839321016927,-1.9208660476939001,2.0
2009-01-16,3.128943317045978,0.663817157067922,1.0
2009-01-23,3.1178364172512287,0.47086357038727517,1.0
2009-01-30,2.8761817423107834,-2.055994900175923,1.0
2009-02-06,1.8366655363816218,2.3540363708135055,1.0
2009-02-13,1.3537073206749712,-0.8995605503617895,1.0
2009-02-20,1.7756726346481118,-1.026773173942467,1.0
2009-02-27,1.5362204560271062,-2.126570260749733,1.0
2009-03-06,1.9692859343397748,0.10201430817469816,1.0
2009-03-13,2.1957421139328495,0.6794769045563592,1.0
2009-03-20,2.0669324718979905,-1.7816308271153645,1.0
2009-03-27,1.9893269771504225,-1.8311869035778385,1.0
2009-04-03,1.878033292894961,0.8551442840848003,1.0
2009-04-10,1.8333079563148014,3.3149807969663794,1.0
2009-04-17,1.6102065142331414,0.43474316740829744,1.0
2009-05-01,1.5371717716141413,0.47252022027232404,1.0
2009-05-08,1.4190174387285304,2.1088936942888474,1.0
2009-05-15,1.1366215335415457,-1.0265139297670594,1.0
2009-05-22,0.5245473312646742,-0.13929285899124325,1.0
2009-05-29,0.17496742255596984,1.1929403428724628,1.0
2009-06-05,0.20509462190552888,-0.22995265874557277,1.0
2009-06-12,0.20109426155698615,0.11808337081149047,1.0
2009-06-19,0.03369948276070982,0.2704394447476909,1.0
2009-06-26,0.10125021759733659,-0.13756666048457133,1.0
2009-07-03,-0.02899781391383997,-2.636209076529319,1.0
2009-07-10,0.12406167832888747,-0.3644122610126719,0.0
2009-07-17,0.20685107191929256,-0.040089959071881634,1.0
2009-07-24,0.2642895364343806,0.2640534182387281,1.0
2009-07-31,0.37405348835494395,0.05970400176219703,1.0
2009-08-07,0.3811147647214198,1.1810472285428995,1.0
2009-08-14,0.1970200957383434,-0.7679484743569477,1.0
2009-08-21,0.1636462075400928,1.6347156416013926,1.0
2009-08-28,-0.047938995303282134,-0.18304105168626106,1.0
2009-09-04,-0.1601556936220427,1.1528178348065612,1.0
2009-09-11,-0.004548372258891807,-0.1262216706406204,1.0
2009-09-18,0.21689003013201955,0.22815712107660885,1.0
2009-09-25,0.46054964467421067,-0.5493219529872537,1.0
2009-10-02,0.5950622251951335,-0.4076084168570765,1.0
2009-10-09,0.593346326005941,0.49412244220401447,1.0
2009-10-16,0.48741015005666904,-0.7290954098801034,1.0
2009-10-23,0.34489016798102407,-1.0956643158690997,1.0
2009-10-30,0.11270158477811994,-2.537356585646425,1.0
2009-11-06,0.14806045176258442,0.21626419180302134,1.0
2009-11-13,0.07357045262608182,0.5028437735267312,1.0
2009-11-20,0.0013581999161998218,-0.2923987651825881,1.0
2009-11-27,-0.06713361699922943,-1.5518764251267743,1.0
2009-12-04,-0.27554493496913957,0.4825180685996316,1.0
2009-12-11,-0.30372963687616666,0.32085642326659225,2.0
2009-12-18,-0.48012265285950945,0.5108526555830243,1.0
2009-12-25,-0.5329324649039697,0.4601177963372891,1.0
2010-01-01,-0.6161804888603342,-0.9042225885281351,1.0
2010-01-08,-0.6305062196773298,0.2498291714165939,0.0
2010-01-15,-0.7874062927771501,-0.9737332919006627,1.0
2010-01-22,-0.7041514665173346,-1.9970348943573133,1.0
2010-01-29,-0.6945325455575528,-0.8844249284839962,1.0
2010-02-05,-0.3540291886087429,0.25119390683505116,1.0
2010-02-12,0.01618614398283644,-0.25045030886311664,1.0
2010-02-19,0.1382206444771776,0.18817417403221232,1.0
2010-02-26,0.08753401455703984,0.11882781302050763,1.0
2010-03-05,-0.02331837633817821,1.2308962045366438,1.0
2010-03-12,-0.5459550771780103,-0.02538506304381932,1.0
2010-03-19,-0.571165937693937,-0.45951498400672397,1.0
2010-03-26,-0.5828391999691062,0.05952095545960803,1.0
2010-04-02,-0.6159395553660888,0.6507740657843983,1.0
2010-04-09,-0.5712267340562304,0.5863235339561347,1.0
2010-04-16,-0.7088483816579709,-1.4517736031805757,1.0
2010-04-23,-0.8060007021846264,0.6251475095271548,1.0
2010-04-30,-0.8527254810007472,-1.498887775006579,1.0
2010-05-07,-0.27032817883683613,-1.3778482180614038,1.0
2010-05-14,0.11433518671415843,-1.6937345422262464,1.0
2010-05-21,0.26590546923215935,1.3200287245193278,1.0
2010-05-28,0.405904762588677,-1.1133224907232369,1.0
2010-06-04,0.33552691506104354,-3.119931705809154,1.0
2010-06-11,0.15108041691173654,0.38255050275508196,1.0
2010-06-18,0.09228808039941559,0.11099111954389093,1.0
2010-06-25,-0.010371528819785786,0.2478460741438565,1.0
2010-07-02,-0.1574890061015866,-0.42161978746323814,1.0
2010-07-09,-0.24845240805095034,0.6322432620399087,1.0
2010-07-16,-0.3170640058165817,-2.60643967765218,1.0
2010-07-23,-0.29320958379572387,0.7219099133200714,1.0
2010-07-30,-0.3072704329865896,-0.00040938782937791546,1.0
2010-08-06,-0.3615827091823032,-0.33604364078324045,1.0
2010-08-13,-0.3806619003495706,-0.36456811152764895,1.0
2010-08-20,-0.33596617671191203,-0.33238340054773546,1.0
2010-08-27,-0.32917860299173335,1.456800093142205,1.0
2010-09-03,-0.37257818133013987,1.1617235377798152,1.0
2010-09-10,-0.455522666600953,0.42536091406198484,1.0
2010-09-17,-0.6480604443132306,0.06744079963504081,1.0
2010-09-24,-0.7758613215651641,1.8589307134145945,1.0
2010-10-01,-0.9641123070394287,0.3858049824162998,1.0
2010-10-08,-0.8932405039533612,0.5366992806083347,1.0
2010-10-15,-0.8377552985749507,0.17405293432164018,1.0
2010-10-22,-0.40229271181492476,0.20615220057801312,1.0
2010-10-29,-0.33548973912567165,-0.04512736189690734,1.0
2010-11-05,-0.4099987964548392,0.34208701643618133,1.0
2010-11-12,-0.42495757538287665,-1.062358072483904,1.0
2010-11-19,-0.6839956171141347,0.21955681745722255,1.0
2010-11-26,-0.6958182569562391,-0.6726794483615536,1.0
2010-12-03,-0.4596256937783914,0.22513251235505563,1.0
2010-12-10,-0.406565059958321,0.5260365064341576,1.0
2010-12-17,-0.5821853209461453,0.06832473058398658,1.0
2010-12-24,-0.725579624671403,-0.15239568188865088,2.0
2010-12-31,-1.055939377483095,-0.023023082553810834,1.0
2011-01-07,-1.160717939642846,-0.1702518894389999,0.0
2011-01-14,-0.8801651350344115,0.648191400044368,1.0
2011-01-21,-0.8634051836605906,0.20830671371740914,1.0
2011-01-28,-0.7067109456636848,-1.6079076510133368,1.0
2011-02-04,-0.6172993903660668,0.2500539691008607,1.0
2011-02-11,-0.7251931170946484,0.482335708376976,1.0
2011-02-18,-0.6767369757841426,0.164932919656316,1.0
2011-02-25,-0.33910862484334964,0.9272191371215973,1.0
2011-03-04,-0.27073922013067003,-0.6645694735094486,0.0
2011-03-11,-0.21326089736042042,0.6213501922613202,1.0
2011-03-18,0.030802016634446587,0.37639911172600127,1.0
2011-03-25,-0.10799730467843643,0.27460042564538506,1.0
2011-04-01,-0.3255496158183184,0.43417927797470834,1.0
2011-04-08,-0.3343325186945184,-0.3628600932980444,1.0
2011-04-15,-0.40846767347037405,0.34232264361506287,1.0
2011-04-22,-0.6522217312315153,0.46194082090487093,1.0
2011-04-29,-0.6027146266026612,0.19829233149703865,1.0
2011-05-06,-0.24850119777794688,0.332978036609173,1.0
2011-05-13,0.6487597660586534,-0.7263408758070429,1.0
2011-05-20,0.6873603674739049,-0.6923656315434437,1.0
2011-05-27,0.7605454481261351,0.3560957033482975,1.0
2011-06-03,0.6016127359198784,-0.8758610210506764,1.0
2011-06-10,-0.37661727129667516,-1.2579647261910163,1.0
2011-06-17,-0.5955103607732684,0.2643065701513816,1.0
2011-06-24,-0.37047632569909617,-1.0549161418975885,1.0
2011-07-01,0.04553213433004287,1.2661620740659258,1.0
2011-07-08,0.1922733268518354,-0.6272276496576297,1.0
2011-07-15,0.22240272762782654,0.4864968012695123,1.0
2011-07-22,0.13372926724235326,0.07463697484735549,1.0
2011-07-29,-0.2685300429898449,-0.5815181946939002,1.0
2011-08-05,-0.5175137969393652,-0.057194216882998646,1.0
2011-08-12,-0.0055349961872519044,0.46060399444642713,0.0
2011-08-19,0.1319939873627103,-1.3508252300541912,1.0
2011-08-26,0.18356567577326283,1.3285463298434452,1.0
2011-09-02,0.21446537797801624,-2.283123148891009,2.0
2011-09-09,-0.27596945771818876,-2.4130889657377654,1.0
2011-09-16,-0.6300290220378456,0.49996160998179623,1.0
2011-09-23,-0.4520449398804205,0.5331401732955531,1.0
2011-09-30,-0.10771588316910449,-2.2550461711478484,1.0
2011-10-07,0.0802993047484502,-0.7349454886625819,1.0
2011-10-14,0.2972925851491013,1.5261816761092033,1.0
2011-10-21,0.4014237242479794,1.650951997462502,1.0
2011-10-28,0.16864784523106738,0.028549135443054034,1.0
2011-11-04,-0.023571142196755695,-0.5662582211325505,1.0
2011-11-11,-0.2884087210657086,1.7095664579871852,1.0
2011-11-18,-0.5370383640630869,-0.041158941061471124,0.0
2011-11-25,-0.4844588323750489,-0.24518187021649954,1.0
2011-12-02,-0.5232451651903173,-0.027487732254454368,1.0
2011-12-09,-0.529568528926694,1.48273932080662,0.0
2011-12-16,-0.4561185373409111,0.27947682517764466,1.0
2011-12-23,-0.3965957434998922,0.7937655455641667,1.0
2011-12-30,-0.5032875510229415,-0.38847788318393345,1.0
2012-01-06,-0.29367099333750474,-0.23193810094808742,1.0
2012-01-13,-0.38999224551127787,-0.44713486657913737,1.0
2012-01-20,-0.6537536012031762,0.05345504998018553,1.0
2012-01-27,-0.7542397999147281,-0.14781307403622773,1.0
2012-02-03,-1.0381657266610627,1.283311592725259,1.0
2012-02-10,-1.1025598295535102,-0.6205285514024221,1.0
2012-02-17,-1.1221524883640532,0.20257454740697528,1.0
2012-02-24,-1.0751012317511706,0.14252137509129614,1.0
2012-03-02,-0.8668877831398206,-0.2951494220771704,1.0
2012-03-09,-0.740033033245226,0.3162630755930334,1.0
2012-03-16,-0.7175317114164784,0.09342945617350874,1.0
2012-03-23,-0.6975285959067339,0.26996617433492615,1.0
2012-03-30,-0.840872335049858,0.32221567272140805,1.0
2012-04-06,-0.9244293927104096,-0.06201006510598914,2.0
2012-04-13,-0.8489639270600933,-1.1223548826292644,1.0
2012-04-20,-0.7917260695344794,0.09785875199679611,1.0
2012-04-27,-0.8602333355725162,0.2083757472858431,1.0
2012-05-04,-0.9369353763965386,-1.4536421810793212,1.0
2012-05-11,-0.9654742961030032,-0.30778157581413323,1.0
2012-05-18,-1.0267889931848249,-0.6654419948909664,0.0
2012-05-25,-0.718028415087346,-0.19884036629110444,1.0
2012-06-01,-0.5211459678558447,-2.2248140194167014,2.0
2012-06-08,-0.44524199246310786,0.712572993341982,1.0
2012-06-15,-0.4385077094725898,0.9085005024095814,1.0
2012-06-22,-0.4592412207627561,0.6296578508823122,0.0
2012-06-29,-0.23712339569186686,2.1827795189277284,1.0
2012-07-06,0.1636007669785152,-0.8488216749385133,1.0
2012-07-13,0.32074340575836724,1.4489791624968815,1.0
2012-07-20,0.3139023638734869,-0.9053060928874997,1.0
2012-07-27,0.22954558872996222,1.6746720924912986,1.0
2012-08-03,-0.4163807640635605,1.6711572723762926,1.0
2012-08-10,-0.5755043306198899,0.18833564176088027,1.0
2012-08-17,-0.6365080686680339,0.1602654120057781,1.0
2012-08-24,-0.7881543717853093,0.5660774199417593,1.0
2012-08-31,-0.8232343565358141,0.44393924639223886,1.0
2012-09-07,-0.9873926526468654,0.35335504962901926,1.0
2012-09-14,-1.0299576694795733,0.3452932659028718,1.0
2012-09-21,-0.636256630189243,-0.012753673342432399,1.0
2012-09-28,-0.5496121292198796,-0.4051277096028565,1.0
2012-10-05,-0.39499372157468426,-0.034657258190757156,1.0
2012-10-12,-0.17993141896564716,-0.2702072438775672,1.0
2012-10-19,-0.26780581906885564,-1.4919814780325111,1.0
2012-10-26,-0.33018697420071486,-0.07090308146247215,2.0
2012-11-02,-0.34216032559265397,-0.8440464425964304,1.0
2012-11-09,-0.24960800984712345,0.14486985581905412,2.0
2012-11-16,-0.27731203278973854,0.4232916354486865,1.0
2012-11-23,-0.40544995599528266,1.1448110109094147,1.0
2012-11-30,-0.540778918718691,0.00839379097039238,1.0
2012-12-07,-0.7381224383321642,0.25330420882593035,1.0
2012-12-14,-1.1294614566254841,-0.37455289154217,1.0
2012-12-21,-1.1135002998579262,-0.8439776341837886,1.0
2012-12-28,-1.0599821340425506,-0.9941251890085088,1.0
2013-01-04,-1.044772207050665,0.42551696943780815,1.0
2013-01-11,-1.106505006201305,-0.010280998719327833,1.0
2013-01-18,-1.1408217188124197,0.29606136209372946,1.0
2013-01-25,-1.1903172007680498,0.4768622101731069,1.0
2013-02-01,-1.2849828213133228,0.8834033876700707,1.0
2013-02-08,-1.2384840405609494,0.4956505084978854,1.0
2013-02-15,-1.2762281354924971,-0.09903674037618204,1.0
2013-02-22,-1.2335017990780979,0.770621639841532,1.0
2013-03-01,-1.1312774491436572,0.20034999686933488,1.0
2013-03-08,-1.124867439368478,0.39153293657202465,1.0
2013-03-15,-1.1532227259708434,-0.1500918476126165,1.0
2013-03-22,-1.0817159643382046,0.629627133906835,0.0
2013-03-29,-1.1692331642906553,0.35394802819969595,1.0
2013-04-05,-1.0338238864564588,-0.38879573415305535,1.0
2013-04-12,-0.8288210425984667,-0.2586697098348783,1.0
2013-04-19,-0.7192498373688584,0.7772709587683216,1.0
2013-04-26,-0.7225534744790368,-0.17001411070035918,1.0
2013-05-03,-0.6852846411661465,0.9258244405584788,0.0
2013-05-10,-0.6878278648767213,0.3774132129145572,1.0
2013-05-17,-0.8378788070666155,0.905180659629651,2.0
2013-05-24,-0.8871657631447314,-0.055098689386586935,1.0
2013-05-31,-0.9547297291883619,-1.2874957134041776,1.0
2013-06-07,-1.081345644094274,1.1277121164380184,1.0
2013-06-14,-1.0760679482232633,-0.5309183520545181,0.0
2013-06-21,-0.8748696804171469,0.23103392830375266,1.0
2013-06-28,-0.7668576314924134,-0.3883194427618609,1.0
2013-07-05,-0.8398053081266117,0.8965225022350962,1.0
2013-07-12,-0.800677352983213,0.2679826641565791,1.0
2013-07-19,-0.8230060682885154,0.13700050233643796,1.0
2013-07-26,-1.1615572649309167,0.0675686115236483,1.0
2013-08-02,-1.1839409557028953,0.13970008923787833,0.0
2013-08-09,-1.2917364283254569,-0.32407741621901875,1.0
2013-08-16,-1.2482939529187476,-0.30039881115489914,0.0
2013-08-23,-1.2530310965937355,0.344235663877485,0.0
2013-08-30,-0.9957099797500285,-0.2887764624013593,0.0
2013-09-06,-0.8874210243669274,-0.0012157055277308888,1.0
2013-09-13,-0.7717885562023776,0.2350161568781182,1.0
2013-09-20,-0.6784265637908227,-0.6501339924719568,1.0
2013-09-27,-0.6952427024285446,-0.36905261169090464,1.0
2013-10-04,-0.953347802460285,0.6189405573749527,1.0
2013-10-11,-1.0296316991894578,0.5511922613613661,1.0
2013-10-18,-1.104291611444552,0.5743844036707278,1.0
2013-10-25,-1.1169310274575746,0.38389312861103214,1.0
2013-11-01,-0.9178033198468528,0.25175270711051606,0.0
2013-11-08,-0.7935443178002347,1.180025342011525,1.0
2013-11-15,-0.7837401764419256,0.36859221740324316,1.0
2013-11-22,-0.7421147312112126,0.434043896782977,1.0
2013-11-29,-0.8189304547735107,-0.07594957299766557,1.0
2013-12-06,-0.8899017008756855,0.9876824253028599,1.0
2013-12-13,-0.9458781386543763,-0.015073994330262287,2.0
2013-12-20,-0.9975446259759205,0.4214136324126565,1.0
2013-12-27,-1.1056680243462809,-0.03599110518966578,1.0
2014-01-03,-1.0725057739237314,-0.03566915825834964,1.0
2014-01-10,-1.0812390594692451,0.1988268286989697,1.0
2014-01-17,-1.154892359603103,-0.353104939400828,1.0
2014-01-24,-1.1808458185739386,-1.8820248672374298,1.0
2014-01-31,-1.147040658472123,-0.5828398592123385,1.0
2014-02-07,-1.313988208544029,1.168997460020394,1.0
2014-02-14,-1.2031130355625117,0.42057187700698806,1.0
2014-02-21,-1.1611432251532863,-0.17683942781102976,1.0
2014-02-28,-1.179916769855505,0.24104718702576683,1.0
2014-03-07,-1.0483480075256197,0.04178016648697737,1.0
2014-03-14,-1.1065424114988573,-0.2573330195429346,1.0
2014-03-21,-1.0752529187352815,-0.26722253857140865,1.0
2014-03-28,-1.1040869319425977,0.40561492009625927,1.0
2014-04-04,-1.1867947714736178,-1.1279638078927623,1.0
2014-04-11,-1.129011251108023,-0.8536805551586444,2.0
2014-04-18,-1.1343116032587324,0.11514025490568647,1.0
2014-04-25,-1.139222402693628,-0.7289461316774626,1.0
2014-05-02,-1.1273260001651881,-0.1260452499508791,0.0
2014-05-09,-1.2259863363519423,0.1289589319483695,1.0
2014-05-16,-1.2922062212795138,0.32651505590072893,1.0
2014-05-23,-1.2972521981461123,0.370926162656933,1.0
2014-05-30,-1.4128251288580618,0.15773968952654738,2.0
2014-06-06,-1.4838458885032402,0.4045117613887398,1.0
2014-06-13,-1.3610292453761499,0.27224467996831136,1.0
2014-06-20,-1.2361003946467073,0.14765424979970249,1.0
2014-06-27,-1.224965759232146,0.16370333043685922,1.0
2014-07-04,-1.2001088537699922,0.479871522978013,1.0
2014-07-11,-1.2050115886010924,0.12464781090667114,1.0
2014-07-18,-1.284587245694974,0.9020858449381998,1.0
2014-07-25,-1.2475585424692315,-0.43830845526175644,1.0
2014-08-01,-1.1877021125367206,-0.2606631906414538,1.0
2014-08-08,-1.2050680006890064,1.013490506468909,1.0
2014-08-15,-1.172690434722597,-0.011513452047159329,1.0
2014-08-22,-1.1146042858416456,-0.18342050513370675,1.0
2014-08-29,-1.192940131993214,0.28871822726089785,1.0
2014-09-05,-0.9348223569013013,0.4406293277402419,1.0
2014-09-12,-0.9167178334964512,-0.537854784311765,1.0
2014-09-19,-0.9214565144863668,-0.048506430552587625,1.0
2014-09-26,-0.8171226717985052,0.7532857888911869,1.0
2014-10-03,-0.9081766435319197,0.981319112255843,1.0
2014-10-10,-0.9574171207640508,-1.0301956431472885,1.0
2014-10-17,-0.676423313180305,1.132327147414182,0.0
2014-10-24,-0.5817336975213958,0.6189604292522365,1.0
2014-10-31,-0.5669871114776915,1.0310699557465823,1.0
2014-11-07,-0.5280697100342917,0.02502523653288496,1.0
2014-11-14,-0.7310387578388955,0.015307332960962256,1.0
2014-11-21,-0.6928469594328793,0.45841092017338864,1.0
2014-11-28,-0.3947251009730147,-0.23242536960112528,1.0
2014-12-05,0.6289880946173817,0.1418980585254056,1.0
2014-12-12,0.8312730085865819,-1.4596418604966237,1.0
2014-12-19,0.8849312719036424,0.39940349535031994,0.0
2014-12-26,1.008012279211812,0.28775746617614417,1.0
2015-01-02,0.09479055954411458,-0.0362917079818141,1.0
2015-01-09,0.3794744586333104,-0.756510428649216,1.0
2015-01-16,0.565237146992097,1.179730506493564,1.0
2015-01-23,0.5397809307582337,-0.49572731360444944,0.0
2015-01-30,0.5681470073645302,-1.1689180982457281,1.0
2015-02-06,1.159871040639921,-0.31053254002326053,1.0
2015-02-13,1.241932483927657,0.3555482817679538,1.0
2015-02-20,1.7049677224960536,0.5370753872684375,1.0
2015-02-27,1.7972545882436115,-0.2693302878778425,1.0
2015-03-06,1.4458572332520707,-1.2754714186888194,1.0
2015-03-13,1.1083205896103658,-0.5478881726956426,1.0
2015-03-20,0.7241676086240445,0.7918004600897416,1.0
2015-03-27,0.6465557537284691,0.2043161018576604,1.0
2015-04-03,0.5687542068944739,0.30726216819989993,1.0
2015-04-10,1.0425355824187663,0.4554021285959552,1.0
2015-04-17,0.984018527045441,-1.0176239991659044,1.0
2015-04-24,0.997184892822951,0.194045971673278,1.0
2015-05-01,0.6533308158056417,0.9599899974855111,1.0
2015-05-08,-0.024675819404520263,1.1826876420863872,1.0
2015-05-15,-0.24150105622416748,0.06224808230834812,1.0
2015-05-22,-0.46056275829243826,-0.2049231338151145,1.0
2015-05-29,-0.2554158662365592,-0.5696991761524338,1.0
2015-06-05,-0.005746328813914411,-0.13385809274434834,0.0
2015-06-12,0.07645882293990502,-0.6301991681995526,2.0
2015-06-19,0.08209008856895914,-0.47891710955875916,1.0
2015-06-26,-0.13066389321573485,-0.040749826348040454,1.0
2015-07-03,-0.3182512658496758,-0.033450485817539205,1.0
2015-07-10,0.4548490684574786,1.0844127283103866,1.0
2015-07-17,0.4274223467794562,0.09225558928033548,2.0
2015-07-24,0.41418264537246186,-0.9629641493432828,1.0
2015-07-31,0.38498149709566654,-0.20827721092267815,1.0
2015-08-07,-0.30690389974904425,-0.262068772150555,1.0
2015-08-14,-0.1771886577944267,0.3411313744720281,1.0
2015-08-21,-0.14726972857002024,-2.8844443493465093,1.0
2015-08-28,0.6474799926298793,0.04805875553966018,1.0
2015-09-04,1.832723698018259,-1.3797745313946317,1.0
2015-09-11,1.9238998549166393,0.39205560548066604,1.0
2015-09-18,2.08024002929466,-1.4551747994883246,1.0
2015-09-25,1.9261382605529327,-0.04748543599619155,1.0
2015-10-02,0.6100142229932363,1.2578854160024115,1.0
2015-10-09,0.40302192670186354,0.05840033571279272,1.0
2015-10-16,0.4400473586844919,0.3994411461476098,1.0
2015-10-23,0.09407189194015188,0.9694316713157011,1.0
2015-10-30,0.12395664043306052,-0.4347991437363449,0.0
2015-11-06,0.11031779343821743,-0.03697288980839233,1.0
2015-11-13,-0.10776803401532364,-1.0082813549515859,1.0
2015-11-20,0.04523277862922602,0.33211657035323416,1.0
2015-11-27,-0.014183756799147546,0.046715156216211924,1.0
2015-12-04,-0.06482134246534271,1.8006805130054728,1.0
2015-12-11,0.21524536416957188,-1.7501909038358752,1.0
2015-12-18,0.26438091545714526,-1.6029003277666363,2.0
2015-12-25,0.33869878559072,-0.14832597260478794,1.0
2016-01-01,0.4867167988953798,-0.8469601832637191,1.0
2016-01-08,0.43481380871380054,-0.9751037058812076,1.0
2016-01-15,0.6837040980621085,-1.9477706208316856,1.0
2016-01-22,1.3092896227676878,1.7795941132318307,1.0
2016-01-29,1.978340133641246,2.1688947492132136,1.0
2016-02-05,2.1385180712395484,-1.6648501119159922,1.0
2016-02-12,2.424005845957461,1.7128381519401794,1.0
2016-02-19,2.846598928828361,-0.008370757449096615,1.0
2016-02-26,2.3885019187525174,-0.17250873053156837,1.0
2016-03-04,2.1485831429182367,0.28743110634759006,1.0
2016-03-11,1.9686080451958068,1.4400678063213772,1.0
2016-03-18,1.0038589226492634,0.38484931114149773,1.0
2016-03-25,0.5364003541227308,-0.03968150165635947,1.0
2016-04-01,0.4449897976178428,0.5551372175947141,1.0
2016-04-08,0.37815860961417536,0.24139206137263014,1.0
2016-04-15,0.6017205938370429,-0.09362501027506095,1.0
2016-04-22,0.6046494326549332,-0.001800029433639685,0.0
2016-04-29,0.7344039527277424,-0.4574273057250808,1.0
2016-05-06,0.5322041650224169,0.2757972969870192,1.0
2016-05-13,0.4599690760960481,-0.7631896570533522,1.0
2016-05-20,0.3996987819793787,0.5276153869430888,1.0
2016-05-27,0.16295995211245246,0.3743321151056238,1.0
2016-06-03,-0.07392500394093493,-0.2653624460378482,1.0
2016-06-10,-0.533636580786227,-0.8257116625155164,1.0
2016-06-17,-0.6415194562975938,-0.29623865725323295,1.0
2016-06-24,-0.14423049759645928,-3.2589504307313386,2.0
2016-07-01,0.32405033202672845,0.16705228584743084,1.0
2016-07-08,0.6062515046890762,1.340085789402368,1.0
2016-07-15,0.8611036206918129,-0.08869948789053148,1.0
2016-07-22,0.7286251920475443,0.3979797242700645,1.0
2016-07-29,0.4420816973555883,0.138887864002499,1.0
2016-08-05,0.20505618179566262,0.7557255106306815,1.0
2016-08-12,-0.08878712643679715,-0.07687125954557344,1.0
2016-08-19,0.015861182405935342,-0.13422217571647815,1.0
2016-08-26,0.06157476790627027,-0.14656073615491044,1.0
2016-09-02,0.012222225532019203,0.36673329911141095,1.0
2016-09-09,-0.02819657398472351,-2.2138272454079604,1.0
2016-09-16,-0.008105835888572704,-0.3421359927075447,1.0
2016-09-23,-0.06556265116362832,-0.5176591274227595,1.0
2016-09-30,0.32820356318500943,0.6996765671584331,1.0
2016-10-07,0.4257208081809552,-0.29583879437513494,0.0
2016-10-14,0.1795642672442071,0.011869797717660916,1.0
2016-10-21,0.1105748770552652,-0.013538271283124813,1.0
2016-10-28,-0.32636034564083494,-0.28288731649695337,1.0
2016-11-04,-0.5438711501681138,-0.15433763872008185,1.0
2016-11-11,-0.5764934123103472,-0.1304534862979096,1.0
2016-11-18,-0.1566291782002873,-0.21855211272324662,0.0
2016-11-25,0.05939808760186949,0.34134597719436377,1.0
2016-12-02,0.6631155535220273,0.029240444299576913,1.0
2016-12-09,1.201353976244569,0.5204978831541895,1.0
2016-12-16,1.1219515334345285,-0.1618638165085171,1.0
2016-12-23,0.9698505915786239,0.10518160021665167,1.0
2016-12-30,0.45625792904826945,-0.41935783353539147,1.0
2017-01-06,-0.6225131258349925,0.3061361180986416,1.0
2017-01-13,-0.42923298403736854,0.15828665413389978,1.0
2017-01-20,-0.44674994712819655,0.2927793428411285,1.0
2017-01-27,-0.40833846909128707,-0.08313824612372853,1.0
2017-02-03,-0.3826404702027573,0.6376171878914052,0.0
2017-02-10,-0.5942123375452842,0.31048604935161084,1.0
2017-02-17,-0.7711629551987976,0.14308231845550984,1.0
2017-02-24,-0.8504101076576405,0.12664043104294798,1.0
2017-03-03,-0.9104542121678669,0.0387394954278486,0.0
2017-03-10,-0.6826869244994848,0.2841320277101506,1.0
2017-03-17,-0.5401890467177148,-0.12300621890392759,1.0
2017-03-24,-0.5733385555346996,-0.08113859730684887,1.0
2017-03-31,-0.565946509186888,-0.20680909500353603,1.0
2017-04-07,-0.7679127885892995,-0.07963758960813411,1.0
2017-04-14,-0.9857008257252873,-0.6141169527829785,1.0
2017-04-21,-0.8369567010862816,-0.2763556996309754,1.0
2017-04-28,-0.7159454684161074,-0.17634259389709095,1.0
2017-05-05,-0.5969516026098067,0.35678433535366594,1.0
2017-05-12,-0.36610734025233554,-0.13762134778496696,1.0
2017-05-19,-0.3349582776378855,0.5937072946096167,1.0
2017-05-26,-0.3320377879865638,0.021555141742336078,1.0
2017-06-02,-0.16061432407235035,0.3230391935740862,1.0
2017-06-09,-0.2905914346548987,-0.0798920357962087,1.0
2017-06-16,-0.21604712826118472,0.019162863406567462,1.0
2017-06-23,-0.17312612560621374,0.13263817666687727,1.0
2017-06-30,-0.38990227355775336,0.1301802452339276,1.0
2017-07-07,-0.5447633517703898,0.5615177951564184,1.0
2017-07-14,-0.6359337631251984,0.4085606846326918,1.0
2017-07-21,-0.7621574132383896,-0.03877426337697205,0.0
2017-07-28,-0.6072181488180034,-0.12539260860019463,1.0
2017-08-04,-0.5796901959978752,0.16177157078621596,1.0
2017-08-11,-0.6982725475296858,0.10730016804310016,1.0
2017-08-18,-0.6099487577127635,-0.16941315275840227,1.0
2017-08-25,-0.6616368624115309,0.14257744081710433,1.0
2017-09-01,-0.6310617041062732,0.1700642826767778,1.0
2017-09-08,-0.4551084970710133,-0.13854835844178462,1.0
2017-09-15,-0.5267460311878467,0.15805066441090718,1.0
2017-09-22,-0.7619632468124151,0.051529694820659847,1.0
2017-09-29,-0.5960203729861632,0.32280696526826536,2.0
2017-10-06,-0.6894026514609747,-0.10157847557594002,1.0
2017-10-13,-0.5824905866733568,0.07199438795662476,1.0
2017-10-20,-0.5567241135894121,0.44779198604921433,1.0
2017-10-27,-0.742838929612041,0.7089439495587975,1.0
2017-11-03,-0.7803965469508957,0.26892161751741295,1.0
2017-11-10,-0.6667212124142683,-0.08591332717971735,1.0
2017-11-17,-0.6964649759103577,-0.23987292673645214,1.0
2017-11-24,-0.6745816205442268,0.17659182714449811,1.0
2017-12-01,-0.761036421244834,-0.18626677223384594,1.0
2017-12-08,-0.9120523247283631,0.482241496846489,1.0
2017-12-15,-0.6950675700403955,0.78841524803532,1.0
2017-12-22,-0.758991681962408,-0.04680693466225016,1.0
2017-12-29,-0.6449562687558664,-0.46815887430817166,1.0
2018-01-05,-0.6726425950434378,0.6172224814910197,1.0
2018-01-12,-0.9094971331663817,0.5921265173020689,1.0
2018-01-19,-1.0394615261398532,0.3830424496681372,0.0
2018-01-26,-1.0950634386966551,1.0407202858274256,0.0
2018-02-02,-1.1801247835835411,-1.9122819197779373,2.0
2018-02-09,-1.0762179218444092,1.31229349570009,1.0
2018-02-16,-0.8179431899763185,0.027148244333833678,1.0
2018-02-23,-0.7788546410193744,1.4079426248279319,1.0
2018-03-02,-0.7272580152455076,0.4437894739862291,0.0
2018-03-09,-0.6015909043955429,1.5260569998173528,1.0
2018-03-16,-0.7003935415097821,0.14529194642505003,1.0
2018-03-23,-0.6007472254612725,-1.8903290733541873,1.0
2018-03-30,-0.5284730004138037,1.2100431556693088,1.0
2018-04-06,-0.529634372802308,-1.9769637268404334,2.0
2018-04-13,-0.41998363963712537,-0.26311602238534565,1.0
2018-04-20,-0.38741679559415704,-0.7684132966204458,1.0
2018-04-27,-0.5289504867374037,0.09291661569300713,0.0
2018-05-04,-0.5842355916578506,1.1259243526727294,1.0
2018-05-11,-0.688909379672306,0.14566020771061083,1.0
2018-05-18,-0.7370538560610232,-0.24042854570632916,1.0
2018-05-25,-0.7453411283246983,-0.2159156790681602,1.0
2018-06-01,-0.5527789254107955,0.953500635169276,1.0
2018-06-08,-0.5547699054507852,0.2714772436644534,1.0
2018-06-15,-0.5735838035814912,-0.09654621525543453,1.0
2018-06-22,-0.3159220158420433,0.15936012700595012,1.0
2018-06-29,-0.27914287894853357,0.06135858515404016,1.0
2018-07-06,-0.34943950650219,0.7449497802371777,1.0
2018-07-13,-0.027992055447630462,0.08986211469142753,1.0
2018-07-20,0.2729144981540249,-0.09043516136677549,2.0
2018-07-27,0.07019162387226577,-0.59151385809689,1.0
2018-08-03,-0.01492217830043837,0.4059655298941344,1.0
2018-08-10,-0.36679396261057906,-0.6409089103104428,1.0
2018-08-17,-0.961683343416304,0.2889576136201944,0.0
2018-08-24,-0.8136965830543593,0.5434657201203091,1.0
2018-08-31,-0.7298059377374781,0.005901630879247234,1.0
2018-09-07,-0.8019964953573695,-0.20309244167604,1.0
2018-09-14,-0.8369268831865664,0.01843766953499775,1.0
2018-09-21,-0.8981451157513742,-0.03883309590353032,1.0
2018-09-28,-0.8501550290307648,-0.00666670285874184,1.0
2018-10-05,-0.7406434885459201,-0.49898710093948295,1.0
2018-10-12,-0.6273139752264075,1.2483210096454376,2.0
2018-10-19,-0.5133405017828638,-0.03817810252686995,1.0
2018-10-26,-0.41988890795261374,-1.560363116426308,1.0
2018-11-02,-0.4103406565185502,-0.569539635868423,1.0
2018-11-09,-0.4071034469543048,-0.8278505860404797,1.0
2018-11-16,-0.05525331633970084,0.19142901442219318,0.0
2018-11-23,0.3670107641699265,-0.5908544957930643,1.0
2018-11-30,0.8822518703681433,0.7175639990739707,1.0
2018-12-07,1.0267504917950845,-2.1043261443740926,1.0
2018-12-14,1.0596756289139804,-1.71972075505452,1.0
2018-12-21,1.0539508391633616,-1.855943501917751,2.0
2018-12-28,1.2234419202205726,-0.11653032852750116,1.0
2019-01-04,1.4077884419714608,2.9959504596825455,2.0
2019-01-11,1.2994121577127247,-0.019066063044357297,1.0
2019-01-18,1.297743423156638,1.1585684447876827,1.0
2019-01-25,0.7340404187654602,0.7456033773546528,1.0
2019-02-01,0.009716851251118777,0.07381594991199704,1.0
2019-02-08,-0.326357581769191,0.054054107853237256,1.0
2019-02-15,-0.5919589442802436,0.9560976440581815,1.0
2019-02-22,-0.669673371951499,0.5622226144865425,1.0
2019-03-01,-0.6065720633952372,0.6049964422753066,1.0
2019-03-08,-0.6746646726081644,-0.19581549137232182,1.0
2019-03-15,-0.7549586584689453,0.4361183865741291,1.0
2019-03-22,-0.9354991991075388,-1.7095492206842589,1.0
2019-03-29,-1.2314050243784194,0.5907730689487307,1.0
2019-04-05,-1.2070091445609241,0.40527953415811147,1.0
2019-04-12,-1.1443695426601495,0.5797351949886128,1.0
2019-04-19,-1.1078068620460895,0.1342519854996269,1.0
2019-04-26,-0.9547034299530589,0.40960412742051927,1.0
2019-05-03,-0.7778028581388418,0.8469104226340495,1.0
2019-05-10,-0.7150535660365381,0.3241524679139498,1.0
2019-05-17,-0.7308254393041869,-0.5266532319234714,1.0
2019-05-24,-0.7086444998787007,0.11422612639347708,1.0
2019-05-31,-0.38688164290707433,-1.1872458010250146,1.0
2019-06-07,-0.06326676780447339,0.9225711983902527,1.0
2019-06-14,0.16893822631189628,-0.14947276494251838,0.0
2019-06-21,0.31566289373794937,-0.11810092945651626,1.0
2019-06-28,0.14044919518281312,0.5044492515843987,1.0
2019-07-05,0.14022778258662036,-0.16678817731057538,1.0
2019-07-12,0.14893848863161802,0.40384045549694425,1.0
2019-07-19,0.12684179153207137,-0.5570163881945631,1.0
2019-07-26,0.03177570172851421,0.6484693238543462,1.0
2019-08-02,-0.22499773173502619,-0.6560326997681726,1.0
2019-08-09,0.023893968419015428,-0.5963831783438244,1.0
2019-08-16,0.2145500798583892,1.2676016636045557,1.0
2019-08-23,0.2582350840986846,-2.3437569141830403,1.0
2019-08-30,0.23188742540174584,0.05108478928312739,1.0
2019-09-06,0.042058880894786835,0.07488162948534371,1.0
2019-09-13,-0.23318460526099455,-0.07049663924656914,1.0
2019-09-20,1.484880852348251,-0.4424570117428837,1.0
2019-09-27,1.5645486634775596,-0.48006594348286175,1.0
2019-10-04,1.5499272254613488,1.2492591382577334,1.0
2019-10-11,1.526963965939409,0.9613952664544472,1.0
2019-10-18,-0.2797278694205666,-0.355262704458684,0.0
2019-10-25,-0.4089505571744604,0.3553677920776976,1.0
2019-11-01,-0.6923063507933841,0.8490270775208756,1.0
2019-11-08,-0.6511935961517946,0.22135762938633802,0.0
2019-11-15,-0.7878058996034959,0.6756348522954781,1.0
2019-11-22,-0.6541745337253152,0.1871372433023332,1.0
2019-11-29,-0.5685454031786491,-0.36346506070137613,1.0
2019-12-06,-0.47307273994324284,0.8026370273975795,1.0
2019-12-13,-0.41882452496369615,0.00039821193332604903,1.0
2019-12-20,-0.5335001070813818,0.4325682372187087,1.0
2019-12-27,-0.691971299260884,-0.0030337941430451784,2.0
2020-01-03,-0.7693000803733802,-0.6360712104417364,1.0
2020-01-10,-0.5950682590365098,-0.2603116096332453,1.0
2020-01-17,-0.5026135668764016,0.33671996275796584,1.0
2020-01-24,-0.4284883691038063,-0.8137742972950571,1.0
2020-01-31,-0.2924340285950182,-1.5946258620188203,1.0
2020-02-07,-0.006062683884327565,-0.4876205724598357,0.0
2020-02-14,0.17023229835888745,0.1577268538881653,1.0
2020-02-21,0.24873312856826807,-0.946316637859248,0.0
2020-02-28,0.3973390335365223,-0.7416727275556944,2.0
2020-03-06,0.38740220434116635,-1.5356250813284889,1.0
2020-03-13,4.670662965568463,7.891104699763582,0.0
2020-03-20,5.846275313525106,-3.9478263121336776,0.0
2020-03-27,6.393096777413804,-3.053274905586685,1.0
2020-04-03,7.341722334960769,-1.362394604093843,1.0
2020-04-10,6.6681811709320105,1.2729737259319596,0.0
2020-04-17,6.073275321117519,2.3451662524668615,1.0
2020-04-24,7.123821973581327,1.2230538362813972,0.0
2020-05-01,7.332544087975462,-2.536839317204526,0.0
2020-05-08,6.139000244823005,1.4817062208468175,1.0
2020-05-15,6.173784390202144,0.3424067989380347,1.0
2020-05-22,4.06484942950118,0.20299869538973261,1.0
2020-05-29,3.0477573535360682,0.4208479105933852,1.0
2020-06-05,2.198408452882411,2.294753774012731,1.0
2020-06-12,1.9442385092888443,1.147841929512886,1.0
2020-06-19,1.6739703331797786,-0.5098534704376525,1.0
2020-06-26,1.6237720372500501,-2.1869244746579093,1.0
2020-07-03,1.0696744572536148,0.39685427977759613,2.0
2020-07-10,0.555535073469735,0.9197994976299194,0.0
2020-07-17,0.039001527799391075,0.2468928718236277,2.0
2020-07-24,-0.18737629534776978,-0.5582391370121341,1.0
2020-07-31,-0.5026953360423192,0.6734302115329505,1.0
2020-08-07,-0.6762491546494666,0.050217651998367724,1.0
2020-08-14,-0.6893561011152111,-0.021341515067466565,1.0
2020-08-21,-0.7613156939610548,0.29941445688514406,1.0
2020-08-28,-0.7428111894870599,0.5906216148817408,1.0
2020-09-04,-0.815519487839569,-0.7322306135724772,1.0
2020-09-11,-0.032328736836600085,0.04133426645154059,0.0
2020-09-18,0.1169667547739429,-1.0060526204788107,1.0
2020-09-25,0.34180859616227316,1.4034218376525827,1.0
2020-10-02,0.4188434892780746,-0.8618395706127284,1.0
2020-10-09,0.407830764654121,0.7724785234849245,2.0
2020-10-16,0.3232153193969105,0.005940934147439803,1.0
2020-10-23,0.17174547891759165,0.29982691440153714,1.0
2020-10-30,0.44827308261062665,-1.0912535372227496,0.0
2020-11-06,0.47772093805310906,-0.03164412763942225,1.0
2020-11-13,0.967274608386854,1.1960616329160336,0.0
2020-11-20,0.9587728705387509,-0.612135476290349,1.0
2020-11-27,0.8275279211241737,0.20683711138973687,2.0
2020-12-04,0.46820342078368204,0.7762460847713918,1.0
2020-12-11,-0.3571203421340945,-0.11861506814716455,1.0
2020-12-18,-0.5548594361894701,-0.31882638261920276,1.0
2020-12-25,-0.6179360518512702,0.3078755341460052,1.0
2021-01-01,-0.7555936487083298,0.5646738830950387,1.0
2021-01-08,-0.4830344001130932,0.4809641416151435,1.0
2021-01-15,-0.3577475302994907,-0.6477283285313031,1.0
2021-01-22,-0.33353785593174445,-0.27417392037274296,1.0
2021-01-29,-0.4900994992235579,-1.740098959030026,1.0
2021-02-05,-0.6142119756395708,0.33984974872252766,1.0
2021-02-12,-0.8074195340047,0.4118824028613034,1.0
2021-02-19,-0.8155713239379256,-0.17115298100253012,0.0
2021-02-26,-0.5252924741635142,-0.42946822961906417,1.0
2021-03-05,-0.14109441850857427,1.7109121680716193,1.0
2021-03-12,0.1467657940987461,0.08419126227031548,1.0
2021-03-19,0.3022136067796373,-0.05966653080926112,0.0
2021-03-26,0.9104297319467421,1.4606867872011366,1.0
2021-04-02,1.0405259967357763,1.0393146106488511,1.0
2021-04-09,0.7952738597537287,0.6777920809600803,0.0
2021-04-16,0.756468062885476,0.3142756667132009,0.0
2021-04-23,0.06819454247078759,0.9604909334778873,1.0
2021-04-30,-0.6542270629334658,-0.6481473914170401,1.0
2021-05-07,-0.5912927600815847,0.6472026652752029,0.0
2021-05-14,-0.5957666054559141,1.3107047306734463,1.0
2021-05-21,-0.47274034591491787,-0.07578858738147327,1.0
2021-05-28,-0.28289255837734334,0.06228966519406418,1.0
2021-06-04,-0.3683836610281121,0.7760539803250092,1.0
2021-06-11,-0.4229878464889931,0.16703740357906519,2.0
2021-06-18,-0.7065375368273924,-1.1808566814517134,1.0
2021-06-25,-1.0098873406041142,0.28962069794757056,1.0
2021-07-02,-1.0305800532697666,0.6583896482074645,1.0
2021-07-09,-0.9304287623145978,0.9912065575286791,1.0
2021-07-16,-0.77168805091472,-0.6789773340793315,1.0
2021-07-23,0.030006028828960512,0.8915682752606068,1.0
2021-07-30,0.09801441056840252,-0.4880849845837629,0.0
2021-08-06,0.30928054029445595,0.14279022421006735,0.0
2021-08-13,0.34033384664216965,0.1367569176749549,1.0
2021-08-20,-0.27412316964622246,0.7149902107825257,1.0
2021-08-27,0.15148359997937075,0.7737213512681519,1.0
2021-09-03,-0.007877390292925416,-0.03585294024568443,1.0
2021-09-10,-0.07214481764603252,-0.6954404016860919,1.0
2021-09-17,-0.04821951078457732,-0.8199403331052353,1.0
2021-09-24,-0.4415732359209477,0.12376753989865502,2.0
2021-10-01,-0.6411899230070195,1.0099806536697982,0.0
2021-10-08,-0.6188189646334629,-0.1763939144391728,1.0
2021-10-15,-0.6946497286377278,0.6548704750744577,1.0
2021-10-22,-0.8238542743568766,-0.1014822655587518,0.0
2021-10-29,-0.8754749826385733,0.16711728352391553,1.0
2021-11-05,-0.8866734724245877,0.3252600976962941,2.0
2021-11-12,-0.6449415985211395,0.6339002458138931,2.0
2021-11-19,-0.543372355985572,-0.13051717844345473,1.0
2021-11-26,0.009411380236841653,-2.0501428533315065,1.0
2021-12-03,1.1569835119411704,-0.760523815604761,1.0
2021-12-10,1.2612388399258194,0.8390532818670821,1.0
2021-12-17,1.2572145779385357,-0.925611260716246,1.0
2021-12-24,1.2814228334482833,0.5456627331230928,1.0
2021-12-31,-0.03223277986298823,-0.23989225823808444,2.0
2022-01-07,-0.4229890900099351,-0.3669468499077407,2.0
2022-01-14,-0.4100512531826911,0.06682990847017224,1.0
2022-01-21,-0.5498905818512355,-1.7041398390750329,0.0
2022-01-28,-0.6693134092511445,2.133086732662444,0.0
2022-02-04,-0.560799631483383,0.45133845848056625,1.0
2022-02-11,-0.5210768440774167,-1.7090917537236872,1.0
2022-02-18,-0.3206491337730482,-0.6455906829086377,0.0
2022-02-25,-0.18711826626668082,1.9614742609310494,1.0
2022-03-04,0.6448957570154045,-0.7143928825793926,1.0
2022-03-11,2.12228478558153,-1.1661774673569179,1.0
2022-03-18,2.9269543718721764,1.0249964918920758,1.0
2022-03-25,3.3417583469652965,0.4433088615746329,1.0
2022-04-01,3.2479399165030314,0.29667747644852305,1.0
2022-04-08,2.3087026462047286,-0.24210754904573997,1.0
2022-04-15,1.779961876611109,-1.0925666660719489,1.0
2022-04-22,1.3581255205020855,-2.5076604142010024,1.0
2022-04-29,1.033393873891525,-3.2925961728279574,1.0
2022-05-06,0.9303370979900896,-0.5120650750255697,1.0
2022-05-13,0.991660338271364,2.091586106852613,1.0
2022-05-20,0.8378138676957192,0.006938713087784767,2.0
2022-05-27,0.6686348395859522,2.167336737261619,1.0
2022-06-03,0.7402250203641934,-1.4717301142685728,1.0
2022-06-10,0.32823008258533126,-2.6330727409642205,1.0
2022-06-17,-0.036460279698313086,0.18943799824601562,1.0
2022-06-24,0.2377967860424978,2.6710362481459673,1.0
2022-07-01,0.15109951819337192,0.9275093064035191,1.0
2022-07-08,0.7108650734575694,-0.07991715936677371,0.0
2022-07-15,1.0814733202076172,1.6852021696927146,1.0
2022-07-22,1.1308934641568913,-0.8398287133330383,2.0
2022-07-29,1.031149771486416,1.2484579851434232,1.0
2022-08-05,1.2526350549056506,-0.15074056896122393,0.0
2022-08-12,0.8602994549659787,1.521121760448555,1.0
2022-08-19,0.7403428207231559,-1.1606330632616684,0.0
2022-08-26,0.8090721812168739,-3.0533398887444143,1.0
2022-09-02,0.3984108524250524,-0.9659459232533529,1.0
2022-09-09,0.6724555847747224,1.3416711557095575,2.0
2022-09-16,0.7209651183964984,-0.6470212952247754,1.0
2022-09-23,0.6544487579343986,-1.5517989548599749,0.0
2022-09-30,0.550984988807763,-1.3560357437378858,1.0
2022-10-07,0.21877025528184185,-2.5317693858766974,1.0
2022-10-14,0.1606858642612069,-2.135519224082023,1.0
2022-10-21,0.20190860521900855,2.0790027019054236,1.0
2022-10-28,-0.12559886362899586,2.157280066306467,1.0
2022-11-04,-0.2502327559569746,1.1967976158821243,1.0
2022-11-11,-0.23896415707063812,0.8118909719033148,1.0
2022-11-18,-0.1663370561808024,0.4160906860333635,1.0
2022-11-25,-0.024874265436810764,-0.031228647988459753,1.0
2022-12-02,0.06637052126064227,-0.11235276627212637,2.0
2022-12-09,0.16357591315868875,-0.6620200058781206,1.0
2022-12-16,0.20486118530789862,-1.0020210924788058,1.0
2022-12-23,0.17987959804315498,0.5142317717415951,1.0
2022-12-30,0.23342348808391472,-0.2322751785025112,0.0
2023-01-06,0.510310738638063,2.00217947252282,2.0
2023-01-13,0.41207858092852256,0.3486507399156352,1.0
2023-01-20,0.29150104347022954,1.6605207123342804,1.0
2023-01-27,0.1912576845554278,0.21551809657293128,2.0
2023-02-03,-0.226173900685013,-0.9316249885602474,1.0
2023-02-10,-0.39848284641230286,0.18894077039131227,1.0
2023-02-17,-0.4433930953406939,-0.2524845290772634,1.0
2023-02-24,-0.3697150506717749,-0.9480644650132718,1.0
2023-03-03,-0.3745154567961231,1.418388559274264,1.0
2023-03-10,-0.4784912945185761,-1.3029143945699602,1.0
2023-03-17,-0.10917054882588091,-0.9913841732649488,1.0
2023-03-24,0.03620151043374458,0.49404708310137135,1.0
2023-03-31,0.1538896530673524,1.2685148739573437,1.0
2023-04-07,0.43095536858341216,0.3116479523384102,1.0
2023-04-14,0.18167271183417993,-0.19026252156523654,1.0
2023-04-21,-0.062368107166114704,0.07422274611620323,1.0
2023-04-28,-0.04770356444721001,0.7248364883548021,1.0
2023-05-05,0.02572338620664687,1.621793860500263,1.0
2023-05-12,0.2036936315138967,-0.1469606566315695,1.0
2023-05-19,0.20075643246070454,-0.1347205311319132,1.0
2023-05-26,0.0908718525747862,1.1468099116006878,1.0
2023-06-02,0.0301435307779315,1.2770946296407544,0.0
2023-06-09,-0.2583961714966835,0.0959752086843607,0.0
2023-06-16,0.013378871079827645,-0.33315014800626147,0.0
2023-06-23,0.15125802180208828,-0.6897257970287529,2.0
2023-06-30,0.07226647647917356,1.078309359294163,2.0
2023-07-07,-0.021690071691784697,-0.2611964265515296,0.0
2023-07-14,-0.08915299081411611,-0.09719641384531681,1.0
2023-07-21,-0.35532086419952535,0.022759187254931604,1.0
2023-07-28,-0.5206416389607164,0.8680073909630474,0.0
2023-08-04,-0.5819770365231071,-0.47861069103325804,0.0
2023-08-11,-0.653246739039645,-0.10122755951889138,1.0
2023-08-18,-0.717427542373129,-0.019280310108894173,1.0
2023-08-25,-0.823167188586847,0.589332064025492,1.0
2023-09-01,-0.902770537188248,0.15378546493987807,2.0
2023-09-08,-0.9451883281187099,0.12071419362723868,0.0
2023-09-15,-0.9832604286178429,-1.0939596945917713,1.0
2023-09-22,-1.0061427743751423,-0.2104232569145094,2.0
2023-09-29,-0.9651679561374172,-0.24732851611605286,1.0
2023-10-06,-0.2994524153516496,1.038408627655021,0.0
2023-10-13,0.1383008317356914,-0.4534743356050272,2.0
2023-10-20,0.40167316548159065,-1.1322860509618287,0.0
2023-10-27,0.517626089345436,-0.43394164399823293,2.0
2023-11-03,0.37673613538390116,0.8253692274713849,0.0
2023-11-10,0.27684310378310556,1.3718824304149186,0.0
2023-11-17,0.2159169037605055,0.10787557548933488,0.0
2023-11-24,0.3516845146856261,0.04700451796984918,0.0
2023-12-01,0.12835173635451977,0.514730337908049,1.0
2023-12-08,0.14343503651074974,0.35738676932545643,0.0
2023-12-15,0.16663481884904796,-0.012836420700884223,1.0
2023-12-22,-0.015469624914852091,0.14144015139554283,0.0
2023-12-29,0.0380396252933006,-0.25775190462131836,0.0
2024-01-05,-0.1576052851805541,0.156142728613161,2.0
