"날짜","종가","시가","고가","저가","거래량","변동 %"
"2024- 04- 14","88.21","90.80","90.84","86.10","462.93K","-2.48%"
"2024- 04- 07","90.45","90.36","92.18","88.80","401.22K","-0.79%"
"2024- 03- 31","91.17","87.07","91.91","86.41","390.78K","4.22%"
"2024- 03- 24","87.48","85.00","87.52","84.59","18.69K","2.40%"
"2024- 03- 17","85.43","85.34","87.70","84.58","168.35K","0.11%"
"2024- 03- 10","85.34","82.00","85.69","81.08","1.73M","3.97%"
"2024- 03- 03","82.08","83.50","84.08","81.71","1.89M","-1.76%"
"2024- 02- 25","83.55","81.41","84.34","81.00","786.81K","2.36%"
"2024- 02- 18","81.62","83.28","83.96","81.43","1.29M","-2.22%"
"2024- 02- 11","83.47","81.94","83.66","80.72","1.59M","1.56%"
"2024- 02- 04","82.19","77.90","82.45","76.62","1.64M","6.28%"
"2024- 01- 28","77.33","84.13","84.80","76.85","1.17M","-7.44%"
"2024- 01- 21","83.55","78.89","83.81","77.81","1.37M","6.35%"
"2024- 01- 14","78.56","78.14","79.73","76.50","1.44M","0.34%"
"2024- 01- 07","78.29","78.70","80.75","75.26","1.84M","-0.60%"
"2023- 12- 31","78.76","77.39","79.41","74.79","1.35M","2.23%"
"2023- 12- 24","77.04","79.04","81.72","76.73","341.85K","-2.57%"
"2023- 12- 17","79.07","76.80","80.60","75.76","1.05M","3.29%"
"2023- 12- 10","76.55","75.73","77.35","72.29","1.26M","0.94%"
"2023- 12- 03","75.84","79.50","79.72","73.60","1.65M","-3.85%"
"2023- 11- 26","78.88","80.40","84.75","78.75","733.42K","-2.11%"
"2023- 11- 19","80.58","80.30","82.94","78.41","1.08M","-0.04%"
"2023- 11- 12","80.61","81.43","83.97","76.60","1.57M","-1.01%"
"2023- 11- 05","81.43","85.55","86.46","79.20","1.62M","-4.08%"
"2023- 10- 29","84.89","90.07","90.15","84.56","1.09M","-6.18%"
"2023- 10- 22","90.48","92.11","92.45","86.68","1.19M","-1.82%"
"2023- 10- 15","92.16","90.98","93.79","88.88","1.47M","1.40%"
"2023- 10- 08","90.89","86.45","91.00","85.18","1.96M","7.46%"
"2023- 10- 01","84.58","92.18","93.33","83.44","2.32M","-11.26%"
"2023- 09- 24","95.31","93.75","97.69","91.80","598.07K","2.19%"
"2023- 09- 17","93.27","94.28","95.96","92.20","1.63M","-0.70%"
"2023- 09- 10","93.93","90.83","94.63","90.11","1.57M","3.62%"
"2023- 09- 03","90.65","88.95","91.15","88.06","1.36M","2.37%"
"2023- 08- 27","88.55","84.87","88.99","83.80","682.48K","4.82%"
"2023- 08- 20","84.48","84.80","85.86","81.94","1.42M","-0.38%"
"2023- 08- 13","84.80","86.53","86.71","83.05","1.50M","-2.32%"
"2023- 08- 06","86.81","86.23","88.10","83.32","1.68M","0.66%"
"2023- 07- 30","86.24","84.95","86.65","82.36","1.37M","1.47%"
"2023- 07- 23","84.99","80.95","85.09","80.42","917.07K","4.84%"
"2023- 07- 16","81.07","79.34","81.24","78.20","294.35K","1.50%"
"2023- 07- 09","79.87","78.60","81.75","77.36","1.71M","1.78%"
"2023- 07- 02","78.47","75.11","78.54","74.56","1.11M","4.77%"
"2023- 06- 25","74.90","74.50","75.40","71.57","490.35K","1.42%"
"2023- 06- 18","73.85","76.40","77.24","72.11","1.15M","-3.60%"
"2023- 06- 11","76.61","74.87","76.74","71.58","1.51M","2.43%"
"2023- 06- 04","74.79","77.68","78.73","73.58","1.67M","-1.76%"
"2023- 05- 28","76.13","77.39","77.75","71.39","787.29K","-1.07%"
"2023- 05- 21","76.95","75.63","78.66","74.55","1.20M","1.81%"
"2023- 05- 14","75.58","74.15","77.50","73.49","1.23M","1.90%"
"2023- 05- 07","74.17","75.23","77.60","74.03","1.38M","-1.50%"
"2023- 04- 30","75.30","80.11","80.24","71.28","1.63M","-5.33%"
"2023- 04- 23","79.54","81.87","83.06","77.39","697.69K","-2.60%"
"2023- 04- 16","81.66","86.43","86.52","80.45","1.41M","-4.90%"
"2023- 04- 09","85.87","84.45","86.90","83.37","853.36K","0.88%"
"2023- 04- 02","85.12","86.00","86.44","83.50","1.29M","6.55%"
"2023- 03- 26","79.89","74.62","79.95","74.39","1.68M","6.53%"
"2023- 03- 19","74.99","73.01","77.44","70.12","1.06M","2.77%"
"2023- 03- 12","72.97","82.60","83.48","71.40","2.13M","-11.85%"
"2023- 03- 05","82.78","85.83","86.75","80.73","1.49M","-3.55%"
"2023- 02- 26","85.83","83.19","86.00","81.73","840.91K","3.21%"
"2023- 02- 19","83.16","83.15","84.30","80.40","893.44K","0.19%"
"2023- 02- 12","83.00","86.51","86.95","81.80","1.19M","-3.92%"
"2023- 02- 05","86.39","79.61","86.90","79.10","1.43M","8.07%"
"2023- 01- 29","79.94","86.88","87.48","79.62","1.04M","-7.75%"
"2023- 01- 22","86.66","87.70","89.09","85.41","805.81K","-1.11%"
"2023- 01- 15","87.63","85.36","87.85","83.76","1.12M","2.76%"
"2023- 01- 08","85.28","78.42","85.50","78.42","1.24M","8.29%"
"2023- 01- 01","78.75","85.69","86.66","77.77","693.84K","-8.33%"
"2022- 12- 25","85.91","84.50","86.00","81.28","299.20K","2.37%"
"2022- 12- 18","83.92","79.21","84.12","78.28","755.00K","6.17%"
"2022- 12- 11","79.04","76.88","83.18","75.26","1.11M","3.86%"
"2022- 12- 04","76.10","85.73","88.44","75.11","1.32M","-11.07%"
"2022- 11- 27","85.57","83.58","89.37","80.61","607.40K","2.32%"
"2022- 11- 20","83.63","87.74","89.90","82.31","918.50K","-4.55%"
"2022- 11- 13","87.62","95.87","96.95","85.80","1.52M","-8.72%"
"2022- 11- 06","95.99","97.31","99.56","91.73","1.32M","-2.62%"
"2022- 10- 30","98.57","96.47","98.81","92.33","1.05M","2.92%"
"2022- 10- 23","95.77","93.59","97.27","91.22","657.23K","2.43%"
"2022- 10- 16","93.50","91.71","94.77","88.77","1.24M","2.04%"
"2022- 10- 09","91.63","98.75","98.75","91.08","1.22M","-6.42%"
"2022- 10- 02","97.92","86.35","98.58","86.35","1.33M","11.32%"
"2022- 09- 25","87.96","86.62","90.12","83.65","361.78K","2.10%"
"2022- 09- 18","86.15","91.43","93.50","85.50","894.41K","-5.69%"
"2022- 09- 11","91.35","92.54","95.80","90.03","1.20M","-1.60%"
"2022- 09- 04","92.84","93.02","96.99","87.24","1.08M","-0.19%"
"2022- 08- 28","93.02","100.67","105.48","91.81","630.48K","-7.89%"
"2022- 08- 21","100.99","95.95","102.47","92.36","894.13K","4.41%"
"2022- 08- 14","96.72","97.72","98.17","91.51","1.02M","-1.46%"
"2022- 08- 07","98.15","94.51","100.38","93.01","1.08M","3.40%"
"2022- 07- 31","94.92","103.92","104.43","92.78","1.28M","-13.72%"
"2022- 07- 24","110.01","103.85","110.67","101.64","401.33K","6.60%"
"2022- 07- 17","103.20","100.82","107.61","99.46","992.54K","2.02%"
"2022- 07- 10","101.16","107.00","107.70","94.50","1.25M","-5.48%"
"2022- 07- 03","107.02","111.65","114.75","98.50","1.40M","-4.13%"
"2022- 06- 26","111.63","112.92","120.41","108.03","480.74K","-1.32%"
"2022- 06- 19","113.12","113.88","116.25","107.03","988.78K","0.00%"
"2022- 06- 12","113.12","121.94","125.19","111.72","1.38M","-7.29%"
"2022- 06- 05","122.01","121.55","124.40","118.55","1.25M","1.91%"
"2022- 05- 29","119.72","119.28","125.28","112.45","654.69K","0.24%"
"2022- 05- 22","119.43","112.85","119.72","111.70","745.30K","6.11%"
"2022- 05- 15","112.55","111.67","115.69","105.70","1.19M","0.90%"
"2022- 05- 08","111.55","112.94","113.20","101.30","1.40M","-0.75%"
"2022- 05- 01","112.39","106.30","114.00","103.10","1.11M","2.79%"
"2022- 04- 24","109.34","105.49","110.30","99.48","446.95K","2.52%"
"2022- 04- 17","106.65","112.32","114.84","104.65","926.98K","-4.52%"
"2022- 04- 10","111.70","103.21","112.39","97.57","970.07K","8.68%"
"2022- 04- 03","102.78","104.08","109.90","98.41","1.22M","-1.54%"
"2022- 03- 27","104.39","119.90","119.90","102.35","564.13K","-13.48%"
"2022- 03- 20","120.65","107.50","123.74","107.06","936.80K","11.79%"
"2022- 03- 13","107.93","113.15","113.15","96.93","1.20M","-4.21%"
"2022- 03- 06","112.67","122.79","139.13","105.60","2.05M","-4.61%"
"2022- 02- 27","118.11","101.98","119.84","98.30","1.79M","20.61%"
"2022- 02- 20","97.93","94.29","105.79","92.57","1.01M","4.69%"
"2022- 02- 13","93.54","95.20","96.78","90.12","1.84M","-0.95%"
"2022- 02- 06","94.44","92.75","95.66","89.93","1.80M","1.25%"
"2022- 01- 30","93.27","90.80","93.70","87.72","1.23M","3.60%"
"2022- 01- 23","90.03","87.93","91.70","85.04","1.06M","2.43%"
"2022- 01- 16","87.89","86.15","89.50","85.54","1.42M","2.13%"
"2022- 01- 09","86.06","81.76","86.50","80.50","1.50M","5.27%"
"2022- 01- 02","81.75","78.11","83.00","77.04","1.46M","5.10%"
"2021- 12- 26","77.78","76.32","80.17","75.75","365.28K","2.15%"
"2021- 12- 19","76.14","72.82","77.00","69.28","906.32K","3.56%"
"2021- 12- 12","73.52","75.37","76.39","72.50","1.23M","-2.17%"
"2021- 12- 05","75.15","70.24","76.70","70.24","1.39M","7.54%"
"2021- 11- 28","69.88","73.88","77.02","65.72","1.43M","-3.91%"
"2021- 11- 21","72.72","78.58","83.00","72.14","1.20M","-7.82%"
"2021- 11- 14","78.89","81.92","83.14","78.05","1.81M","-3.99%"
"2021- 11- 07","82.17","82.58","85.50","81.26","1.61M","-0.69%"
"2021- 10- 31","82.74","83.63","85.23","80.20","1.85M","-1.94%"
"2021- 10- 24","84.38","85.65","86.70","82.32","807.77K","-1.34%"
"2021- 10- 17","85.53","84.95","86.10","83.36","1.76M","0.79%"
"2021- 10- 10","84.86","82.65","85.10","82.20","1.59M","3.00%"
"2021- 10- 03","82.39","79.49","83.47","78.75","1.86M","3.92%"
"2021- 09- 26","79.28","78.25","80.75","77.50","764.30K","1.52%"
"2021- 09- 19","78.09","75.33","78.24","73.26","1.22M","3.65%"
"2021- 09- 12","75.34","72.88","76.13","72.69","1.30M","3.32%"
"2021- 09- 05","72.92","72.57","73.20","70.88","1.34M","0.43%"
"2021- 08- 29","72.61","73.25","73.69","70.42","830.58K","-0.12%"
"2021- 08- 22","72.70","64.97","72.76","64.60","1.09M","11.54%"
"2021- 08- 15","65.18","70.05","70.45","64.94","1.45M","-7.66%"
"2021- 08- 08","70.59","70.26","71.90","67.60","1.35M","-0.16%"
"2021- 08- 01","70.70","75.39","75.39","69.75","1.54M","-7.38%"
"2021- 07- 25","76.33","74.12","76.38","72.75","596.86K","3.01%"
"2021- 07- 18","74.10","72.86","74.22","67.44","1.57M","0.69%"
"2021- 07- 11","73.59","75.79","76.72","72.34","1.53M","-2.59%"
"2021- 07- 04","75.55","76.23","77.84","72.11","1.52M","-0.81%"
"2021- 06- 27","76.17","75.99","76.74","73.90","893.49K","-0.01%"
"2021- 06- 20","76.18","73.33","76.21","72.98","1.13M","3.63%"
"2021- 06- 13","73.51","72.70","74.96","72.01","1.30M","1.13%"
"2021- 06- 06","72.69","71.82","73.09","70.71","1.40M","1.11%"
"2021- 05- 30","71.89","68.98","72.17","68.75","1.06M","3.25%"
"2021- 05- 23","69.63","66.72","69.92","66.46","652.78K","4.80%"
"2021- 05- 16","66.44","68.92","70.24","64.57","1.64M","-3.30%"
"2021- 05- 09","68.71","68.74","69.90","66.48","1.50M","0.63%"
"2021- 05- 02","68.28","66.70","69.95","66.10","1.22M","1.53%"
"2021- 04- 25","67.25","66.10","68.95","64.57","735.81K","1.72%"
"2021- 04- 18","66.11","66.70","68.08","64.58","1.21M","-0.99%"
"2021- 04- 11","66.77","63.03","67.38","62.41","1.28M","6.07%"
"2021- 04- 04","62.95","64.57","64.81","61.25","1.34M","-2.94%"
"2021- 03- 28","64.86","64.58","65.46","62.38","656.17K","0.45%"
"2021- 03- 21","64.57","64.53","65.12","60.27","1.23M","0.06%"
"2021- 03- 14","64.53","69.08","70.03","61.45","1.78M","-6.78%"
"2021- 03- 07","69.22","69.97","71.38","66.50","1.56M","-0.20%"
"2021- 02- 28","69.36","64.85","69.69","62.38","1.87M","4.88%"
"2021- 02- 21","66.13","62.68","67.70","62.55","700.39K","5.12%"
"2021- 02- 14","62.91","62.83","65.52","62.09","1.62M","0.77%"
"2021- 02- 07","62.43","59.43","62.83","59.43","1.39M","5.21%"
"2021- 01- 31","59.34","54.91","59.79","54.60","1.38M","6.19%"
"2021- 01- 24","55.88","55.26","56.59","55.07","636.30K","0.85%"
"2021- 01- 17","55.41","54.75","56.64","54.48","1.24M","0.56%"
"2021- 01- 10","55.10","56.24","57.42","54.64","1.54M","-1.59%"
"2021- 01- 03","55.99","51.50","56.36","50.56","1.86M","8.09%"
"2020- 12- 27","51.80","51.25","52.02","50.53","323.25K","0.99%"
"2020- 12- 20","51.29","52.22","52.32","49.20","762.16K","-1.86%"
"2020- 12- 13","52.26","50.05","52.48","49.13","1.13M","4.58%"
"2020- 12- 06","49.97","49.23","51.06","48.09","1.22M","1.46%"
"2020- 11- 29","49.25","47.91","49.92","46.82","1.09M","2.22%"
"2020- 11- 22","48.18","45.08","49.09","44.89","938.03K","7.16%"
"2020- 11- 15","44.96","42.71","45.24","42.71","1.21M","5.10%"
"2020- 11- 08","42.78","39.65","45.30","39.46","1.54M","8.44%"
"2020- 11- 01","39.45","37.37","41.53","35.74","1.33M","5.31%"
"2020- 10- 25","37.46","41.53","41.63","36.64","714.58K","-10.32%"
"2020- 10- 18","41.77","42.69","43.30","41.45","1.19M","-2.70%"
"2020- 10- 11","42.93","42.60","43.48","41.36","1.24M","0.19%"
"2020- 10- 04","42.85","39.19","43.57","39.14","1.33M","9.12%"
"2020- 09- 27","39.27","41.87","42.62","38.79","878.93K","-6.32%"
"2020- 09- 20","41.92","43.01","43.30","40.96","904.30K","-2.85%"
"2020- 09- 13","43.15","39.78","43.80","39.30","1.09M","8.34%"
"2020- 09- 06","39.83","42.20","42.43","39.31","1.19M","-6.63%"
"2020- 08- 30","42.66","45.80","46.53","42.30","1.19M","-5.31%"
"2020- 08- 23","45.05","44.50","46.10","44.29","610.85K","1.58%"
"2020- 08- 16","44.35","44.86","45.55","43.59","992.53K","-1.00%"
"2020- 08- 09","44.80","44.66","45.79","44.37","804.39K","0.90%"
"2020- 08- 02","44.40","43.53","46.23","42.89","1.03M","2.54%"
"2020- 07- 26","43.30","43.35","43.95","41.38","424.61K","-0.09%"
"2020- 07- 19","43.34","43.08","44.89","42.36","1.06M","0.46%"
"2020- 07- 12","43.14","43.12","43.85","41.80","988.16K","-0.23%"
"2020- 07- 05","43.24","42.79","43.71","41.32","1.01M","1.03%"
"2020- 06- 28","42.80","40.56","43.23","40.04","645.37K","4.34%"
"2020- 06- 21","41.02","41.74","43.93","39.47","852.77K","-2.77%"
"2020- 06- 14","42.19","38.80","42.92","37.24","1.03M","8.93%"
"2020- 06- 07","38.73","42.40","43.41","37.01","1.21M","-8.44%"
"2020- 05- 31","42.30","37.56","42.48","37.18","1.08M","19.73%"
"2020- 05- 24","35.33","34.98","36.68","33.62","356.89K","0.57%"
"2020- 05- 17","35.13","32.78","36.98","32.69","965.57K","8.09%"
"2020- 05- 10","32.50","30.70","32.91","28.86","1.10M","4.94%"
"2020- 05- 03","30.97","26.10","32.27","25.50","1.16M","17.13%"
"2020- 04- 26","26.44","21.55","27.88","18.73","598.83K","23.32%"
"2020- 04- 19","21.44","28.05","28.25","15.98","1.79M","-23.65%"
"2020- 04- 12","28.08","33.99","33.99","27.16","1.36M","-10.80%"
"2020- 04- 05","31.48","31.76","36.40","30.03","1.41M","-7.71%"
"2020- 03- 29","34.11","23.85","36.29","21.65","1.58M","36.82%"
"2020- 03- 22","24.93","26.75","28.65","24.13","863.35K","-7.60%"
"2020- 03- 15","26.98","35.82","35.84","24.52","1.60M","-20.30%"
"2020- 03- 08","33.85","38.28","39.70","31.02","2.64M","-25.23%"
"2020- 03- 01","45.27","48.95","53.90","45.18","2.19M","-10.39%"
"2020- 02- 23","50.52","57.85","57.86","50.05","750.62K","-13.64%"
"2020- 02- 16","58.50","57.29","60.00","56.30","1.13M","2.06%"
"2020- 02- 09","57.32","54.20","57.53","53.11","1.44M","5.23%"
"2020- 02- 02","54.47","56.16","56.77","53.69","1.95M","-6.34%"
"2020- 01- 26","58.16","60.23","60.62","57.71","775.28K","-4.17%"
"2020- 01- 19","60.69","65.98","66.00","60.25","1.30M","-6.41%"
"2020- 01- 12","64.85","65.13","65.60","63.55","1.22M","-0.20%"
"2020- 01- 05","64.98","69.35","71.75","64.56","1.82M","-5.28%"
"2019- 12- 29","68.60","68.20","69.50","65.63","885.81K","0.65%"
"2019- 12- 22","68.16","66.15","68.33","65.81","419.89K","3.05%"
"2019- 12- 15","66.14","65.05","66.78","64.88","1.16M","1.41%"
"2019- 12- 08","65.22","64.29","65.79","63.01","1.20M","1.29%"
"2019- 12- 01","64.39","60.73","64.88","60.30","1.47M","3.14%"
"2019- 11- 24","62.43","63.60","64.60","62.36","634.35K","-1.51%"
"2019- 11- 17","63.39","63.36","64.27","60.30","1.42M","0.14%"
"2019- 11- 10","63.30","62.60","63.65","61.22","1.21M","1.26%"
"2019- 11- 03","62.51","61.80","63.32","60.66","1.29M","1.33%"
"2019- 10- 27","61.69","62.04","62.34","59.40","660.65K","-0.53%"
"2019- 10- 20","62.02","59.23","62.11","58.26","1.21M","4.38%"
"2019- 10- 13","59.42","60.69","60.73","58.00","1.34M","-1.80%"
"2019- 10- 06","60.51","58.02","60.69","57.38","1.40M","3.67%"
"2019- 09- 29","58.37","62.24","62.24","56.15","1.26M","-5.72%"
"2019- 09- 22","61.91","65.23","65.50","60.76","835.42K","-3.69%"
"2019- 09- 15","64.28","66.45","71.95","63.04","2.13M","6.74%"
"2019- 09- 08","60.22","61.60","63.78","58.92","1.39M","-2.14%"
"2019- 09- 01","61.54","58.80","62.40","57.23","1.25M","1.84%"
"2019- 08- 25","60.43","58.35","61.19","58.24","692.16K","1.84%"
"2019- 08- 18","59.34","58.72","61.41","58.30","1.32M","1.19%"
"2019- 08- 11","58.64","58.30","61.50","57.67","1.39M","0.19%"
"2019- 08- 04","58.53","61.46","61.56","55.88","1.77M","-5.43%"
"2019- 07- 28","61.89","63.32","65.42","60.02","1.00M","-2.47%"
"2019- 07- 21","63.46","63.05","64.66","62.59","1.17M","1.58%"
"2019- 07- 14","62.47","66.87","67.47","61.29","1.59M","-6.37%"
"2019- 07- 07","66.72","64.34","67.65","63.76","1.39M","3.88%"
"2019- 06- 30","64.23","65.05","66.75","62.09","1.35M","-3.49%"
"2019- 06- 23","66.55","65.50","66.85","64.08","702.97K","2.07%"
"2019- 06- 16","65.20","62.07","65.76","60.25","1.54M","5.14%"
"2019- 06- 09","62.01","63.58","64.10","59.57","1.62M","-2.02%"
"2019- 06- 02","63.29","61.64","63.59","59.45","1.84M","-1.86%"
"2019- 05- 26","64.49","69.15","70.59","64.37","586.55K","-6.11%"
"2019- 05- 19","68.69","72.50","73.40","67.02","1.70M","-4.87%"
"2019- 05- 12","72.21","70.83","73.36","69.72","1.53M","2.25%"
"2019- 05- 05","70.62","70.59","71.79","68.79","1.48M","-0.32%"
"2019- 04- 28","70.85","71.56","73.27","69.68","999.99K","-1.80%"
"2019- 04- 21","72.15","71.93","75.60","71.30","1.42M","0.25%"
"2019- 04- 14","71.97","71.55","72.27","70.74","1.03M","0.59%"
"2019- 04- 07","71.55","70.56","71.87","70.30","1.36M","1.72%"
"2019- 03- 31","70.34","67.58","70.48","67.58","1.51M","2.85%"
"2019- 03- 24","68.39","67.00","68.89","66.36","714.71K","2.03%"
"2019- 03- 17","67.03","67.14","68.69","66.20","1.27M","-0.19%"
"2019- 03- 10","67.16","65.76","68.14","65.63","1.23M","2.16%"
"2019- 03- 03","65.74","64.97","67.00","64.02","1.33M","1.03%"
"2019- 02- 24","65.07","66.97","67.47","64.32","767.53K","-3.05%"
"2019- 02- 17","67.12","66.39","67.73","65.58","1.12M","1.31%"
"2019- 02- 10","66.25","62.11","66.39","60.90","1.41M","6.68%"
"2019- 02- 03","62.10","62.83","63.63","60.60","1.28M","-1.04%"
"2019- 01- 27","62.75","61.49","62.97","59.49","735.10K","1.80%"
"2019- 01- 20","61.64","62.74","63.15","60.21","1.22M","-1.69%"
"2019- 01- 13","62.70","60.62","63.00","58.90","1.38M","3.67%"
"2019- 01- 06","60.48","57.41","62.49","57.13","1.51M","5.99%"
"2018- 12- 30","57.06","53.00","58.31","52.51","1.01M","9.31%"
"2018- 12- 23","52.20","53.49","55.29","49.93","272.92K","-3.01%"
"2018- 12- 16","53.82","60.25","61.21","52.79","1.49M","-10.72%"
"2018- 12- 09","60.28","61.34","62.33","59.33","1.21M","-2.25%"
"2018- 12- 02","61.67","59.98","63.73","58.36","1.65M","5.04%"
"2018- 11- 25","58.71","58.98","61.40","57.50","810.95K","-0.15%"
"2018- 11- 18","58.80","66.99","67.64","58.41","1.46M","-11.92%"
"2018- 11- 11","66.76","70.69","71.88","64.61","1.79M","-4.87%"
"2018- 11- 04","70.18","72.85","74.13","69.13","1.53M","-3.64%"
"2018- 10- 28","72.83","77.64","78.03","72.16","940.86K","-6.17%"
"2018- 10- 21","77.62","80.11","80.41","75.11","1.60M","-2.71%"
"2018- 10- 14","79.78","81.00","81.92","78.69","1.60M","-0.81%"
"2018- 10- 07","80.43","84.17","85.45","79.23","1.82M","-4.43%"
"2018- 09- 30","84.16","82.79","86.74","82.55","1.62M","1.74%"
"2018- 09- 23","82.72","78.97","82.87","78.97","757.93K","4.97%"
"2018- 09- 16","78.80","78.07","80.12","77.46","1.34M","0.91%"
"2018- 09- 09","78.09","77.08","80.13","76.90","1.40M","1.64%"
"2018- 09- 02","76.83","77.69","79.72","75.64","1.19M","-0.76%"
"2018- 08- 26","77.42","75.54","78.03","75.39","527.23K","2.11%"
"2018- 08- 19","75.82","71.77","76.42","71.42","1.19M","5.55%"
"2018- 08- 12","71.83","73.00","73.93","70.30","1.21M","-1.35%"
"2018- 08- 05","72.81","73.21","74.90","71.40","1.12M","-0.55%"
"2018- 07- 29","73.21","74.31","75.27","71.84","788.75K","-1.45%"
"2018- 07- 22","74.29","73.22","74.85","72.52","1.05M","1.67%"
"2018- 07- 15","73.07","74.92","75.37","71.19","1.45M","-3.00%"
"2018- 07- 08","75.33","77.21","79.51","72.67","1.75M","-2.31%"
"2018- 07- 01","77.11","78.55","78.95","76.36","1.21M","-2.93%"
"2018- 06- 24","79.44","74.80","79.70","73.74","891.38K","5.15%"
"2018- 06- 17","75.55","73.06","75.86","72.45","1.76M","2.87%"
"2018- 06- 10","73.44","76.30","77.07","73.00","1.35M","-3.95%"
"2018- 06- 03","76.46","76.66","77.61","73.81","1.67M","-0.43%"
"2018- 05- 27","76.79","76.11","78.75","74.49","622.91K","0.46%"
"2018- 05- 20","76.44","78.61","80.49","76.01","1.35M","-2.64%"
"2018- 05- 13","78.51","77.05","80.50","76.55","1.63M","1.80%"
"2018- 05- 06","77.12","75.00","78.00","73.10","1.69M","3.01%"
"2018- 04- 29","74.87","74.62","75.41","72.38","1.40M","0.31%"
"2018- 04- 22","74.64","73.77","75.47","73.13","1.26M","0.78%"
"2018- 04- 15","74.06","72.70","74.75","70.83","1.73M","2.04%"
"2018- 04- 08","72.58","67.10","73.09","67.00","1.86M","8.15%"
"2018- 04- 01","67.11","69.32","70.04","66.69","1.35M","-4.50%"
"2018- 03- 25","70.27","70.43","71.05","68.78","482.26K","-0.26%"
"2018- 03- 18","70.45","66.01","70.57","65.39","1.57M","6.40%"
"2018- 03- 11","66.21","65.50","66.42","64.05","1.30M","1.10%"
"2018- 03- 04","65.49","64.65","66.16","63.43","1.38M","1.74%"
"2018- 02- 25","64.37","67.29","67.90","63.19","929.38K","-4.37%"
"2018- 02- 18","67.31","64.96","67.37","64.40","1.12M","3.81%"
"2018- 02- 11","64.84","62.50","65.22","61.76","1.60M","3.26%"
"2018- 02- 04","62.79","68.15","68.46","61.77","1.98M","-8.44%"
"2018- 01- 28","68.58","70.47","70.64","67.96","1.00M","-2.75%"
"2018- 01- 21","70.52","68.80","71.28","68.39","1.43M","2.78%"
"2018- 01- 14","68.61","69.88","70.37","68.28","1.33M","-1.80%"
"2018- 01- 07","69.87","67.80","70.05","67.44","1.46M","3.33%"
"2017- 12- 31","67.62","66.55","68.27","66.24","902.20K","1.12%"
"2017- 12- 24","66.87","65.20","67.10","65.00","389.71K","2.48%"
"2017- 12- 17","65.25","63.36","65.28","63.00","936.37K","3.19%"
"2017- 12- 10","63.23","63.29","65.83","62.01","1.84M","-0.27%"
"2017- 12- 03","63.40","63.50","63.68","61.13","1.39M","-0.52%"
"2017- 11- 26","63.73","63.80","64.32","62.50","948.58K","-0.20%"
"2017- 11- 19","63.86","62.80","63.95","61.44","1.21M","1.82%"
"2017- 11- 12","62.72","63.68","63.77","61.08","1.70M","-1.26%"
"2017- 11- 05","63.52","62.27","64.65","62.08","1.79M","2.34%"
"2017- 10- 29","62.07","60.66","62.23","60.00","1.10M","2.70%"
"2017- 10- 22","60.44","57.95","60.65","57.04","1.39M","4.66%"
"2017- 10- 15","57.75","57.28","58.54","56.60","1.88M","1.01%"
"2017- 10- 08","57.17","55.50","57.57","55.06","1.35M","2.79%"
"2017- 10- 01","55.62","56.73","57.28","55.13","1.73M","-3.34%"
"2017- 09- 24","57.54","56.87","59.49","56.70","724.44K","1.20%"
"2017- 09- 17","56.86","55.59","56.91","54.82","1.26M","2.23%"
"2017- 09- 10","55.62","53.82","55.99","53.04","1.45M","3.42%"
"2017- 09- 03","53.78","52.85","54.87","51.99","1.36M","1.95%"
"2017- 08- 27","52.75","52.38","52.95","50.56","729.84K","0.65%"
"2017- 08- 20","52.41","53.00","53.00","51.30","1.35M","-0.59%"
"2017- 08- 13","52.72","52.02","52.96","50.00","1.57M","1.19%"
"2017- 08- 06","52.10","52.39","53.64","51.30","1.46M","-0.61%"
"2017- 07- 30","52.42","52.60","52.93","50.88","1.51M","-0.19%"
"2017- 07- 23","52.52","47.96","52.70","47.68","1.17M","9.28%"
"2017- 07- 16","48.06","49.14","50.19","47.81","1.43M","-1.74%"
"2017- 07- 09","48.91","46.84","49.11","46.11","1.44M","4.71%"
"2017- 07- 02","46.71","48.95","49.90","46.28","1.36M","-2.53%"
"2017- 06- 25","47.92","45.63","48.12","45.04","834.80K","5.23%"
"2017- 06- 18","45.54","47.21","47.76","44.35","1.59M","-3.86%"
"2017- 06- 11","47.37","48.06","49.15","46.70","1.63M","-1.62%"
"2017- 06- 04","48.15","49.87","50.74","47.40","1.87M","-3.60%"
"2017- 05- 28","49.95","52.24","52.61","48.95","1.13M","-4.22%"
"2017- 05- 21","52.15","53.85","54.67","50.71","1.79M","-2.72%"
"2017- 05- 14","53.61","50.89","53.82","50.74","1.70M","5.45%"
"2017- 05- 07","50.84","49.27","51.16","48.39","1.72M","3.54%"
"2017- 04- 30","49.10","51.88","52.16","46.64","1.91M","-5.08%"
"2017- 04- 23","51.73","52.11","52.57","50.45","956.93K","-0.44%"
"2017- 04- 16","51.96","55.55","55.98","51.57","1.72M","-7.03%"
"2017- 04- 09","55.89","55.19","56.65","55.19","1.34M","1.18%"
"2017- 04- 02","55.24","53.62","56.08","52.73","1.45M","4.56%"
"2017- 03- 26","52.83","51.03","53.45","50.03","678.39K","4.00%"
"2017- 03- 19","50.80","51.80","52.22","49.71","1.39M","-1.85%"
"2017- 03- 12","51.76","51.49","52.65","50.25","1.52M","0.76%"
"2017- 03- 05","51.37","55.80","56.65","51.14","1.79M","-8.10%"
"2017- 02- 26","55.90","55.96","57.05","55.03","1.03M","-0.16%"
"2017- 02- 19","55.99","55.90","57.31","55.64","1.18M","0.32%"
"2017- 02- 12","55.81","56.68","56.81","55.10","1.34M","-1.57%"
"2017- 02- 05","56.70","56.85","57.13","54.44","1.53M","-0.19%"
"2017- 01- 29","56.81","55.47","57.45","54.90","997.04K","2.32%"
"2017- 01- 22","55.52","55.70","56.55","54.65","1.24M","0.05%"
"2017- 01- 15","55.49","55.64","56.95","53.77","1.45M","0.07%"
"2017- 01- 08","55.45","56.81","57.00","53.58","1.60M","-2.89%"
"2017- 01- 01","57.10","57.05","58.37","55.30","1.13M","0.49%"
"2016- 12- 25","56.82","55.18","57.20","55.04","355.92K","3.01%"
"2016- 12- 18","55.16","55.40","55.92","54.05","1.06M","-0.09%"
"2016- 12- 11","55.21","55.88","57.89","53.15","1.50M","1.62%"
"2016- 12- 04","54.33","54.40","55.33","52.81","1.47M","-0.24%"
"2016- 11- 27","54.46","46.71","54.53","45.92","1.16M","15.28%"
"2016- 11- 20","47.24","46.92","49.96","46.85","1.25M","0.81%"
"2016- 11- 13","46.86","44.54","47.62","43.57","1.48M","4.72%"
"2016- 11- 06","44.75","45.70","46.95","44.19","1.63M","-1.82%"
"2016- 10- 30","45.58","49.41","49.72","45.08","1.53M","-8.31%"
"2016- 10- 23","49.71","51.89","52.01","49.31","1.05M","-4.00%"
"2016- 10- 16","51.78","51.93","53.14","51.12","1.34M","-0.33%"
"2016- 10- 09","51.95","51.63","53.73","50.92","1.52M","0.04%"
"2016- 10- 02","51.93","50.02","52.84","49.74","1.46M","5.85%"
"2016- 09- 25","49.06","46.05","49.81","45.63","779.77K","6.91%"
"2016- 09- 18","45.89","46.01","48.26","45.09","1.35M","0.26%"
"2016- 09- 11","45.77","47.81","48.63","45.48","1.42M","-4.67%"
"2016- 09- 04","48.01","46.70","50.14","46.29","1.32M","2.52%"
"2016- 08- 28","46.83","49.54","49.76","45.32","780.19K","-6.19%"
"2016- 08- 21","49.92","50.70","50.76","48.48","1.29M","-1.89%"
"2016- 08- 14","50.88","47.14","51.22","46.84","1.46M","8.32%"
"2016- 08- 07","46.97","44.34","47.25","43.46","1.32M","6.10%"
"2016- 07- 31","44.27","43.11","44.49","41.51","1.33M","4.26%"
"2016- 07- 24","42.46","45.70","45.87","41.80","755.34K","-7.07%"
"2016- 07- 17","45.69","47.92","47.95","45.17","1.22M","-4.03%"
"2016- 07- 10","47.61","46.49","48.57","45.90","1.40M","1.82%"
"2016- 07- 03","46.76","50.60","50.75","46.15","1.26M","-7.13%"
"2016- 06- 26","50.35","48.43","50.74","46.69","803.50K","4.01%"
"2016- 06- 19","48.41","49.42","51.24","47.54","1.38M","-1.55%"
"2016- 06- 12","49.17","50.42","50.79","46.94","1.24M","-2.71%"
"2016- 06- 05","50.54","49.83","52.86","49.72","1.12M","1.81%"
"2016- 05- 29","49.64","49.43","50.33","48.65","815.72K","0.65%"
"2016- 05- 22","49.32","48.72","50.51","47.58","1.03M","1.23%"
"2016- 05- 15","48.72","47.80","49.85","47.38","1.43M","1.86%"
"2016- 05- 08","47.83","45.75","48.19","43.33","1.68M","5.42%"
"2016- 05- 01","45.37","47.37","47.40","44.19","1.30M","-5.73%"
"2016- 04- 24","48.13","45.13","48.50","44.26","704.30K","6.69%"
"2016- 04- 17","45.11","41.80","46.18","40.10","1.62M","4.66%"
"2016- 04- 10","43.10","42.00","44.94","41.41","1.51M","2.77%"
"2016- 04- 03","41.94","38.69","42.01","37.27","1.56M","8.46%"
"2016- 03- 27","38.67","40.58","41.00","38.55","645.24K","-4.38%"
"2016- 03- 20","40.44","41.31","42.08","39.22","946.49K","-1.84%"
"2016- 03- 13","41.20","40.25","42.54","38.32","1.29M","2.01%"
"2016- 03- 06","40.39","38.88","41.48","38.87","1.59M","4.31%"
"2016- 02- 28","38.72","35.10","38.95","34.83","1.14M","10.31%"
"2016- 02- 21","35.10","33.25","37.00","32.37","1.26M","6.33%"
"2016- 02- 14","33.01","32.77","35.73","31.82","1.53M","-1.05%"
"2016- 02- 07","33.36","33.99","34.68","29.92","1.59M","-2.06%"
"2016- 01- 31","34.06","35.85","36.25","32.23","1.70M","-1.96%"
"2016- 01- 24","34.74","32.10","35.84","29.27","1.13M","7.96%"
"2016- 01- 17","32.18","28.73","32.30","27.10","1.81M","11.20%"
"2016- 01- 10","28.94","33.34","33.38","28.82","797.40K","-13.74%"
"2016- 01- 03","33.55","37.85","38.99","32.16","1.39M","-10.01%"
"2015- 12- 27","37.28","37.84","37.98","36.10","579.13K","-1.61%"
"2015- 12- 20","37.89","36.55","38.10","35.98","649.41K","2.74%"
"2015- 12- 13","36.88","37.85","39.41","36.33","625.94K","-2.77%"
"2015- 12- 06","37.93","43.26","43.26","37.36","1.24M","-11.79%"
"2015- 11- 29","43.00","44.86","45.75","42.43","1.48M","-4.15%"
"2015- 11- 22","44.86","44.46","46.50","43.57","1.05M","0.45%"
"2015- 11- 15","44.66","44.70","45.50","43.15","1.27M","2.41%"
"2015- 11- 08","43.61","47.46","48.41","43.57","762.98K","-8.03%"
"2015- 11- 01","47.42","49.50","50.91","47.27","1.31M","-4.32%"
"2015- 10- 25","49.56","48.00","50.00","46.41","1.20M","3.27%"
"2015- 10- 18","47.99","50.38","50.68","47.45","1.16M","-4.89%"
"2015- 10- 11","50.46","52.64","53.31","48.21","581.18K","-4.16%"
"2015- 10- 04","52.65","48.08","54.05","47.84","1.21M","9.39%"
"2015- 09- 27","48.13","48.34","49.84","46.93","1.03M","-0.97%"
"2015- 09- 20","48.60","47.64","50.25","47.40","985.01K","2.38%"
"2015- 09- 13","47.47","48.08","50.34","45.98","865.43K","-1.39%"
"2015- 09- 06","48.14","49.27","50.04","46.76","857.13K","-2.96%"
"2015- 08- 30","49.61","50.05","54.32","47.74","1.51M","-0.88%"
"2015- 08- 23","50.05","45.35","50.98","42.23","1.62M","10.10%"
"2015- 08- 16","45.46","48.76","49.44","45.07","1.09M","-7.28%"
"2015- 08- 09","49.03","48.43","51.10","48.24","722.56K","0.86%"
"2015- 08- 02","48.61","51.55","52.01","48.42","1.29M","-6.90%"
"2015- 07- 26","52.21","54.45","54.89","51.63","1.24M","-4.41%"
"2015- 07- 19","54.62","57.12","57.44","54.30","973.56K","-4.34%"
"2015- 07- 12","57.10","58.35","58.83","56.40","571.04K","-2.78%"
"2015- 07- 05","58.73","60.00","60.00","55.10","1.36M","-2.64%"
"2015- 06- 28","60.32","62.85","63.83","60.12","1.10M","-4.65%"
"2015- 06- 21","63.26","62.57","65.05","62.10","1.16M","0.38%"
"2015- 06- 14","63.02","63.62","65.47","62.24","1.07M","-1.33%"
"2015- 06- 07","63.87","63.06","66.36","62.47","854.02K","0.88%"
"2015- 05- 31","63.31","65.59","65.88","60.94","1.21M","-3.43%"
"2015- 05- 24","65.56","65.56","66.22","61.24","1.04M","0.29%"
"2015- 05- 17","65.37","66.91","67.88","63.95","1.10M","-2.16%"
"2015- 05- 10","66.81","65.37","68.17","64.25","735.94K","2.17%"
"2015- 05- 03","65.39","66.40","69.63","64.23","1.21M","-1.61%"
"2015- 04- 26","66.46","65.47","66.93","63.90","1.04M","1.81%"
"2015- 04- 19","65.28","63.85","65.80","61.39","1.27M","2.88%"
"2015- 04- 12","63.45","58.02","64.95","57.46","760.90K","9.64%"
"2015- 04- 05","57.87","55.18","59.27","55.08","926.55K","5.31%"
"2015- 03- 29","54.95","55.96","57.69","54.00","1.00M","-2.59%"
"2015- 03- 22","56.41","55.24","59.78","54.12","1.20M","1.97%"
"2015- 03- 15","55.32","54.41","56.84","52.50","914.68K","1.19%"
"2015- 03- 08","54.67","59.62","60.02","54.43","776.44K","-8.47%"
"2015- 03- 01","59.73","62.50","62.50","59.17","1.22M","-4.55%"
"2015- 02- 22","62.58","60.30","62.83","58.10","1.31M","3.92%"
"2015- 02- 15","60.22","61.49","63.00","57.80","1.20M","-2.11%"
"2015- 02- 08","61.52","57.93","61.77","53.91","852.51K","6.44%"
"2015- 02- 01","57.80","52.68","59.06","51.41","1.77M","9.08%"
"2015- 01- 25","52.99","48.56","53.08","47.57","1.34M","8.61%"
"2015- 01- 18","48.79","50.10","50.45","47.78","1.20M","-2.75%"
"2015- 01- 11","50.17","49.93","50.62","45.19","865.74K","0.12%"
"2015- 01- 04","50.11","56.25","56.30","48.90","1.48M","-11.18%"
"2014- 12- 28","56.42","59.65","60.43","55.48","635.34K","-5.10%"
"2014- 12- 21","59.45","61.99","62.97","59.21","513.11K","-3.14%"
"2014- 12- 14","61.38","61.20","63.70","58.50","948.60K","-0.76%"
"2014- 12- 07","61.85","68.79","68.79","61.35","971.34K","-10.45%"
"2014- 11- 30","69.07","70.15","73.03","67.53","1.25M","-1.54%"
"2014- 11- 23","70.15","80.50","80.85","69.78","1.12M","-12.71%"
"2014- 11- 16","80.36","79.50","81.61","77.56","1.12M","1.20%"
"2014- 11- 09","79.41","83.26","84.97","76.76","838.85K","-4.77%"
"2014- 11- 02","83.39","85.85","86.40","81.63","1.35M","-2.88%"
"2014- 10- 26","85.86","86.08","87.94","84.55","1.09M","-0.31%"
"2014- 10- 19","86.13","86.35","87.19","84.12","1.29M","-0.03%"
"2014- 10- 12","86.16","89.89","90.18","82.60","670.08K","-4.49%"
"2014- 10- 05","90.21","91.90","93.21","88.11","1.05M","-2.27%"
"2014- 09- 28","92.31","96.81","97.80","91.48","1.21M","-4.84%"
"2014- 09- 21","97.00","98.50","98.50","95.60","936.17K","-1.41%"
"2014- 09- 14","98.39","96.90","99.61","96.21","761.86K","1.32%"
"2014- 09- 07","97.11","100.80","101.00","96.72","821.66K","-3.68%"
"2014- 08- 31","100.82","102.95","103.30","100.17","971.41K","-2.30%"
"2014- 08- 24","103.19","102.10","103.40","101.65","733.11K","0.88%"
"2014- 08- 17","102.29","103.21","103.30","101.07","836.50K","-1.20%"
"2014- 08- 10","103.53","105.00","105.43","101.92","600.82K","-1.42%"
"2014- 08- 03","105.02","104.82","106.85","104.07","1.02M","0.17%"
"2014- 07- 27","104.84","108.30","108.38","104.39","985.45K","-3.28%"
"2014- 07- 20","108.39","107.15","108.46","106.73","1.03M","1.07%"
"2014- 07- 13","107.24","106.42","108.62","104.39","681.97K","0.54%"
"2014- 07- 06","106.66","110.65","110.92","106.27","881.92K","-3.60%"
"2014- 06- 29","110.64","113.30","113.30","110.53","1.01M","-2.35%"
"2014- 06- 22","113.30","114.99","115.66","112.90","979.68K","-1.32%"
"2014- 06- 15","114.81","112.73","115.71","112.16","1.11M","1.23%"
"2014- 06- 08","113.41","108.68","114.69","108.55","684.82K","4.42%"
"2014- 06- 01","108.61","109.70","109.87","107.77","931.33K","-0.73%"
"2014- 05- 25","109.41","110.40","110.80","109.22","727.76K","-1.02%"
"2014- 05- 18","110.54","109.82","111.04","109.10","908.24K","0.72%"
"2014- 05- 11","109.75","107.94","110.60","107.94","641.84K","1.72%"
"2014- 05- 04","107.89","108.92","109.02","106.96","894.32K","-0.64%"
"2014- 04- 27","108.59","109.50","110.20","106.85","1.07M","-0.90%"
"2014- 04- 20","109.58","109.76","110.65","108.53","886.36K","0.05%"
"2014- 04- 13","109.53","107.42","110.36","107.26","508.72K","2.05%"
"2014- 04- 06","107.33","106.35","108.14","105.13","783.50K","0.57%"
"2014- 03- 30","106.72","108.00","108.33","103.95","1.02M","-1.25%"
"2014- 03- 23","108.07","107.01","108.39","106.44","801.44K","1.08%"
"2014- 03- 16","106.92","108.55","108.60","105.41","898.29K","-1.52%"
"2014- 03- 09","108.57","108.73","108.85","106.98","554.56K","-0.39%"
"2014- 03- 02","109.00","109.44","112.39","107.37","1.13M","-0.06%"
"2014- 02- 23","109.07","109.65","110.77","108.40","969.85K","-0.71%"
"2014- 02- 16","109.85","109.13","110.82","108.64","676.67K","0.71%"
"2014- 02- 09","109.08","109.75","109.75","107.85","570.64K","-0.45%"
"2014- 02- 02","109.57","106.40","109.74","105.40","1.07M","2.98%"
"2014- 01- 26","106.40","107.91","108.40","106.30","1.02M","-1.37%"
"2014- 01- 19","107.88","106.28","108.33","105.81","1.03M","1.31%"
"2014- 01- 12","106.48","107.25","107.64","105.44","546.84K","-0.72%"
"2014- 01- 05","107.25","106.80","108.20","106.03","929.50K","0.34%"
"2013- 12- 29","106.89","112.20","112.64","106.79","587.84K","-4.72%"
"2013- 12- 22","112.18","111.55","112.80","111.27","326.41K","0.37%"
"2013- 12- 15","111.77","109.15","111.89","107.80","690.62K","2.70%"
"2013- 12- 08","108.83","111.69","111.79","108.02","818.70K","-2.49%"
"2013- 12- 01","111.61","109.60","113.02","109.28","1.07M","1.75%"
"2013- 11- 24","109.69","109.00","111.66","108.05","861.07K","-1.22%"
"2013- 11- 17","111.05","108.50","111.40","106.51","1.16M","2.35%"
"2013- 11- 10","108.50","105.17","108.96","105.15","662.84K","3.22%"
"2013- 11- 03","105.12","105.78","106.58","102.98","1.20M","-0.75%"
"2013- 10- 27","105.91","107.04","110.16","105.78","1.22M","-0.95%"
"2013- 10- 20","106.93","109.96","110.94","106.27","1.21M","-2.74%"
"2013- 10- 13","109.94","110.87","111.41","108.71","631.18K","-1.20%"
"2013- 10- 06","111.28","109.21","112.00","107.89","916.44K","1.66%"
"2013- 09- 29","109.46","108.20","109.85","106.81","872.60K","0.76%"
"2013- 09- 22","108.63","109.22","110.09","107.43","912.18K","-0.54%"
"2013- 09- 15","109.22","111.25","111.49","107.41","1.03M","-3.16%"
"2013- 09- 08","112.78","115.93","116.18","110.59","598.15K","-2.88%"
"2013- 09- 01","116.12","114.00","116.56","112.20","855.45K","1.85%"
"2013- 08- 25","114.01","111.15","117.34","110.50","1.16M","2.67%"
"2013- 08- 18","111.04","110.53","111.23","108.61","991.42K","0.58%"
"2013- 08- 11","110.40","108.13","111.53","107.43","573.10K","2.01%"
"2013- 08- 04","108.22","109.09","109.44","105.85","930.58K","-0.67%"
"2013- 07- 28","108.95","107.19","110.09","105.73","957.10K","1.66%"
"2013- 07- 21","107.17","108.30","108.68","106.25","882.47K","-0.83%"
"2013- 07- 14","108.07","108.99","109.72","107.01","713.03K","-0.68%"
"2013- 07- 07","108.81","108.00","109.14","106.79","861.68K","1.01%"
"2013- 06- 30","107.72","101.90","107.88","101.63","990.53K","5.44%"
"2013- 06- 23","102.16","100.61","103.44","99.67","1.05M","1.24%"
"2013- 06- 16","100.91","105.77","106.67","100.04","1.04M","-4.74%"
"2013- 06- 09","105.93","104.56","106.64","101.82","629.16K","1.31%"
"2013- 06- 02","104.56","100.15","105.01","99.66","1.17M","4.15%"
"2013- 05- 26","100.39","102.52","104.69","100.03","874.08K","-2.19%"
"2013- 05- 19","102.64","104.75","105.31","100.64","918.43K","-1.91%"
"2013- 05- 12","104.64","103.26","104.87","101.20","660.20K","0.70%"
"2013- 05- 05","103.91","104.25","105.94","101.56","1.04M","-0.27%"
"2013- 04- 28","104.19","102.79","104.92","98.76","1.27M","1.00%"
"2013- 04- 21","103.16","99.56","103.49","98.78","1.13M","3.52%"
"2013- 04- 14","99.65","103.03","103.09","96.75","1.13M","-3.36%"
"2013- 04- 07","103.11","104.28","106.50","101.09","793.40K","-0.97%"
"2013- 03- 31","104.12","110.15","111.79","103.62","1.17M","-5.36%"
"2013- 03- 24","110.02","106.86","110.10","106.80","789.13K","2.19%"
"2013- 03- 17","107.66","109.83","109.83","106.90","941.94K","-1.97%"
"2013- 03- 10","109.82","110.67","111.20","107.91","621.43K","-0.93%"
"2013- 03- 03","110.85","110.58","112.23","109.14","1.10M","0.41%"
"2013- 02- 24","110.40","114.19","115.87","109.82","1.14M","-3.24%"
"2013- 02- 17","114.10","117.81","118.19","113.32","836.79K","-3.03%"
"2013- 02- 10","117.66","118.90","119.12","116.28","670.44K","-1.04%"
"2013- 02- 03","118.90","116.50","119.17","115.01","1.10M","1.83%"
"2013- 01- 27","116.76","113.45","117.07","112.60","1.02M","3.07%"
"2013- 01- 20","113.28","111.67","113.84","111.35","938.08K","1.24%"
"2013- 01- 13","111.89","110.62","112.46","109.45","619.99K","1.13%"
"2013- 01- 06","110.64","111.42","113.29","109.60","934.49K","-0.60%"
"2012- 12- 30","111.31","110.35","112.90","109.38","663.44K","0.62%"
"2012- 12- 23","110.62","109.02","111.52","108.13","347.44K","1.51%"
"2012- 12- 16","108.97","108.30","110.66","107.58","697.93K","-0.16%"
"2012- 12- 09","109.15","107.30","110.50","107.01","592.32K","1.99%"
"2012- 12- 02","107.02","110.96","112.33","106.63","990.76K","-3.78%"
"2012- 11- 25","111.23","111.16","111.48","108.44","923.41K","-0.13%"
"2012- 11- 18","111.38","109.20","112.20","109.01","821.05K","2.23%"
"2012- 11- 11","108.95","109.59","111.12","107.38","656.84K","-0.41%"
"2012- 11- 04","109.40","105.55","111.64","104.76","1.14M","3.52%"
"2012- 10- 28","105.68","109.65","110.26","105.50","932.63K","-3.53%"
"2012- 10- 21","109.55","109.95","110.97","106.80","1.13M","-0.54%"
"2012- 10- 14","110.14","114.64","116.20","109.90","771.05K","-3.91%"
"2012- 10- 07","114.62","111.99","116.02","110.54","827.28K","2.32%"
"2012- 09- 30","112.02","112.34","113.27","107.67","1.03M","-0.33%"
"2012- 09- 23","112.39","111.50","113.40","108.45","993.01K","0.87%"
"2012- 09- 16","111.42","116.67","117.02","107.10","1.14M","-4.49%"
"2012- 09- 09","116.66","114.55","117.95","113.92","643.23K","2.11%"
"2012- 09- 02","114.25","114.70","116.65","112.34","984.91K","-0.28%"
"2012- 08- 26","114.57","113.80","115.50","111.50","911.74K","0.86%"
"2012- 08- 19","113.59","113.83","116.38","112.87","950.28K","-0.11%"
"2012- 08- 12","113.71","113.40","117.03","112.70","526.93K","0.67%"
"2012- 08- 05","112.95","108.60","113.54","107.90","796.88K","3.68%"
"2012- 07- 29","108.94","106.37","109.13","104.06","1.02M","2.32%"
"2012- 07- 22","106.47","106.90","106.94","102.10","1.06M","-0.34%"
"2012- 07- 15","106.83","102.76","108.18","102.07","771.59K","4.33%"
"2012- 07- 08","102.40","98.15","103.44","97.73","884.74K","4.29%"
"2012- 07- 01","98.19","97.60","102.34","95.30","1.15M","0.40%"
"2012- 06- 24","97.80","91.65","98.29","89.60","1.19M","7.50%"
"2012- 06- 17","90.98","98.04","99.50","88.49","1.43M","-6.79%"
"2012- 06- 10","97.61","100.24","102.21","96.33","801.82K","-1.87%"
"2012- 06- 03","99.47","98.43","102.45","95.63","1.10M","1.06%"
"2012- 05- 27","98.43","106.83","108.04","97.54","1.09M","-7.86%"
"2012- 05- 20","106.83","107.40","109.43","105.03","928.35K","-0.29%"
"2012- 05- 13","107.14","112.07","112.67","106.40","872.78K","-4.56%"
"2012- 05- 06","112.26","112.80","113.64","110.34","1.04M","-0.81%"
"2012- 04- 29","113.18","119.70","120.02","111.76","1.11M","-5.55%"
"2012- 04- 22","119.83","118.70","120.17","117.21","1.02M","0.90%"
"2012- 04- 15","118.76","121.00","121.00","116.70","1.12M","-2.52%"
"2012- 04- 08","121.83","122.85","122.86","119.05","635.27K","-1.30%"
"2012- 04- 01","123.43","122.94","125.97","121.70","860.92K","0.45%"
"2012- 03- 25","122.88","125.04","126.18","121.37","962.65K","-1.80%"
"2012- 03- 18","125.13","125.60","127.06","122.30","863.37K","-0.54%"
"2012- 03- 11","125.81","125.84","126.79","120.97","572.38K","-0.13%"
"2012- 03- 04","125.98","123.37","126.37","121.59","931.21K","1.88%"
"2012- 02- 26","123.65","125.25","128.40","120.50","1.07M","-1.45%"
"2012- 02- 19","125.47","120.00","125.55","119.21","763.55K","4.93%"
"2012- 02- 12","119.58","117.69","120.70","117.00","757.41K","1.94%"
"2012- 02- 05","117.31","114.58","118.79","113.65","1.04M","2.38%"
"2012- 01- 29","114.58","111.50","114.71","110.25","1.06M","2.80%"
"2012- 01- 22","111.46","110.04","111.99","108.91","970.27K","1.46%"
"2012- 01- 15","109.86","110.70","112.76","109.42","754.75K","-0.53%"
"2012- 01- 08","110.44","113.42","115.12","109.71","839.16K","-2.32%"
"2012- 01- 01","113.06","108.35","114.64","108.35","796.13K","5.29%"
"2011- 12- 25","107.38","108.16","109.50","106.50","367.51K","-0.54%"
"2011- 12- 18","107.96","103.63","108.55","102.37","638.97K","4.46%"
"2011- 12- 11","103.35","108.75","111.10","102.46","550.96K","-4.85%"
"2011- 12- 04","108.62","110.36","111.62","107.11","779.75K","-1.20%"
"2011- 11- 27","109.94","106.73","112.03","106.63","1.01M","3.33%"
"2011- 11- 20","106.40","107.46","109.45","105.65","787.24K","-1.08%"
"2011- 11- 13","107.56","114.63","114.83","106.97","891.54K","-5.78%"
"2011- 11- 06","114.16","112.41","116.48","111.26","1.04M","1.96%"
"2011- 10- 30","111.97","110.13","112.48","106.10","1.05M","1.87%"
"2011- 10- 23","109.91","109.32","112.79","108.76","1.08M","0.32%"
"2011- 10- 16","109.56","112.46","113.86","107.31","1.19M","-4.46%"
"2011- 10- 09","114.68","106.01","114.80","105.65","548.73K","8.31%"
"2011- 10- 02","105.88","102.00","106.64","99.11","1.05M","3.04%"
"2011- 09- 25","102.76","103.61","107.54","101.66","1.09M","-1.16%"
"2011- 09- 18","103.97","111.71","112.44","103.43","1.11M","-7.35%"
"2011- 09- 11","112.22","112.43","116.10","110.42","614.80K","-0.49%"
"2011- 09- 04","112.77","112.50","116.60","109.85","854.74K","0.39%"
"2011- 08- 28","112.33","110.77","115.36","110.53","897.23K","0.87%"
"2011- 08- 21","111.36","108.50","111.70","105.15","1.10M","2.52%"
"2011- 08- 14","108.62","108.10","111.74","105.06","836.44K","0.55%"
"2011- 08- 07","108.03","108.50","109.16","98.74","1.21M","-1.23%"
"2011- 07- 31","109.37","117.00","120.40","104.30","1.31M","-6.31%"
"2011- 07- 24","116.74","118.36","119.05","115.75","867.96K","-1.63%"
"2011- 07- 17","118.67","117.55","119.25","114.66","810.12K","1.20%"
"2011- 07- 10","117.26","118.27","119.86","114.95","599.72K","-0.90%"
"2011- 07- 03","118.33","111.30","119.87","110.45","849.93K","5.87%"
"2011- 06- 26","111.77","105.36","113.24","102.28","1.00M","6.33%"
"2011- 06- 19","105.12","112.96","114.48","103.62","1.36M","-7.15%"
"2011- 06- 12","113.21","118.46","121.47","111.05","854.53K","-4.69%"
"2011- 06- 05","118.78","115.96","120.07","113.80","1.06M","2.54%"
"2011- 05- 29","115.84","114.87","117.49","113.40","790.33K","0.70%"
"2011- 05- 22","115.03","112.12","115.68","108.58","941.49K","2.35%"
"2011- 05- 15","112.39","113.56","114.00","108.07","815.77K","-1.27%"
"2011- 05- 08","113.83","110.20","118.43","109.05","1.29M","4.31%"
"2011- 05- 01","109.13","126.10","126.54","105.15","1.38M","-13.31%"
"2011- 04- 24","125.89","123.99","126.66","122.71","696.71K","1.53%"
"2011- 04- 17","123.99","123.15","124.81","119.03","689.98K","0.44%"
"2011- 04- 10","123.45","126.58","127.02","120.00","668.29K","-2.53%"
"2011- 04- 03","126.65","119.05","126.91","118.75","836.78K","6.70%"
"2011- 03- 27","118.70","115.75","119.14","113.52","781.30K","2.69%"
"2011- 03- 20","115.59","114.75","116.40","114.15","723.75K","1.46%"
"2011- 03- 13","113.93","113.60","117.29","107.35","669.63K","0.08%"
"2011- 03- 06","113.84","116.12","118.50","112.13","991.01K","-1.84%"
"2011- 02- 27","115.97","112.50","117.81","111.25","956.95K","3.42%"
"2011- 02- 20","112.14","102.96","119.79","102.93","1.12M","9.38%"
"2011- 02- 13","102.52","101.13","104.52","100.73","1.01M","1.07%"
"2011- 02- 06","101.43","99.83","102.88","97.51","682.42K","1.60%"
"2011- 01- 30","99.83","99.61","103.37","98.50","897.82K","0.41%"
"2011- 01- 23","99.42","97.59","99.74","94.75","1.07M","1.86%"
"2011- 01- 16","97.60","98.33","98.75","95.43","850.12K","-1.09%"
"2011- 01- 09","98.68","93.80","99.20","93.60","601.76K","5.73%"
"2011- 01- 02","93.33","94.75","96.17","92.37","863.12K","-1.50%"
"2010- 12- 26","94.75","93.76","95.20","92.18","333.81K","1.05%"
"2010- 12- 19","93.77","91.65","94.74","91.02","443.95K","2.29%"
"2010- 12- 12","91.67","90.65","92.42","90.33","504.82K","1.32%"
"2010- 12- 05","90.48","91.46","92.86","89.86","766.89K","-1.03%"
"2010- 11- 28","91.42","85.50","91.85","85.41","911.68K","6.82%"
"2010- 11- 21","85.58","84.34","86.50","82.43","693.29K","1.47%"
"2010- 11- 14","84.34","86.44","87.37","82.96","833.82K","-2.32%"
"2010- 11- 07","86.34","88.30","89.70","85.76","836.20K","-2.01%"
"2010- 10- 31","88.11","83.13","88.80","82.82","865.73K","5.97%"
"2010- 10- 24","83.15","83.15","84.20","81.85","905.49K","0.23%"
"2010- 10- 17","82.96","83.05","84.50","80.75","991.87K","0.62%"
"2010- 10- 10","82.45","84.33","85.46","81.95","609.11K","-1.88%"
"2010- 10- 03","84.03","83.81","86.02","81.86","835.49K","0.33%"
"2010- 09- 26","83.75","79.01","83.81","77.60","837.26K","6.19%"
"2010- 09- 19","78.87","78.20","80.00","76.75","776.64K","0.84%"
"2010- 09- 12","78.21","78.23","79.90","77.25","540.43K","0.06%"
"2010- 09- 05","78.16","76.62","78.85","75.56","751.10K","1.94%"
"2010- 08- 29","76.67","76.65","77.46","74.24","759.66K","0.03%"
"2010- 08- 22","76.65","74.46","76.93","71.75","883.59K","3.22%"
"2010- 08- 15","74.26","75.12","77.69","74.00","631.03K","-1.13%"
"2010- 08- 08","75.11","80.49","81.38","74.67","722.62K","-6.30%"
"2010- 08- 01","80.16","78.11","82.86","78.10","778.07K","2.53%"
"2010- 07- 25","78.18","77.45","78.31","74.80","791.05K","0.94%"
"2010- 07- 18","77.45","75.13","78.10","74.75","734.89K","2.76%"
"2010- 07- 11","75.37","75.19","77.79","73.67","442.83K","-0.07%"
"2010- 07- 04","75.42","71.56","75.86","70.77","599.58K","5.26%"
"2010- 06- 27","71.65","78.14","78.66","71.21","838.28K","-8.28%"
"2010- 06- 20","78.12","78.49","79.86","75.40","741.32K","-0.13%"
"2010- 06- 13","78.22","74.51","79.10","74.44","669.20K","5.21%"
"2010- 06- 06","74.35","71.55","75.88","70.50","753.17K","3.13%"
"2010- 05- 30","72.09","74.02","76.55","71.48","742.55K","-2.61%"
"2010- 05- 23","74.02","71.80","75.74","68.15","810.35K","3.26%"
"2010- 05- 16","71.68","78.05","78.47","70.20","1.07M","-7.13%"
"2010- 05- 09","77.18","78.90","81.76","76.80","597.19K","-1.39%"
"2010- 05- 02","78.27","87.44","89.58","77.51","975.37K","-10.49%"
"2010- 04- 25","87.44","87.27","87.75","84.88","822.24K","0.22%"
"2010- 04- 18","87.25","85.74","87.33","83.25","942.50K","1.47%"
"2010- 04- 11","85.99","84.87","87.58","83.51","581.67K","1.37%"
"2010- 04- 04","84.83","84.47","86.63","83.95","645.41K","0.98%"
"2010- 03- 28","84.01","79.48","84.50","79.48","562.39K","5.95%"
"2010- 03- 21","79.29","79.61","81.17","78.00","808.36K","-0.74%"
"2010- 03- 14","79.88","79.09","82.08","77.25","569.46K","0.62%"
"2010- 03- 07","79.39","80.21","81.46","78.70","702.04K","-0.63%"
"2010- 02- 28","79.89","77.69","80.53","76.21","869.14K","2.96%"
"2010- 02- 21","77.59","78.44","78.94","75.29","794.86K","-0.77%"
"2010- 02- 14","78.19","73.12","78.45","72.29","728.54K","7.26%"
"2010- 02- 07","72.90","70.36","74.00","69.21","661.90K","4.76%"
"2010- 01- 31","69.59","71.35","76.99","67.87","1.10M","-2.62%"
"2010- 01- 24","71.46","72.46","73.80","71.02","771.05K","-1.88%"
"2010- 01- 17","72.83","76.91","77.85","72.17","779.63K","-5.55%"
"2010- 01- 10","77.11","81.53","82.45","76.81","559.91K","-5.24%"
"2010- 01- 03","81.37","78.49","82.21","78.34","701.03K","4.41%"
"2009- 12- 27","77.93","76.30","78.94","76.20","246.50K","2.12%"
"2009- 12- 20","76.31","73.62","76.50","71.97","360.70K","3.47%"
"2009- 12- 13","73.75","71.47","74.84","71.16","481.44K","2.60%"
"2009- 12- 06","71.88","77.83","78.25","71.02","742.70K","-7.28%"
"2009- 11- 29","77.52","77.46","79.91","76.40","791.45K","0.44%"
"2009- 11- 22","77.18","77.55","79.58","73.70","729.08K","-0.03%"
"2009- 11- 15","77.20","76.79","80.14","76.50","693.81K","2.18%"
"2009- 11- 08","75.55","76.26","78.92","75.03","559.47K","-0.42%"
"2009- 11- 01","75.87","75.24","79.45","74.98","775.21K","0.89%"
"2009- 10- 25","75.20","78.49","80.10","75.09","785.75K","-4.71%"
"2009- 10- 18","78.92","77.09","80.26","76.04","704.21K","2.51%"
"2009- 10- 11","76.99","70.29","77.22","70.29","477.97K","9.99%"
"2009- 10- 04","70.00","67.45","70.56","65.90","688.81K","2.84%"
"2009- 09- 27","68.07","65.42","69.79","64.49","663.74K","4.55%"
"2009- 09- 20","65.11","71.17","71.45","64.08","738.47K","-8.71%"
"2009- 09- 13","71.32","67.68","72.20","66.66","497.73K","5.36%"
"2009- 09- 06","67.69","66.69","70.88","66.38","604.53K","1.30%"
"2009- 08- 30","66.82","72.79","72.95","65.96","628.32K","-8.20%"
"2009- 08- 23","72.79","74.21","74.75","70.42","599.52K","-1.89%"
"2009- 08- 16","74.19","71.35","74.97","69.21","580.85K","2.46%"
"2009- 08- 09","72.41","73.23","74.72","71.68","315.56K","-1.60%"
"2009- 08- 02","73.59","71.98","76.00","71.50","554.22K","2.64%"
"2009- 07- 26","71.70","70.06","72.12","66.14","657.09K","1.96%"
"2009- 07- 19","70.32","65.03","70.46","65.03","559.43K","7.56%"
"2009- 07- 12","65.38","60.66","65.93","59.49","345.38K","8.03%"
"2009- 07- 05","60.52","65.20","65.46","59.53","594.85K","-7.76%"
"2009- 06- 28","65.61","68.95","73.50","65.25","599.43K","-4.80%"
"2009- 06- 21","68.92","69.47","70.81","65.90","631.90K","-0.39%"
"2009- 06- 14","69.19","70.93","72.40","68.56","450.12K","-2.44%"
"2009- 06- 07","70.92","67.79","72.27","66.88","466.25K","3.78%"
"2009- 05- 31","68.34","65.77","69.91","64.91","576.28K","4.30%"
"2009- 05- 24","65.52","61.00","65.80","58.41","441.20K","7.80%"
"2009- 05- 17","60.78","56.17","60.94","55.91","516.60K","8.57%"
"2009- 05- 10","55.98","57.80","59.05","55.85","414.84K","-3.72%"
"2009- 05- 03","58.14","52.60","58.50","52.36","484.25K","10.01%"
"2009- 04- 26","52.85","51.04","53.05","48.40","543.45K","2.28%"
"2009- 04- 19","51.67","53.06","53.06","48.31","547.81K","-3.15%"
"2009- 04- 12","53.35","53.98","54.12","50.90","291.73K","-1.31%"
"2009- 04- 05","54.06","53.50","54.31","49.80","412.16K","1.10%"
"2009- 03- 29","53.47","51.50","54.26","47.26","584.20K","2.87%"
"2009- 03- 22","51.98","51.30","53.86","51.10","474.29K","1.48%"
"2009- 03- 15","51.22","44.25","51.70","42.59","435.26K","14.00%"
"2009- 03- 08","44.93","45.42","46.36","41.30","479.15K","0.18%"
"2009- 03- 01","44.85","45.56","46.54","41.60","546.33K","-3.24%"
"2009- 02- 22","46.35","41.66","46.63","40.30","573.11K","10.65%"
"2009- 02- 15","41.89","44.30","45.50","39.35","459.81K","-6.52%"
"2009- 02- 08","44.81","46.06","48.42","43.92","420.34K","-3.03%"
"2009- 02- 01","46.21","46.06","47.48","43.70","475.52K","0.72%"
"2009- 01- 25","45.88","47.46","49.65","43.55","585.08K","-5.15%"
"2009- 01- 18","48.37","46.30","48.61","42.85","564.80K","3.87%"
"2009- 01- 11","46.57","44.57","49.12","41.84","353.28K","4.84%"
"2009- 01- 04","44.42","48.20","52.21","42.79","568.97K","-5.31%"
"2008- 12- 28","46.91","39.78","47.33","38.10","295.46K","22.26%"
"2008- 12- 21","38.37","44.65","44.77","36.20","222.96K","-12.80%"
"2008- 12- 14","44.00","46.00","49.96","43.03","422.74K","-5.19%"
"2008- 12- 07","46.41","40.48","48.36","40.48","476.16K","16.78%"
"2008- 11- 30","39.74","53.00","53.00","39.35","535.33K","-25.71%"
"2008- 11- 23","53.49","50.00","54.90","48.00","498.11K","8.74%"
"2008- 11- 16","49.19","53.37","56.15","47.40","568.44K","-9.31%"
"2008- 11- 09","54.24","58.38","61.98","50.60","431.12K","-5.42%"
"2008- 11- 02","57.35","64.30","67.76","56.44","624.08K","-12.20%"
"2008- 10- 26","65.32","61.93","68.35","59.02","605.04K","5.27%"
"2008- 10- 19","62.05","70.65","73.61","61.00","595.95K","-10.85%"
"2008- 10- 12","69.60","77.00","80.74","65.45","348.34K","-6.06%"
"2008- 10- 05","74.09","88.30","88.65","73.14","521.88K","-17.91%"
"2008- 09- 28","90.25","103.29","103.29","88.00","580.52K","-12.84%"
"2008- 09- 21","103.54","99.50","107.11","99.50","584.58K","3.95%"
"2008- 09- 14","99.61","95.99","100.50","88.90","565.57K","2.08%"
"2008- 09- 07","97.58","105.74","106.90","96.33","455.60K","-6.25%"
"2008- 08- 31","104.09","115.50","115.56","103.43","484.67K","-8.73%"
"2008- 08- 24","114.05","113.00","118.26","111.65","521.20K","0.11%"
"2008- 08- 17","113.92","112.30","120.93","110.70","526.78K","1.22%"
"2008- 08- 10","112.55","113.85","115.32","110.31","330.70K","-0.69%"
"2008- 08- 03","113.33","125.30","125.30","112.80","520.06K","-8.74%"
"2008- 07- 27","124.18","124.40","127.94","120.88","531.31K","-0.27%"
"2008- 07- 20","124.52","131.04","133.75","123.39","516.39K","-4.36%"
"2008- 07- 13","130.19","144.37","145.55","129.66","384.48K","-9.90%"
"2008- 07- 06","144.49","144.40","147.50","135.50","518.19K","0.05%"
"2008- 06- 29","144.42","141.29","146.69","139.54","398.92K","2.93%"
"2008- 06- 22","140.31","134.56","142.97","132.00","544.93K","4.04%"
"2008- 06- 15","134.86","134.79","139.32","131.48","538.24K","0.45%"
"2008- 06- 08","134.25","137.25","137.74","130.50","378.97K","-2.50%"
"2008- 06- 01","137.69","127.22","138.12","121.32","582.89K","7.76%"
"2008- 05- 25","127.78","131.25","133.41","125.00","514.78K","-2.88%"
"2008- 05- 18","131.57","125.28","135.14","123.59","608.54K","5.26%"
"2008- 05- 11","124.99","125.63","126.34","120.10","414.60K","-0.33%"
"2008- 05- 04","125.40","114.54","125.90","114.21","568.66K","9.46%"
"2008- 04- 27","114.56","117.32","117.51","108.42","624.31K","-1.53%"
"2008- 04- 20","116.34","113.85","117.56","112.49","616.42K","2.12%"
"2008- 04- 13","113.92","108.26","114.22","108.09","394.99K","4.75%"
"2008- 04- 06","108.75","104.68","109.98","104.60","512.57K","3.67%"
"2008- 03- 30","104.90","103.36","105.32","98.99","559.92K","1.09%"
"2008- 03- 23","103.77","99.75","105.60","98.70","492.54K","3.38%"
"2008- 03- 16","100.38","106.00","107.97","98.00","561.09K","-6.67%"
"2008- 03- 09","107.55","102.30","108.02","101.20","390.48K","5.05%"
"2008- 03- 02","102.38","100.12","103.98","96.92","643.00K","2.28%"
"2008- 02- 24","100.10","97.23","101.27","96.34","584.90K","3.19%"
"2008- 02- 17","97.01","94.90","99.22","94.44","493.41K","2.52%"
"2008- 02- 10","94.63","92.68","95.80","91.09","438.78K","2.93%"
"2008- 02- 03","91.94","89.10","92.32","86.83","566.03K","2.80%"
"2008- 01- 27","89.44","90.70","92.83","88.95","624.46K","-1.61%"
"2008- 01- 20","90.90","89.57","91.40","85.00","574.28K","1.87%"
"2008- 01- 13","89.23","91.07","93.25","88.21","374.63K","-2.02%"
"2008- 01- 06","91.07","96.69","97.48","90.83","570.06K","-5.91%"
"2007- 12- 30","96.79","94.29","98.50","93.25","311.22K","3.10%"
"2007- 12- 23","93.88","92.29","95.87","91.35","199.26K","1.54%"
"2007- 12- 16","92.46","91.69","92.95","89.33","441.62K","-0.23%"
"2007- 12- 09","92.67","88.77","94.44","87.51","349.21K","4.55%"
"2007- 12- 02","88.64","88.74","91.91","86.56","530.48K","0.43%"
"2007- 11- 25","88.26","95.90","96.65","87.55","666.09K","-7.83%"
"2007- 11- 18","95.76","91.87","96.53","90.98","408.69K","4.52%"
"2007- 11- 11","91.62","92.54","93.46","87.88","422.61K","-1.67%"
"2007- 11- 04","93.18","91.84","95.19","90.18","503.83K","1.19%"
"2007- 10- 28","92.08","88.69","92.21","86.13","547.20K","3.82%"
"2007- 10- 21","88.69","83.66","89.30","81.63","521.57K","5.85%"
"2007- 10- 14","83.79","80.00","84.88","80.00","415.34K","4.02%"
"2007- 10- 07","80.55","78.42","80.92","75.64","394.56K","2.09%"
"2007- 09- 30","78.90","79.25","79.54","76.31","447.52K","-0.34%"
"2007- 09- 23","79.17","78.90","81.05","76.36","541.33K","-0.16%"
"2007- 09- 16","79.30","76.20","79.94","75.52","557.21K","4.04%"
"2007- 09- 09","76.22","74.83","77.93","73.86","323.29K","1.53%"
"2007- 09- 02","75.07","72.69","75.70","72.69","371.92K","3.27%"
"2007- 08- 26","72.69","70.55","73.09","69.49","399.80K","2.93%"
"2007- 08- 19","70.62","69.70","70.84","68.14","430.88K","0.26%"
"2007- 08- 12","70.44","70.40","72.24","68.87","246.44K","0.07%"
"2007- 08- 05","70.39","74.45","74.73","68.95","462.07K","-5.83%"
"2007- 07- 29","74.75","76.06","77.18","74.24","439.12K","-1.98%"
"2007- 07- 22","76.26","77.32","77.50","74.23","464.54K","-1.78%"
"2007- 07- 15","77.64","77.55","78.40","75.03","364.57K","0.09%"
"2007- 07- 08","77.57","75.46","77.70","74.91","242.31K","2.58%"
"2007- 07- 01","75.62","71.22","76.01","70.92","351.67K","5.90%"
"2007- 06- 24","71.41","70.75","71.60","69.40","448.86K","0.32%"
"2007- 06- 17","71.18","71.59","72.25","69.56","488.81K","-0.41%"
"2007- 06- 10","71.47","68.69","71.88","68.20","238.73K","4.18%"
"2007- 06- 03","68.60","68.94","71.72","68.41","442.85K","-0.68%"
"2007- 05- 27","69.07","70.50","70.50","66.80","425.53K","-2.29%"
"2007- 05- 20","70.69","69.44","71.80","69.10","514.47K","1.83%"
"2007- 05- 13","69.42","66.65","70.35","65.93","346.86K","3.88%"
"2007- 05- 06","66.83","65.18","66.98","63.80","437.11K","2.33%"
"2007- 04- 29","65.31","68.23","68.73","64.95","490.90K","-4.53%"
"2007- 04- 22","68.41","66.51","68.75","65.98","463.52K","2.89%"
"2007- 04- 15","66.49","68.75","69.17","64.76","485.22K","-3.60%"
"2007- 04- 08","68.97","67.87","69.59","66.38","155.64K","1.07%"
"2007- 04- 01","68.24","67.91","69.58","66.93","304.49K","0.21%"
"2007- 03- 25","68.10","63.55","69.14","63.33","511.77K","7.79%"
"2007- 03- 18","63.18","60.64","63.68","60.00","498.02K","4.78%"
"2007- 03- 11","60.30","61.01","62.11","59.79","268.42K","-1.36%"
"2007- 03- 04","61.13","61.70","62.84","60.00","405.02K","-1.53%"
"2007- 02- 25","62.08","61.05","62.74","60.10","465.21K","1.97%"
"2007- 02- 18","60.88","58.80","61.68","56.81","474.72K","3.27%"
"2007- 02- 11","58.95","58.51","59.03","56.10","348.59K","-0.10%"
"2007- 02- 04","59.01","58.55","59.63","56.74","471.65K","1.03%"
"2007- 01- 28","58.41","55.46","58.67","53.56","529.29K","5.64%"
"2007- 01- 21","55.29","53.75","55.88","52.18","518.62K","3.46%"
"2007- 01- 14","53.44","53.09","53.63","50.75","372.75K","0.93%"
"2007- 01- 07","52.95","55.86","57.19","51.65","490.84K","-4.83%"
"2006- 12- 31","55.64","60.88","61.64","54.50","385.16K","-8.58%"
"2006- 12- 24","60.86","62.54","63.30","60.04","177.62K","-2.50%"
"2006- 12- 17","62.42","63.34","63.59","61.47","335.21K","-1.69%"
"2006- 12- 10","63.49","62.16","63.61","61.05","199.56K","2.07%"
"2006- 12- 03","62.20","64.59","64.75","62.13","367.46K","-3.74%"
"2006- 11- 26","64.62","59.78","64.92","59.47","470.81K","7.65%"
"2006- 11- 19","60.03","58.50","60.58","58.24","334.67K","1.76%"
"2006- 11- 12","58.99","59.80","61.37","57.85","330.95K","-1.21%"
"2006- 11- 05","59.71","58.94","61.43","58.44","419.30K","0.95%"
"2006- 10- 29","59.15","61.20","61.20","57.39","488.04K","-3.16%"
"2006- 10- 22","61.08","59.25","62.35","58.52","424.71K","2.35%"
"2006- 10- 15","59.68","59.40","62.50","58.82","387.80K","0.27%"
"2006- 10- 08","59.52","60.25","61.66","58.16","343.71K","-0.52%"
"2006- 10- 01","59.83","62.70","62.82","57.70","454.96K","-4.24%"
"2006- 09- 24","62.48","60.05","63.63","59.32","450.36K","3.43%"
"2006- 09- 17","60.41","63.47","64.86","60.11","406.79K","-4.61%"
"2006- 09- 10","63.33","65.20","65.44","61.96","287.44K","-3.06%"
"2006- 09- 03","65.33","69.15","69.49","65.16","309.46K","-5.52%"
"2006- 08- 27","69.15","72.21","72.47","68.82","377.68K","-4.88%"
"2006- 08- 20","72.70","72.59","74.09","71.61","347.53K","0.55%"
"2006- 08- 13","72.30","75.16","75.26","71.31","211.61K","-4.40%"
"2006- 08- 06","75.63","76.15","78.65","75.10","224.10K","-0.71%"
"2006- 07- 30","76.17","73.22","77.47","72.70","372.62K","3.79%"
"2006- 07- 23","73.39","73.85","75.54","72.78","445.51K","-0.49%"
"2006- 07- 16","73.75","77.98","78.18","72.59","485.92K","-4.56%"
"2006- 07- 09","77.27","73.20","78.03","72.11","217.74K","5.11%"
"2006- 07- 02","73.51","73.26","75.09","72.45","299.05K","0.00%"
"2006- 06- 25","73.51","69.86","73.69","69.47","354.45K","5.12%"
"2006- 06- 18","69.93","68.75","70.38","67.42","406.55K","1.64%"
"2006- 06- 11","68.80","70.50","71.20","66.33","224.77K","-2.38%"
"2006- 06- 04","70.48","72.20","72.67","67.73","375.62K","-0.77%"
"2006- 05- 28","71.03","70.80","71.99","69.01","355.20K","0.62%"
"2006- 05- 21","70.59","68.95","71.35","67.63","368.89K","2.78%"
"2006- 05- 14","68.68","71.50","71.50","68.25","317.85K","-4.85%"
"2006- 05- 07","72.18","71.10","73.88","69.06","349.37K","1.83%"
"2006- 04- 30","70.88","71.98","74.97","69.79","355.71K","-2.23%"
"2006- 04- 23","72.50","74.63","74.76","70.45","428.17K","-2.25%"
"2006- 04- 16","74.17","70.99","74.79","70.52","367.08K","5.75%"
"2006- 04- 09","70.14","67.30","70.99","67.30","184.25K","4.24%"
"2006- 04- 02","67.29","66.30","68.24","65.73","325.76K","2.09%"
"2006- 03- 26","65.91","63.50","67.05","62.80","345.72K","3.78%"
"2006- 03- 19","63.51","63.29","63.90","60.98","349.85K","0.40%"
"2006- 03- 12","63.26","60.80","64.35","60.60","168.08K","3.99%"
"2006- 03- 05","60.83","64.18","64.18","59.26","331.79K","-5.22%"
"2006- 02- 26","64.18","62.20","64.64","60.36","343.11K","2.52%"
"2006- 02- 19","62.60","60.00","62.87","59.81","329.25K","4.52%"
"2006- 02- 12","59.89","59.26","60.97","57.90","266.21K","0.42%"
"2006- 02- 05","59.64","63.85","64.50","59.41","257.51K","-5.92%"
"2006- 01- 29","63.39","66.50","67.27","62.15","353.08K","-4.30%"
"2006- 01- 22","66.24","67.05","67.11","63.87","375.52K","-0.29%"
"2006- 01- 15","66.43","62.40","67.32","62.40","333.29K","6.70%"
"2006- 01- 08","62.26","62.75","63.28","61.04","256.60K","-0.73%"
"2006- 01- 01","62.72","59.35","63.09","59.08","281.53K","6.34%"
"2005- 12- 25","58.98","56.10","59.23","55.52","129.39K","4.04%"
"2005- 12- 18","56.69","57.12","57.73","55.81","225.66K","-0.77%"
"2005- 12- 11","57.13","58.03","60.40","57.06","241.23K","-0.31%"
"2005- 12- 04","57.31","57.22","59.58","56.85","340.73K","0.46%"
"2005- 11- 27","57.05","55.30","57.21","53.75","322.29K","3.71%"
"2005- 11- 20","55.01","55.25","56.66","54.75","226.80K","0.24%"
"2005- 11- 13","54.88","55.25","56.78","53.90","237.72K","-0.20%"
"2005- 11- 06","54.99","58.90","59.25","54.74","286.05K","-7.19%"
"2005- 10- 30","59.25","59.24","60.65","57.44","288.87K","-0.29%"
"2005- 10- 23","59.42","58.01","60.78","57.36","303.25K","1.61%"
"2005- 10- 16","58.48","60.28","61.12","57.05","339.60K","-1.47%"
"2005- 10- 09","59.35","59.20","61.31","57.43","205.66K","0.24%"
"2005- 10- 02","59.21","63.63","63.96","58.24","272.56K","-6.73%"
"2005- 09- 25","63.48","62.16","64.72","61.00","308.79K","1.67%"
"2005- 09- 18","62.44","62.35","65.80","62.01","369.64K","1.02%"
"2005- 09- 11","61.81","62.83","63.96","61.14","212.58K","-1.64%"
"2005- 09- 04","62.84","66.00","66.08","61.59","262.68K","-4.87%"
"2005- 08- 28","66.06","66.65","68.89","64.83","282.00K","1.83%"
"2005- 08- 21","64.87","64.40","66.65","63.59","317.44K","0.79%"
"2005- 08- 14","64.36","65.73","66.85","61.45","272.17K","-3.15%"
"2005- 08- 07","66.45","61.30","66.77","61.24","308.10K","8.81%"
"2005- 07- 31","61.07","59.85","61.26","59.37","290.25K","2.86%"
"2005- 07- 24","59.37","57.55","59.84","56.56","300.72K","3.11%"
"2005- 07- 17","57.58","57.80","58.54","55.25","307.31K","-0.05%"
"2005- 07- 10","57.61","57.60","59.58","56.50","243.27K","-1.01%"
"2005- 07- 03","58.20","57.65","60.70","55.55","268.94K","1.15%"
"2005- 06- 26","57.54","58.85","59.59","55.04","294.47K","-1.41%"
"2005- 06- 19","58.36","57.80","58.58","56.38","296.36K","1.04%"
"2005- 06- 12","57.76","52.55","57.95","52.55","196.21K","9.66%"
"2005- 06- 05","52.67","54.30","54.62","51.61","253.29K","-2.77%"
"2005- 05- 29","54.17","50.47","54.24","49.87","225.02K","6.84%"
"2005- 05- 22","50.70","47.91","50.80","47.47","282.06K","5.56%"
"2005- 05- 15","48.03","48.36","49.80","47.60","244.38K","-1.29%"
"2005- 05- 08","48.66","51.40","52.43","47.71","232.84K","-4.16%"
"2005- 05- 01","50.77","51.78","51.98","49.66","195.43K","-0.63%"
"2005- 04- 24","51.09","55.54","55.74","50.35","233.09K","-7.06%"
"2005- 04- 17","54.97","51.15","55.40","50.44","217.00K","6.51%"
"2005- 04- 10","51.61","52.80","53.60","50.40","112.56K","-2.42%"
"2005- 04- 03","52.89","56.80","57.65","52.58","163.03K","-6.41%"
"2005- 03- 27","56.51","53.00","56.60","51.80","165.93K","4.78%"
"2005- 03- 20","53.93","55.59","55.87","52.65","168.44K","-2.99%"
"2005- 03- 13","55.59","53.09","56.15","52.46","121.94K","4.69%"
"2005- 03- 06","53.10","51.74","54.30","50.95","145.14K","2.51%"
"2005- 02- 27","51.80","50.00","53.00","49.05","230.53K","4.41%"
"2005- 02- 20","49.61","46.45","49.90","46.39","256.25K","7.06%"
"2005- 02- 13","46.34","45.07","46.64","44.65","187.56K","3.44%"
"2005- 02- 06","44.80","43.70","44.92","42.46","154.98K","2.07%"
"2005- 01- 30","43.89","44.50","45.95","43.15","187.51K","-2.36%"
"2005- 01- 23","44.95","46.20","47.35","44.50","202.24K","-1.71%"
"2005- 01- 16","45.73","45.35","46.35","43.73","197.93K","1.28%"
"2005- 01- 09","45.15","43.20","45.47","42.50","107.07K","4.56%"
"2005- 01- 02","43.18","39.40","43.75","38.81","163.61K","6.72%"
"2004- 12- 26","40.46","38.70","40.59","38.40","79.96K","0.97%"
"2004- 12- 19","40.07","43.10","43.40","39.95","138.09K","-7.65%"
"2004- 12- 12","43.39","37.80","43.45","37.00","119.26K","16.08%"
"2004- 12- 05","37.38","39.50","40.52","37.30","180.40K","-5.03%"
"2004- 11- 28","39.36","44.70","46.70","38.85","232.50K","-11.69%"
"2004- 11- 21","44.57","44.95","45.95","43.50","177.94K","-0.71%"
"2004- 11- 14","44.89","42.19","44.90","40.05","220.87K","6.10%"
"2004- 11- 07","42.31","46.30","46.30","42.20","139.63K","-8.85%"
"2004- 10- 31","46.42","49.20","49.60","45.45","219.05K","-5.23%"
"2004- 10- 24","48.98","51.30","51.94","47.68","258.17K","-4.37%"
"2004- 10- 17","51.22","50.30","51.65","47.90","240.27K","2.58%"
"2004- 10- 10","49.93","49.60","51.50","48.50","141.86K","0.44%"
"2004- 10- 03","49.71","46.25","49.75","45.80","194.64K","6.63%"
"2004- 09- 26","46.62","45.70","46.80","45.05","180.40K","2.85%"
"2004- 09- 19","45.33","42.55","45.75","42.10","201.20K","6.78%"
"2004- 09- 12","42.45","41.05","42.52","40.00","209.57K","5.60%"
"2004- 09- 05","40.20","41.30","42.60","40.00","201.24K","-2.50%"
"2004- 08- 29","41.23","39.75","43.04","39.20","182.00K","1.45%"
"2004- 08- 22","40.64","43.88","44.05","39.67","253.14K","-6.66%"
"2004- 08- 15","43.54","43.85","45.15","42.15","193.86K","-0.77%"
"2004- 08- 08","43.88","40.40","43.92","40.27","179.63K","8.00%"
"2004- 08- 01","40.63","39.70","41.50","39.54","203.14K","1.50%"
"2004- 07- 25","40.03","38.50","40.05","37.75","209.16K","4.60%"
"2004- 07- 18","38.27","37.50","38.40","36.96","202.45K","0.71%"
"2004- 07- 11","38.00","36.95","38.58","36.11","156.24K","2.56%"
"2004- 07- 04","37.05","36.10","37.80","36.10","200.25K","3.15%"
"2004- 06- 27","35.92","34.60","36.45","33.08","233.52K","2.72%"
"2004- 06- 20","34.97","36.04","36.59","34.60","265.06K","-3.42%"
"2004- 06- 13","36.21","35.75","36.70","34.73","197.86K","2.17%"
"2004- 06- 06","35.44","35.67","36.55","34.43","209.77K","-0.64%"
"2004- 05- 30","35.67","37.15","39.12","35.50","201.69K","-2.49%"
"2004- 05- 23","36.58","36.10","38.20","35.95","255.22K","0.19%"
"2004- 05- 16","36.51","38.25","38.50","36.35","239.76K","-5.80%"
"2004- 05- 09","38.76","36.74","38.90","35.33","210.46K","4.76%"
"2004- 05- 02","37.00","35.22","37.20","34.95","181.75K","7.31%"
"2004- 04- 25","34.48","33.35","35.00","33.25","241.10K","4.20%"
"2004- 04- 18","33.09","33.58","34.20","32.31","242.50K","-1.63%"
"2004- 04- 11","33.64","33.70","34.05","32.42","126.57K","0.90%"
"2004- 04- 04","33.34","30.80","33.40","30.15","172.14K","10.36%"
"2004- 03- 28","30.21","31.66","33.00","29.95","228.81K","-5.56%"
"2004- 03- 21","31.99","33.04","33.60","31.20","214.00K","-3.82%"
"2004- 03- 14","33.26","32.50","33.82","32.34","192.76K","3.16%"
"2004- 03- 07","32.24","33.51","33.57","31.62","200.49K","-3.33%"
"2004- 02- 29","33.35","32.33","33.58","31.81","198.78K","3.48%"
"2004- 02- 22","32.23","30.55","32.35","30.45","237.57K","5.02%"
"2004- 02- 15","30.69","30.55","31.37","30.00","186.26K","0.39%"
"2004- 02- 08","30.57","29.05","30.78","28.77","184.80K","6.04%"
"2004- 02- 01","28.83","29.00","30.38","28.44","211.87K","-1.20%"
"2004- 01- 25","29.18","30.76","30.83","28.81","258.27K","-5.75%"
"2004- 01- 18","30.96","30.65","31.32","30.20","212.91K","1.61%"
"2004- 01- 11","30.47","31.43","32.12","29.45","182.99K","-2.87%"
"2004- 01- 04","31.37","29.65","31.80","29.65","223.10K","6.99%"
"2003- 12- 28","29.32","29.50","30.20","29.15","78.17K","0.89%"
"2003- 12- 21","29.06","30.00","30.11","28.47","100.00K","-3.29%"
"2003- 12- 14","30.05","29.61","31.15","29.60","168.76K","-1.05%"
"2003- 12- 07","30.37","28.91","30.50","28.89","194.85K","5.67%"
"2003- 11- 30","28.74","28.43","29.65","27.76","232.59K","1.02%"
"2003- 11- 23","28.45","29.01","29.15","27.40","197.32K","-3.10%"
"2003- 11- 16","29.36","29.56","30.52","28.65","261.67K","-0.68%"
"2003- 11- 09","29.56","29.26","29.75","28.65","187.60K","2.25%"
"2003- 11- 02","28.91","27.98","29.20","26.97","210.14K","4.37%"
"2003- 10- 26","27.70","28.66","28.80","26.75","235.65K","-3.08%"
"2003- 10- 19","28.58","28.75","29.25","27.85","245.81K","-1.55%"
"2003- 10- 12","29.03","30.71","31.20","28.55","153.99K","-6.05%"
"2003- 10- 05","30.90","28.94","31.50","28.32","153.52K","7.63%"
"2003- 09- 28","28.71","26.78","28.78","26.74","188.24K","7.77%"
"2003- 09- 21","26.64","25.20","27.20","25.05","197.38K","5.21%"
"2003- 09- 14","25.32","26.77","26.85","25.10","193.21K","-5.42%"
"2003- 09- 07","26.77","27.37","27.72","26.25","184.42K","-1.62%"
"2003- 08- 31","27.21","29.45","29.55","26.81","238.74K","-7.73%"
"2003- 08- 24","29.49","29.40","29.89","29.10","149.68K","-0.71%"
"2003- 08- 17","29.70","29.20","30.15","28.02","177.00K","3.09%"
"2003- 08- 10","28.81","29.85","30.20","28.38","183.79K","-3.93%"
"2003- 08- 03","29.99","29.63","30.59","29.30","194.39K","0.00%"
"2003- 07- 27","29.99","28.00","30.05","27.61","189.06K","6.42%"
"2003- 07- 20","28.18","29.00","29.00","27.29","219.22K","-2.59%"
"2003- 07- 13","28.93","28.95","29.30","28.33","162.79K","-0.89%"
"2003- 07- 06","29.19","27.85","29.60","27.21","177.44K","5.65%"
"2003- 06- 29","27.63","27.55","28.76","27.10","184.76K","1.21%"
"2003- 06- 22","27.30","27.15","27.75","26.51","183.33K","1.04%"
"2003- 06- 15","27.02","26.65","27.16","25.80","236.50K","-1.60%"
"2003- 06- 08","27.46","27.78","28.52","27.10","151.87K","-1.15%"
"2003- 06- 01","27.78","26.70","27.87","26.35","195.79K","5.55%"
"2003- 05- 25","26.32","26.28","26.72","25.27","161.50K","0.30%"
"2003- 05- 18","26.24","26.30","26.70","25.32","228.33K","0.54%"
"2003- 05- 11","26.10","25.58","27.01","24.84","186.80K","3.98%"
"2003- 05- 04","25.10","24.25","25.47","23.37","182.29K","6.72%"
"2003- 04- 27","23.52","23.75","24.39","23.05","198.13K","-2.37%"
"2003- 04- 20","24.09","25.95","26.11","23.50","215.84K","-6.92%"
"2003- 04- 13","25.88","24.65","25.90","24.20","125.76K","4.57%"
"2003- 04- 06","24.75","24.30","25.40","23.40","151.62K","0.28%"
"2003- 03- 30","24.68","26.36","27.56","24.30","185.84K","-6.34%"
"2003- 03- 23","26.35","24.50","27.74","24.50","207.20K","8.21%"
"2003- 03- 16","24.35","30.35","31.65","24.00","266.15K","-22.40%"
"2003- 03- 09","31.38","34.55","34.55","30.55","128.50K","-7.98%"
"2003- 03- 02","34.10","32.45","34.20","32.01","188.48K","4.00%"
"2003- 02- 23","32.79","32.55","33.94","32.20","225.75K","1.61%"
"2003- 02- 16","32.27","32.66","32.66","31.54","163.26K","-0.71%"
"2003- 02- 09","32.50","32.60","33.10","31.58","186.69K","0.49%"
"2003- 02- 02","32.34","30.89","32.50","30.10","189.54K","3.99%"
"2003- 01- 26","31.10","30.75","31.39","29.83","193.63K","2.00%"
"2003- 01- 19","30.49","30.75","31.21","29.60","218.62K","-0.16%"
"2003- 01- 12","30.54","29.30","31.80","29.20","144.42K","2.93%"
"2003- 01- 05","29.67","30.69","30.88","27.85","219.41K","-3.57%"
"2002- 12- 29","30.77","30.60","31.02","28.64","107.39K","2.02%"
"2002- 12- 22","30.16","28.90","30.39","28.82","71.30K","6.42%"
"2002- 12- 15","28.34","27.71","29.40","27.55","190.95K","4.15%"
"2002- 12- 08","27.21","25.90","27.74","25.47","173.51K","6.87%"
"2002- 12- 01","25.46","25.35","26.10","25.12","194.19K","1.19%"
"2002- 11- 24","25.16","25.51","25.71","24.65","169.35K","-0.20%"
"2002- 11- 17","25.21","23.59","25.33","23.52","222.07K","7.97%"
"2002- 11- 10","23.35","23.75","24.30","22.56","185.18K","-0.98%"
"2002- 11- 03","23.58","25.25","25.54","23.25","256.90K","-7.20%"
"2002- 10- 27","25.41","25.60","26.05","25.05","187.92K","-0.20%"
"2002- 10- 20","25.46","27.72","27.75","25.35","233.68K","-8.55%"
"2002- 10- 13","27.84","28.06","28.78","27.55","131.46K","-0.54%"
"2002- 10- 06","27.99","28.50","28.60","27.35","145.45K","-0.46%"
"2002- 09- 29","28.12","29.30","29.39","27.90","185.78K","-2.63%"
"2002- 09- 22","28.88","28.86","29.88","28.66","159.71K","1.58%"
"2002- 09- 15","28.43","28.68","28.70","27.27","182.40K","0.42%"
"2002- 09- 08","28.31","28.61","29.02","27.48","115.93K","0.07%"
"2002- 09- 01","28.29","27.40","28.95","26.45","187.46K","2.99%"
"2002- 08- 25","27.47","27.68","27.92","26.77","141.55K","1.78%"
"2002- 08- 18","26.99","26.80","27.68","26.75","202.52K","-0.04%"
"2002- 08- 11","27.00","25.30","27.20","25.00","132.01K","6.55%"
"2002- 08- 04","25.34","25.35","25.56","24.73","146.87K","0.12%"
"2002- 07- 28","25.31","25.03","26.01","24.65","179.42K","1.12%"
"2002- 07- 21","25.03","25.23","26.15","24.65","207.32K","-5.30%"
"2002- 07- 14","26.43","26.50","26.66","25.85","170.36K","0.42%"
"2002- 07- 07","26.32","25.70","26.44","24.75","146.75K","2.29%"
"2002- 06- 30","25.73","25.50","25.97","25.39","122.67K","0.59%"
"2002- 06- 23","25.58","24.89","25.85","24.66","188.28K","3.35%"
"2002- 06- 16","24.75","25.28","25.64","24.35","190.95K","-0.96%"
"2002- 06- 09","24.99","23.94","25.10","23.22","166.67K","4.17%"
"2002- 06- 02","23.99","24.10","24.55","23.63","97.89K","-1.88%"
"2002- 05- 26","24.45","25.27","25.30","23.93","179.03K","-2.90%"
"2002- 05- 19","25.18","26.36","26.67","24.98","235.28K","-4.48%"
"2002- 05- 12","26.36","25.90","27.35","25.75","141.78K","-0.08%"
"2002- 05- 05","26.38","25.40","26.56","24.78","133.75K","2.45%"
"2002- 04- 28","25.75","25.95","26.73","24.79","200.34K","-1.68%"
"2002- 04- 21","26.19","26.30","26.39","25.32","212.90K","1.32%"
"2002- 04- 14","25.85","24.62","26.05","24.08","221.55K","6.42%"
"2002- 04- 07","24.29","26.78","27.43","23.81","147.16K","-6.54%"
"2002- 03- 31","25.99","26.36","28.15","25.30","169.78K","0.27%"
"2002- 03- 24","25.92","25.15","25.95","24.65","133.87K","2.21%"
"2002- 03- 17","25.36","24.40","25.68","24.16","191.03K","3.30%"
"2002- 03- 10","24.55","23.80","24.85","23.37","124.58K","5.23%"
"2002- 03- 03","23.33","21.85","24.15","21.62","193.71K","6.58%"
"2002- 02- 24","21.89","20.30","22.25","19.85","229.43K","7.46%"
"2002- 02- 17","20.37","20.87","20.89","19.80","137.47K","-2.40%"
"2002- 02- 10","20.87","19.65","21.71","19.50","180.87K","5.83%"
"2002- 02- 03","19.72","19.80","19.92","18.85","162.83K","-1.30%"
"2002- 01- 27","19.98","19.60","20.03","18.38","202.17K","3.15%"
"2002- 01- 20","19.37","18.52","19.60","18.41","168.09K","4.99%"
"2002- 01- 13","18.45","20.60","20.68","18.23","133.69K","-11.55%"
"2002- 01- 06","20.86","22.00","22.40","20.45","157.45K","-5.95%"
"2001- 12- 30","22.18","20.20","22.20","19.46","107.34K","9.26%"
"2001- 12- 23","20.30","19.58","20.90","19.32","60.06K","4.86%"
"2001- 12- 16","19.36","19.05","19.86","18.65","159.55K","5.33%"
"2001- 12- 09","18.38","18.70","18.70","17.70","129.10K","-3.42%"
"2001- 12- 02","19.03","18.92","20.25","17.75","177.30K","-0.57%"
"2001- 11- 25","19.14","18.60","19.22","17.98","173.95K","-0.73%"
"2001- 11- 18","19.28","17.40","20.08","16.65","196.11K","8.62%"
"2001- 11- 11","17.75","21.63","21.63","16.80","159.32K","-16.98%"
"2001- 11- 04","21.38","19.72","21.65","18.81","161.89K","8.14%"
"2001- 10- 28","19.77","21.25","21.52","19.04","179.46K","-5.95%"
"2001- 10- 21","21.02","21.33","21.59","20.53","181.02K","-1.55%"
"2001- 10- 14","21.35","21.70","21.93","20.32","129.60K","-1.75%"
"2001- 10- 07","21.73","21.80","23.02","21.22","120.78K","0.46%"
"2001- 09- 30","21.63","23.20","23.25","21.29","162.19K","-7.01%"
"2001- 09- 23","23.26","25.10","25.16","20.70","262.19K","-8.57%"
"2001- 09- 16","25.44","29.43","29.80","25.29","282.23K","-13.56%"
"2001- 09- 09","29.43","27.60","31.05","27.25","173.95K","6.28%"
"2001- 09- 02","27.69","26.50","27.80","26.06","160.71K","4.85%"
"2001- 08- 26","26.41","25.85","26.79","25.80","119.54K","1.77%"
"2001- 08- 19","25.95","24.68","26.20","24.50","164.99K","4.93%"
"2001- 08- 12","24.73","26.15","26.33","24.65","128.75K","-4.81%"
"2001- 08- 05","25.98","25.62","26.55","25.51","110.69K","1.13%"
"2001- 07- 29","25.69","25.19","26.18","24.67","121.19K","1.98%"
"2001- 07- 22","25.19","25.10","25.51","24.70","149.52K","2.23%"
"2001- 07- 15","24.64","24.95","25.54","23.97","173.15K","-1.32%"
"2001- 07- 08","24.97","26.70","26.76","24.53","156.72K","-6.86%"
"2001- 07- 01","26.81","26.30","26.90","25.07","132.71K","2.80%"
"2001- 06- 24","26.08","26.65","27.31","24.91","189.70K","-1.92%"
"2001- 06- 17","26.59","28.08","28.08","25.87","205.79K","-5.44%"
"2001- 06- 10","28.12","29.72","30.00","27.98","104.41K","-4.48%"
"2001- 06- 03","29.44","29.43","29.71","28.43","131.28K","1.27%"
"2001- 05- 27","29.07","28.47","29.35","28.38","128.00K","2.07%"
"2001- 05- 20","28.48","29.68","29.68","28.20","176.38K","-3.10%"
"2001- 05- 13","29.39","28.19","29.45","27.78","103.83K","4.26%"
"2001- 05- 06","28.19","27.60","28.80","27.50","79.25K","0.00%"
"2001- 04- 29","28.19","27.90","28.48","27.01","160.76K","1.44%"
"2001- 04- 22","27.79","26.35","28.00","26.20","165.37K","5.31%"
"2001- 04- 15","26.39","27.95","28.25","26.35","145.00K","-3.58%"
"2001- 04- 08","27.37","25.15","27.87","25.08","109.55K","8.74%"
"2001- 04- 01","25.17","24.85","25.95","24.10","148.28K","1.74%"
"2001- 03- 25","24.74","25.54","25.97","24.33","155.58K","-2.52%"
"2001- 03- 18","25.38","25.30","25.58","24.50","175.09K","1.32%"
"2001- 03- 11","25.05","26.10","26.25","23.75","126.09K","-4.86%"
"2001- 03- 04","26.33","26.18","27.25","26.18","116.38K","1.27%"
"2001- 02- 25","26.00","26.50","26.67","25.40","146.43K","-1.96%"
"2001- 02- 18","26.52","27.40","27.62","26.05","132.89K","-1.38%"
"2001- 02- 11","26.89","29.30","29.39","26.35","135.03K","-8.07%"
"2001- 02- 04","29.25","29.20","30.36","28.08","95.52K","0.21%"
"2001- 01- 28","29.19","26.85","29.30","26.25","171.93K","8.19%"
"2001- 01- 21","26.98","26.90","27.28","25.83","152.22K","-0.22%"
"2001- 01- 14","27.04","25.98","27.16","24.33","148.36K","5.01%"
"2001- 01- 07","25.75","25.33","25.90","24.12","131.12K","2.26%"
"2000- 12- 31","25.18","24.40","26.02","24.20","129.40K","5.49%"
"2000- 12- 24","23.87","24.30","24.54","23.02","64.73K","0.89%"
"2000- 12- 17","23.66","26.14","26.84","22.90","149.60K","-8.61%"
"2000- 12- 10","25.89","26.98","27.82","25.00","85.80K","-2.52%"
"2000- 12- 03","26.56","30.50","30.81","26.13","171.98K","-11.97%"
"2000- 11- 26","30.17","33.00","33.45","30.10","160.10K","-8.91%"
"2000- 11- 19","33.12","33.38","33.95","32.65","102.92K","0.12%"
"2000- 11- 12","33.08","32.30","34.00","31.95","107.90K","3.31%"
"2000- 11- 05","32.02","30.63","32.20","30.40","125.04K","3.79%"
"2000- 10- 29","30.85","30.74","31.71","30.32","131.04K","-0.32%"
"2000- 10- 22","30.95","32.05","32.29","30.75","147.38K","-2.12%"
"2000- 10- 15","31.62","31.95","32.97","30.56","148.67K","-2.77%"
"2000- 10- 08","32.52","30.70","35.30","30.24","109.39K","8.04%"
"2000- 10- 01","30.10","30.20","31.27","29.42","110.67K","0.87%"
"2000- 09- 24","29.84","30.25","31.27","29.25","175.06K","-4.51%"
"2000- 09- 17","31.25","33.80","34.98","31.20","218.40K","-8.03%"
"2000- 09- 10","33.98","32.20","34.37","31.30","142.29K","3.66%"
"2000- 09- 03","32.78","31.95","34.60","31.95","160.77K","2.92%"
"2000- 08- 27","31.85","31.49","32.12","30.67","92.79K","4.80%"
"2000- 08- 20","30.39","30.60","31.24","29.90","154.01K","-0.16%"
"2000- 08- 13","30.44","30.50","32.80","30.00","106.95K","-0.43%"
"2000- 08- 06","30.57","29.45","31.44","28.37","112.67K","4.09%"
"2000- 07- 30","29.37","27.35","29.55","26.65","140.39K","7.35%"
"2000- 07- 23","27.36","27.50","27.67","26.78","155.79K","-0.58%"
"2000- 07- 16","27.52","28.90","29.80","27.47","200.66K","-7.90%"
"2000- 07- 09","29.88","29.35","30.30","28.51","121.23K","0.61%"
"2000- 07- 02","29.70","30.65","31.25","28.55","157.31K","-2.85%"
"2000- 06- 25","30.57","30.65","31.15","29.36","141.82K","0.59%"
"2000- 06- 18","30.39","27.95","30.60","27.58","180.62K","7.20%"
"2000- 06- 11","28.35","29.85","31.70","27.69","148.10K","-4.16%"
"2000- 06- 04","29.58","29.40","29.63","27.90","140.56K","1.82%"
"2000- 05- 28","29.05","28.65","29.52","28.20","112.20K","-0.58%"
"2000- 05- 21","29.22","28.55","29.47","27.10","152.17K","2.20%"
"2000- 05- 14","28.59","27.64","29.20","27.48","139.71K","1.93%"
"2000- 05- 07","28.05","25.30","28.38","25.25","123.25K","10.91%"
"2000- 04- 30","25.29","24.10","25.70","24.05","127.58K","5.86%"
"2000- 04- 23","23.89","23.85","24.35","22.95","128.47K","0.25%"
"2000- 04- 16","23.83","22.15","24.00","21.90","127.44K","6.34%"
"2000- 04- 09","22.41","22.40","23.20","21.30","130.42K","-0.75%"
"2000- 04- 02","22.58","25.00","25.22","22.50","134.00K","-8.84%"
"2000- 03- 26","24.77","25.65","25.96","24.25","158.26K","-4.40%"
"2000- 03- 19","25.91","26.40","26.43","25.14","163.34K","-2.45%"
"2000- 03- 12","26.56","28.90","29.13","26.45","115.84K","-8.22%"
"2000- 03- 05","28.94","28.95","31.95","28.30","139.34K","-0.17%"
"2000- 02- 27","28.99","27.20","29.47","27.20","143.38K","5.49%"
"2000- 02- 20","27.48","26.35","28.00","25.73","147.88K","4.81%"
"2000- 02- 13","26.22","27.85","28.78","26.20","125.26K","-5.75%"
"2000- 02- 06","27.82","26.85","28.20","26.06","148.84K","2.77%"
"2000- 01- 30","27.07","25.40","27.10","25.21","185.63K","5.41%"
"2000- 01- 23","25.68","26.68","26.95","25.38","171.39K","-2.54%"
"2000- 01- 16","26.35","25.55","27.11","25.42","188.49K","3.46%"
"2000- 01- 09","25.47","23.04","25.56","23.04","103.38K","10.31%"